customer_id,company_name,signup_date,region_id,acquisition_channel,company_size
C00001,SaaS Customer 00001,2023-04-22,R01,Paid Search,Large
C00002,SaaS Customer 00002,2025-08-23,R06,Referral,Small
C00003,SaaS Customer 00003,2025-03-27,R08,Organic Search,Small
C00004,SaaS Customer 00004,2024-07-01,R06,Paid Search,Large
C00005,SaaS Customer 00005,2024-06-24,R02,Partner,Medium
C00006,SaaS Customer 00006,2025-12-07,R01,Referral,Small
C00007,SaaS Customer 00007,2023-04-18,R08,Outbound,Medium
C00008,SaaS Customer 00008,2025-05-20,R08,Referral,Medium
C00009,SaaS Customer 00009,2023-09-09,R05,Partner,Large
C00010,SaaS Customer 00010,2023-04-28,R06,Partner,Medium
C00011,SaaS Customer 00011,2024-10-19,R04,Partner,Small
C00012,SaaS Customer 00012,2026-05-02,R03,Partner,Small
C00013,SaaS Customer 00013,2025-07-07,R01,Organic Search,Small
C00014,SaaS Customer 00014,2025-08-07,R01,Referral,Medium
C00015,SaaS Customer 00015,2025-06-14,R01,Referral,Medium
C00016,SaaS Customer 00016,2025-09-08,R06,Partner,Large
C00017,SaaS Customer 00017,2024-10-02,R01,Outbound,Medium
C00018,SaaS Customer 00018,2023-06-09,R01,Referral,Small
C00019,SaaS Customer 00019,2025-11-14,R05,Paid Search,Small
C00020,SaaS Customer 00020,2024-07-16,R01,Organic Search,Small
C00021,SaaS Customer 00021,2024-09-16,R01,Organic Search,Small
C00022,SaaS Customer 00022,2024-04-07,R05,Paid Search,Medium
C00023,SaaS Customer 00023,2023-08-16,R03,Paid Search,Enterprise
C00024,SaaS Customer 00024,2026-03-02,R06,Organic Search,Small
C00025,SaaS Customer 00025,2025-09-02,R07,Organic Search,Medium
C00026,SaaS Customer 00026,2025-03-14,R01,Organic Search,Small
C00027,SaaS Customer 00027,2024-05-17,R07,Referral,Medium
C00028,SaaS Customer 00028,2025-10-23,R07,Referral,Small
C00029,SaaS Customer 00029,2024-11-11,R06,Paid Search,Medium
C00030,SaaS Customer 00030,2024-07-07,R06,Organic Search,Small
C00031,SaaS Customer 00031,2024-07-16,R06,Organic Search,Small
C00032,SaaS Customer 00032,2023-10-11,R06,Organic Search,Medium
C00033,SaaS Customer 00033,2023-04-25,R06,Paid Search,Small
C00034,SaaS Customer 00034,2024-11-23,R01,Organic Search,Medium
C00035,SaaS Customer 00035,2026-01-13,R08,Paid Search,Small
C00036,SaaS Customer 00036,2023-03-21,R05,Outbound,Enterprise
C00037,SaaS Customer 00037,2025-12-07,R06,Paid Search,Small
C00038,SaaS Customer 00038,2025-10-29,R03,Referral,Medium
C00039,SaaS Customer 00039,2023-12-12,R01,Organic Search,Large
C00040,SaaS Customer 00040,2025-02-27,R04,Organic Search,Medium
C00041,SaaS Customer 00041,2023-07-26,R04,Outbound,Small
C00042,SaaS Customer 00042,2025-08-04,R03,Paid Search,Medium
C00043,SaaS Customer 00043,2025-05-24,R03,Partner,Small
C00044,SaaS Customer 00044,2024-03-18,R02,Outbound,Medium
C00045,SaaS Customer 00045,2023-03-26,R04,Partner,Medium
C00046,SaaS Customer 00046,2026-04-26,R03,Paid Search,Large
C00047,SaaS Customer 00047,2024-07-10,R08,Partner,Large
C00048,SaaS Customer 00048,2026-01-19,R01,Organic Search,Small
C00049,SaaS Customer 00049,2025-04-26,R03,Organic Search,Small
C00050,SaaS Customer 00050,2025-08-29,R02,Organic Search,Small
C00051,SaaS Customer 00051,2025-08-06,R05,Outbound,Medium
C00052,SaaS Customer 00052,2023-08-31,R04,Referral,Small
C00053,SaaS Customer 00053,2024-03-30,R06,Paid Search,Medium
C00054,SaaS Customer 00054,2024-08-05,R08,Organic Search,Medium
C00055,SaaS Customer 00055,2024-09-13,R02,Referral,Enterprise
C00056,SaaS Customer 00056,2023-02-24,R06,Outbound,Small
C00057,SaaS Customer 00057,2024-11-13,R01,Paid Search,Small
C00058,SaaS Customer 00058,2023-07-12,R02,Paid Search,Small
C00059,SaaS Customer 00059,2025-07-16,R04,Outbound,Medium
C00060,SaaS Customer 00060,2025-05-02,R01,Outbound,Small
C00061,SaaS Customer 00061,2026-02-25,R06,Outbound,Small
C00062,SaaS Customer 00062,2025-07-18,R06,Paid Search,Small
C00063,SaaS Customer 00063,2024-04-02,R06,Organic Search,Large
C00064,SaaS Customer 00064,2026-04-22,R04,Paid Search,Enterprise
C00065,SaaS Customer 00065,2024-05-27,R06,Paid Search,Small
C00066,SaaS Customer 00066,2024-02-11,R03,Outbound,Small
C00067,SaaS Customer 00067,2026-02-04,R01,Organic Search,Medium
C00068,SaaS Customer 00068,2024-04-07,R01,Partner,Small
C00069,SaaS Customer 00069,2023-04-06,R06,Outbound,Enterprise
C00070,SaaS Customer 00070,2024-08-09,R08,Outbound,Medium
C00071,SaaS Customer 00071,2025-09-20,R01,Partner,Medium
C00072,SaaS Customer 00072,2023-08-25,R05,Outbound,Enterprise
C00073,SaaS Customer 00073,2024-07-31,R06,Organic Search,Medium
C00074,SaaS Customer 00074,2023-06-12,R06,Paid Search,Small
C00075,SaaS Customer 00075,2025-05-06,R05,Organic Search,Medium
C00076,SaaS Customer 00076,2024-08-16,R06,Outbound,Small
C00077,SaaS Customer 00077,2024-02-17,R06,Outbound,Medium
C00078,SaaS Customer 00078,2023-10-11,R07,Organic Search,Enterprise
C00079,SaaS Customer 00079,2024-12-05,R01,Organic Search,Small
C00080,SaaS Customer 00080,2025-04-15,R07,Paid Search,Medium
C00081,SaaS Customer 00081,2026-03-19,R01,Organic Search,Small
C00082,SaaS Customer 00082,2024-06-29,R06,Referral,Small
C00083,SaaS Customer 00083,2023-07-20,R01,Organic Search,Medium
C00084,SaaS Customer 00084,2025-11-05,R01,Referral,Large
C00085,SaaS Customer 00085,2025-02-24,R01,Partner,Medium
C00086,SaaS Customer 00086,2025-05-23,R04,Paid Search,Small
C00087,SaaS Customer 00087,2023-05-02,R03,Organic Search,Small
C00088,SaaS Customer 00088,2024-01-25,R01,Outbound,Medium
C00089,SaaS Customer 00089,2025-08-16,R04,Partner,Medium
C00090,SaaS Customer 00090,2025-11-04,R03,Paid Search,Large
C00091,SaaS Customer 00091,2024-06-27,R06,Paid Search,Medium
C00092,SaaS Customer 00092,2025-10-01,R07,Outbound,Large
C00093,SaaS Customer 00093,2025-11-16,R06,Referral,Large
C00094,SaaS Customer 00094,2024-04-28,R01,Referral,Small
C00095,SaaS Customer 00095,2026-01-25,R02,Partner,Medium
C00096,SaaS Customer 00096,2023-12-26,R07,Outbound,Large
C00097,SaaS Customer 00097,2023-10-26,R01,Paid Search,Enterprise
C00098,SaaS Customer 00098,2025-05-01,R03,Referral,Medium
C00099,SaaS Customer 00099,2025-03-05,R08,Paid Search,Medium
C00100,SaaS Customer 00100,2023-06-24,R08,Partner,Small
C00101,SaaS Customer 00101,2025-11-05,R03,Outbound,Large
C00102,SaaS Customer 00102,2023-09-07,R06,Outbound,Enterprise
C00103,SaaS Customer 00103,2025-10-01,R04,Partner,Enterprise
C00104,SaaS Customer 00104,2023-01-10,R06,Partner,Small
C00105,SaaS Customer 00105,2025-09-21,R01,Outbound,Small
C00106,SaaS Customer 00106,2025-09-09,R01,Outbound,Large
C00107,SaaS Customer 00107,2025-08-31,R06,Referral,Medium
C00108,SaaS Customer 00108,2025-04-09,R01,Organic Search,Large
C00109,SaaS Customer 00109,2024-08-11,R06,Paid Search,Small
C00110,SaaS Customer 00110,2025-05-30,R03,Outbound,Large
C00111,SaaS Customer 00111,2023-12-12,R07,Referral,Medium
C00112,SaaS Customer 00112,2025-09-01,R06,Referral,Small
C00113,SaaS Customer 00113,2024-11-24,R04,Referral,Small
C00114,SaaS Customer 00114,2024-07-26,R06,Paid Search,Medium
C00115,SaaS Customer 00115,2024-09-22,R02,Paid Search,Small
C00116,SaaS Customer 00116,2024-12-10,R04,Referral,Large
C00117,SaaS Customer 00117,2023-02-16,R01,Paid Search,Medium
C00118,SaaS Customer 00118,2023-06-24,R07,Referral,Medium
C00119,SaaS Customer 00119,2023-11-03,R06,Referral,Small
C00120,SaaS Customer 00120,2023-05-23,R07,Referral,Enterprise
C00121,SaaS Customer 00121,2024-07-02,R07,Paid Search,Medium
C00122,SaaS Customer 00122,2025-04-14,R08,Referral,Large
C00123,SaaS Customer 00123,2025-03-27,R01,Organic Search,Large
C00124,SaaS Customer 00124,2024-08-10,R08,Organic Search,Medium
C00125,SaaS Customer 00125,2025-12-03,R05,Paid Search,Enterprise
C00126,SaaS Customer 00126,2024-12-06,R03,Organic Search,Medium
C00127,SaaS Customer 00127,2023-04-09,R05,Outbound,Medium
C00128,SaaS Customer 00128,2025-08-12,R03,Outbound,Small
C00129,SaaS Customer 00129,2024-12-18,R02,Organic Search,Small
C00130,SaaS Customer 00130,2025-03-03,R02,Referral,Large
C00131,SaaS Customer 00131,2024-12-06,R01,Paid Search,Small
C00132,SaaS Customer 00132,2024-11-21,R04,Referral,Medium
C00133,SaaS Customer 00133,2023-04-24,R07,Outbound,Enterprise
C00134,SaaS Customer 00134,2024-11-28,R06,Partner,Medium
C00135,SaaS Customer 00135,2025-09-19,R04,Organic Search,Small
C00136,SaaS Customer 00136,2024-01-15,R03,Organic Search,Medium
C00137,SaaS Customer 00137,2025-01-22,R04,Paid Search,Small
C00138,SaaS Customer 00138,2023-02-08,R01,Outbound,Large
C00139,SaaS Customer 00139,2024-03-09,R06,Partner,Medium
C00140,SaaS Customer 00140,2024-06-29,R01,Paid Search,Medium
C00141,SaaS Customer 00141,2026-05-11,R06,Organic Search,Medium
C00142,SaaS Customer 00142,2023-09-25,R06,Outbound,Medium
C00143,SaaS Customer 00143,2023-12-12,R05,Paid Search,Small
C00144,SaaS Customer 00144,2024-05-24,R07,Referral,Small
C00145,SaaS Customer 00145,2026-05-23,R02,Referral,Small
C00146,SaaS Customer 00146,2025-12-01,R07,Organic Search,Large
C00147,SaaS Customer 00147,2023-02-13,R06,Organic Search,Small
C00148,SaaS Customer 00148,2023-10-19,R06,Paid Search,Small
C00149,SaaS Customer 00149,2025-10-22,R06,Paid Search,Small
C00150,SaaS Customer 00150,2023-03-14,R07,Referral,Medium
C00151,SaaS Customer 00151,2025-12-03,R08,Referral,Small
C00152,SaaS Customer 00152,2023-12-18,R03,Organic Search,Large
C00153,SaaS Customer 00153,2026-02-19,R06,Partner,Small
C00154,SaaS Customer 00154,2024-01-02,R06,Organic Search,Medium
C00155,SaaS Customer 00155,2024-06-26,R04,Organic Search,Small
C00156,SaaS Customer 00156,2025-04-06,R07,Referral,Medium
C00157,SaaS Customer 00157,2023-06-07,R03,Referral,Small
C00158,SaaS Customer 00158,2024-11-26,R05,Referral,Large
C00159,SaaS Customer 00159,2024-09-22,R01,Organic Search,Enterprise
C00160,SaaS Customer 00160,2025-09-05,R01,Partner,Small
C00161,SaaS Customer 00161,2026-05-28,R07,Paid Search,Enterprise
C00162,SaaS Customer 00162,2025-04-09,R03,Outbound,Small
C00163,SaaS Customer 00163,2024-05-25,R03,Partner,Medium
C00164,SaaS Customer 00164,2024-05-22,R02,Outbound,Medium
C00165,SaaS Customer 00165,2024-06-05,R04,Organic Search,Small
C00166,SaaS Customer 00166,2025-10-12,R06,Paid Search,Medium
C00167,SaaS Customer 00167,2024-02-05,R07,Referral,Small
C00168,SaaS Customer 00168,2023-07-28,R01,Paid Search,Medium
C00169,SaaS Customer 00169,2024-02-22,R05,Partner,Small
C00170,SaaS Customer 00170,2023-01-29,R04,Partner,Large
C00171,SaaS Customer 00171,2023-05-13,R06,Outbound,Small
C00172,SaaS Customer 00172,2023-04-23,R04,Organic Search,Enterprise
C00173,SaaS Customer 00173,2025-08-20,R03,Outbound,Small
C00174,SaaS Customer 00174,2025-06-20,R04,Paid Search,Medium
C00175,SaaS Customer 00175,2025-05-19,R05,Paid Search,Small
C00176,SaaS Customer 00176,2024-07-30,R04,Partner,Small
C00177,SaaS Customer 00177,2025-06-13,R04,Organic Search,Small
C00178,SaaS Customer 00178,2023-07-21,R06,Outbound,Medium
C00179,SaaS Customer 00179,2026-01-28,R06,Outbound,Small
C00180,SaaS Customer 00180,2024-09-17,R03,Outbound,Medium
C00181,SaaS Customer 00181,2026-03-16,R06,Outbound,Enterprise
C00182,SaaS Customer 00182,2023-07-10,R07,Referral,Small
C00183,SaaS Customer 00183,2024-09-12,R01,Paid Search,Small
C00184,SaaS Customer 00184,2025-05-19,R05,Outbound,Small
C00185,SaaS Customer 00185,2024-09-10,R02,Organic Search,Small
C00186,SaaS Customer 00186,2024-07-10,R06,Referral,Medium
C00187,SaaS Customer 00187,2023-07-27,R01,Paid Search,Large
C00188,SaaS Customer 00188,2024-04-20,R06,Referral,Small
C00189,SaaS Customer 00189,2023-10-25,R02,Paid Search,Small
C00190,SaaS Customer 00190,2024-01-12,R04,Paid Search,Medium
C00191,SaaS Customer 00191,2025-05-03,R08,Organic Search,Small
C00192,SaaS Customer 00192,2025-02-25,R03,Paid Search,Medium
C00193,SaaS Customer 00193,2025-01-27,R07,Paid Search,Enterprise
C00194,SaaS Customer 00194,2024-03-27,R08,Organic Search,Small
C00195,SaaS Customer 00195,2026-04-12,R07,Organic Search,Medium
C00196,SaaS Customer 00196,2023-04-20,R01,Partner,Large
C00197,SaaS Customer 00197,2024-03-03,R06,Paid Search,Medium
C00198,SaaS Customer 00198,2023-05-28,R01,Referral,Large
C00199,SaaS Customer 00199,2024-02-28,R03,Organic Search,Large
C00200,SaaS Customer 00200,2026-04-15,R07,Partner,Medium
C00201,SaaS Customer 00201,2024-04-02,R06,Organic Search,Medium
C00202,SaaS Customer 00202,2026-02-07,R05,Partner,Medium
C00203,SaaS Customer 00203,2024-09-09,R03,Partner,Medium
C00204,SaaS Customer 00204,2025-05-23,R06,Partner,Medium
C00205,SaaS Customer 00205,2024-07-24,R06,Paid Search,Small
C00206,SaaS Customer 00206,2023-11-28,R04,Paid Search,Large
C00207,SaaS Customer 00207,2025-08-11,R07,Organic Search,Small
C00208,SaaS Customer 00208,2026-04-24,R01,Paid Search,Small
C00209,SaaS Customer 00209,2023-11-25,R01,Paid Search,Small
C00210,SaaS Customer 00210,2025-08-29,R06,Referral,Small
C00211,SaaS Customer 00211,2023-11-22,R08,Paid Search,Medium
C00212,SaaS Customer 00212,2025-06-13,R02,Referral,Small
C00213,SaaS Customer 00213,2025-09-11,R02,Paid Search,Medium
C00214,SaaS Customer 00214,2024-07-14,R01,Organic Search,Medium
C00215,SaaS Customer 00215,2025-07-08,R07,Organic Search,Small
C00216,SaaS Customer 00216,2023-12-06,R01,Organic Search,Small
C00217,SaaS Customer 00217,2023-04-09,R04,Partner,Medium
C00218,SaaS Customer 00218,2023-05-01,R08,Referral,Large
C00219,SaaS Customer 00219,2024-07-11,R01,Referral,Small
C00220,SaaS Customer 00220,2026-01-31,R05,Paid Search,Small
C00221,SaaS Customer 00221,2023-06-09,R04,Organic Search,Small
C00222,SaaS Customer 00222,2024-07-22,R06,Outbound,Small
C00223,SaaS Customer 00223,2025-05-28,R03,Organic Search,Small
C00224,SaaS Customer 00224,2023-09-10,R03,Paid Search,Enterprise
C00225,SaaS Customer 00225,2025-06-19,R01,Outbound,Small
C00226,SaaS Customer 00226,2024-01-17,R06,Paid Search,Small
C00227,SaaS Customer 00227,2025-10-06,R06,Organic Search,Large
C00228,SaaS Customer 00228,2024-12-23,R01,Organic Search,Medium
C00229,SaaS Customer 00229,2024-11-13,R03,Partner,Medium
C00230,SaaS Customer 00230,2023-08-09,R07,Organic Search,Medium
C00231,SaaS Customer 00231,2024-08-01,R01,Partner,Enterprise
C00232,SaaS Customer 00232,2025-12-05,R02,Paid Search,Small
C00233,SaaS Customer 00233,2023-01-25,R05,Paid Search,Small
C00234,SaaS Customer 00234,2025-08-04,R03,Organic Search,Large
C00235,SaaS Customer 00235,2024-09-06,R02,Referral,Large
C00236,SaaS Customer 00236,2025-06-16,R04,Paid Search,Enterprise
C00237,SaaS Customer 00237,2025-04-07,R01,Referral,Small
C00238,SaaS Customer 00238,2024-06-23,R04,Paid Search,Enterprise
C00239,SaaS Customer 00239,2024-01-21,R06,Organic Search,Small
C00240,SaaS Customer 00240,2025-02-21,R05,Paid Search,Medium
C00241,SaaS Customer 00241,2023-06-24,R01,Paid Search,Large
C00242,SaaS Customer 00242,2024-12-29,R07,Paid Search,Small
C00243,SaaS Customer 00243,2023-04-29,R01,Referral,Small
C00244,SaaS Customer 00244,2025-03-22,R06,Outbound,Medium
C00245,SaaS Customer 00245,2025-02-23,R03,Referral,Large
C00246,SaaS Customer 00246,2023-04-16,R06,Partner,Small
C00247,SaaS Customer 00247,2025-08-03,R01,Partner,Large
C00248,SaaS Customer 00248,2024-06-02,R01,Partner,Small
C00249,SaaS Customer 00249,2025-09-09,R04,Paid Search,Small
C00250,SaaS Customer 00250,2023-02-21,R01,Referral,Small
C00251,SaaS Customer 00251,2023-08-12,R01,Outbound,Enterprise
C00252,SaaS Customer 00252,2024-09-08,R06,Organic Search,Small
C00253,SaaS Customer 00253,2023-08-23,R06,Outbound,Medium
C00254,SaaS Customer 00254,2024-02-16,R01,Referral,Small
C00255,SaaS Customer 00255,2025-04-04,R07,Paid Search,Enterprise
C00256,SaaS Customer 00256,2023-06-30,R06,Outbound,Large
C00257,SaaS Customer 00257,2025-04-25,R07,Organic Search,Small
C00258,SaaS Customer 00258,2023-05-10,R06,Organic Search,Small
C00259,SaaS Customer 00259,2023-08-07,R06,Paid Search,Small
C00260,SaaS Customer 00260,2025-01-03,R04,Partner,Small
C00261,SaaS Customer 00261,2025-09-17,R06,Paid Search,Large
C00262,SaaS Customer 00262,2023-08-01,R07,Outbound,Medium
C00263,SaaS Customer 00263,2024-01-10,R01,Organic Search,Medium
C00264,SaaS Customer 00264,2026-02-28,R03,Paid Search,Medium
C00265,SaaS Customer 00265,2026-05-20,R01,Partner,Medium
C00266,SaaS Customer 00266,2024-12-26,R08,Organic Search,Small
C00267,SaaS Customer 00267,2024-07-11,R04,Referral,Small
C00268,SaaS Customer 00268,2024-03-08,R06,Paid Search,Small
C00269,SaaS Customer 00269,2025-02-03,R07,Outbound,Medium
C00270,SaaS Customer 00270,2025-01-07,R08,Referral,Small
C00271,SaaS Customer 00271,2024-01-03,R01,Organic Search,Medium
C00272,SaaS Customer 00272,2023-01-29,R06,Organic Search,Small
C00273,SaaS Customer 00273,2023-07-09,R07,Organic Search,Medium
C00274,SaaS Customer 00274,2026-04-11,R01,Outbound,Small
C00275,SaaS Customer 00275,2024-06-05,R06,Referral,Medium
C00276,SaaS Customer 00276,2024-08-24,R03,Paid Search,Small
C00277,SaaS Customer 00277,2024-08-05,R06,Organic Search,Small
C00278,SaaS Customer 00278,2025-09-03,R04,Outbound,Small
C00279,SaaS Customer 00279,2023-03-23,R02,Organic Search,Medium
C00280,SaaS Customer 00280,2023-04-14,R01,Referral,Large
C00281,SaaS Customer 00281,2023-12-11,R01,Referral,Small
C00282,SaaS Customer 00282,2024-08-30,R01,Paid Search,Large
C00283,SaaS Customer 00283,2025-04-17,R06,Paid Search,Medium
C00284,SaaS Customer 00284,2024-09-04,R03,Organic Search,Medium
C00285,SaaS Customer 00285,2024-07-04,R01,Paid Search,Medium
C00286,SaaS Customer 00286,2026-03-16,R06,Outbound,Small
C00287,SaaS Customer 00287,2023-07-20,R06,Referral,Medium
C00288,SaaS Customer 00288,2024-12-14,R05,Referral,Large
C00289,SaaS Customer 00289,2024-11-07,R08,Partner,Large
C00290,SaaS Customer 00290,2024-08-13,R03,Organic Search,Small
C00291,SaaS Customer 00291,2025-10-04,R06,Referral,Medium
C00292,SaaS Customer 00292,2023-11-30,R01,Paid Search,Small
C00293,SaaS Customer 00293,2026-04-05,R06,Organic Search,Medium
C00294,SaaS Customer 00294,2024-02-18,R08,Paid Search,Small
C00295,SaaS Customer 00295,2024-11-11,R07,Partner,Small
C00296,SaaS Customer 00296,2024-10-11,R05,Referral,Medium
C00297,SaaS Customer 00297,2025-11-26,R06,Organic Search,Large
C00298,SaaS Customer 00298,2024-07-01,R03,Outbound,Small
C00299,SaaS Customer 00299,2023-12-22,R06,Paid Search,Medium
C00300,SaaS Customer 00300,2023-01-27,R06,Organic Search,Medium
C00301,SaaS Customer 00301,2024-03-29,R08,Organic Search,Enterprise
C00302,SaaS Customer 00302,2025-10-28,R04,Referral,Medium
C00303,SaaS Customer 00303,2023-01-13,R01,Paid Search,Small
C00304,SaaS Customer 00304,2026-01-23,R06,Paid Search,Small
C00305,SaaS Customer 00305,2024-11-08,R01,Organic Search,Medium
C00306,SaaS Customer 00306,2023-06-25,R02,Referral,Small
C00307,SaaS Customer 00307,2024-01-13,R03,Referral,Enterprise
C00308,SaaS Customer 00308,2024-11-22,R06,Paid Search,Enterprise
C00309,SaaS Customer 00309,2024-01-29,R01,Outbound,Enterprise
C00310,SaaS Customer 00310,2023-05-16,R01,Organic Search,Small
C00311,SaaS Customer 00311,2025-04-11,R01,Organic Search,Medium
C00312,SaaS Customer 00312,2025-04-18,R07,Partner,Medium
C00313,SaaS Customer 00313,2023-05-29,R06,Referral,Small
C00314,SaaS Customer 00314,2023-12-17,R01,Organic Search,Small
C00315,SaaS Customer 00315,2023-11-01,R01,Partner,Small
C00316,SaaS Customer 00316,2025-04-02,R05,Paid Search,Small
C00317,SaaS Customer 00317,2025-06-30,R02,Partner,Enterprise
C00318,SaaS Customer 00318,2025-06-26,R06,Partner,Large
C00319,SaaS Customer 00319,2026-03-17,R03,Outbound,Small
C00320,SaaS Customer 00320,2025-08-17,R07,Paid Search,Medium
C00321,SaaS Customer 00321,2024-02-05,R02,Partner,Small
C00322,SaaS Customer 00322,2023-05-15,R06,Partner,Small
C00323,SaaS Customer 00323,2025-02-06,R01,Paid Search,Small
C00324,SaaS Customer 00324,2026-02-17,R08,Organic Search,Medium
C00325,SaaS Customer 00325,2026-05-01,R08,Outbound,Medium
C00326,SaaS Customer 00326,2023-10-15,R06,Organic Search,Large
C00327,SaaS Customer 00327,2023-10-23,R04,Referral,Large
C00328,SaaS Customer 00328,2023-02-16,R01,Organic Search,Small
C00329,SaaS Customer 00329,2023-06-26,R06,Referral,Large
C00330,SaaS Customer 00330,2024-11-23,R06,Organic Search,Small
C00331,SaaS Customer 00331,2024-11-13,R01,Outbound,Small
C00332,SaaS Customer 00332,2024-04-07,R04,Referral,Medium
C00333,SaaS Customer 00333,2024-01-22,R04,Organic Search,Small
C00334,SaaS Customer 00334,2025-11-01,R06,Referral,Small
C00335,SaaS Customer 00335,2024-07-28,R06,Partner,Small
C00336,SaaS Customer 00336,2025-10-05,R06,Paid Search,Small
C00337,SaaS Customer 00337,2026-04-17,R06,Organic Search,Enterprise
C00338,SaaS Customer 00338,2024-01-31,R02,Referral,Small
C00339,SaaS Customer 00339,2023-09-11,R03,Referral,Medium
C00340,SaaS Customer 00340,2026-04-04,R01,Paid Search,Enterprise
C00341,SaaS Customer 00341,2025-03-03,R06,Outbound,Medium
C00342,SaaS Customer 00342,2023-12-30,R03,Organic Search,Small
C00343,SaaS Customer 00343,2025-02-15,R03,Organic Search,Enterprise
C00344,SaaS Customer 00344,2024-10-04,R02,Partner,Small
C00345,SaaS Customer 00345,2026-02-04,R01,Organic Search,Small
C00346,SaaS Customer 00346,2023-11-16,R05,Organic Search,Medium
C00347,SaaS Customer 00347,2026-05-22,R01,Paid Search,Medium
C00348,SaaS Customer 00348,2026-03-14,R01,Paid Search,Large
C00349,SaaS Customer 00349,2023-08-14,R06,Organic Search,Small
C00350,SaaS Customer 00350,2023-07-25,R03,Referral,Medium
C00351,SaaS Customer 00351,2024-10-27,R03,Partner,Medium
C00352,SaaS Customer 00352,2023-02-26,R03,Referral,Enterprise
C00353,SaaS Customer 00353,2024-01-08,R06,Partner,Small
C00354,SaaS Customer 00354,2024-06-27,R03,Paid Search,Small
C00355,SaaS Customer 00355,2026-04-24,R06,Organic Search,Enterprise
C00356,SaaS Customer 00356,2026-05-23,R08,Referral,Medium
C00357,SaaS Customer 00357,2023-07-09,R06,Organic Search,Small
C00358,SaaS Customer 00358,2026-01-17,R03,Organic Search,Small
C00359,SaaS Customer 00359,2023-04-24,R06,Referral,Large
C00360,SaaS Customer 00360,2025-07-23,R04,Referral,Medium
C00361,SaaS Customer 00361,2025-11-21,R03,Partner,Medium
C00362,SaaS Customer 00362,2026-01-16,R04,Organic Search,Large
C00363,SaaS Customer 00363,2023-10-06,R03,Organic Search,Small
C00364,SaaS Customer 00364,2026-01-20,R01,Paid Search,Small
C00365,SaaS Customer 00365,2023-05-25,R03,Referral,Medium
C00366,SaaS Customer 00366,2024-10-09,R01,Paid Search,Large
C00367,SaaS Customer 00367,2024-08-08,R03,Organic Search,Small
C00368,SaaS Customer 00368,2024-01-30,R05,Organic Search,Medium
C00369,SaaS Customer 00369,2023-01-28,R08,Partner,Small
C00370,SaaS Customer 00370,2025-08-21,R01,Referral,Small
C00371,SaaS Customer 00371,2024-02-23,R06,Organic Search,Large
C00372,SaaS Customer 00372,2025-04-05,R04,Organic Search,Small
C00373,SaaS Customer 00373,2024-05-26,R01,Organic Search,Small
C00374,SaaS Customer 00374,2024-04-11,R02,Organic Search,Large
C00375,SaaS Customer 00375,2026-01-11,R01,Partner,Small
C00376,SaaS Customer 00376,2023-04-28,R01,Organic Search,Small
C00377,SaaS Customer 00377,2025-07-08,R02,Partner,Large
C00378,SaaS Customer 00378,2025-07-20,R03,Referral,Small
C00379,SaaS Customer 00379,2024-04-19,R04,Outbound,Medium
C00380,SaaS Customer 00380,2023-11-24,R01,Outbound,Small
C00381,SaaS Customer 00381,2023-01-07,R01,Organic Search,Small
C00382,SaaS Customer 00382,2026-03-15,R01,Organic Search,Medium
C00383,SaaS Customer 00383,2026-03-28,R05,Paid Search,Small
C00384,SaaS Customer 00384,2023-10-28,R03,Referral,Large
C00385,SaaS Customer 00385,2023-02-09,R05,Organic Search,Enterprise
C00386,SaaS Customer 00386,2023-06-03,R01,Paid Search,Large
C00387,SaaS Customer 00387,2023-03-26,R01,Paid Search,Small
C00388,SaaS Customer 00388,2025-11-03,R08,Organic Search,Small
C00389,SaaS Customer 00389,2026-01-18,R01,Referral,Large
C00390,SaaS Customer 00390,2023-07-11,R01,Partner,Medium
C00391,SaaS Customer 00391,2025-07-20,R01,Partner,Medium
C00392,SaaS Customer 00392,2023-08-12,R08,Outbound,Large
C00393,SaaS Customer 00393,2024-04-03,R06,Organic Search,Small
C00394,SaaS Customer 00394,2025-01-18,R06,Organic Search,Small
C00395,SaaS Customer 00395,2025-06-17,R08,Paid Search,Medium
C00396,SaaS Customer 00396,2025-12-27,R01,Partner,Medium
C00397,SaaS Customer 00397,2023-02-25,R08,Partner,Small
C00398,SaaS Customer 00398,2023-09-03,R01,Organic Search,Medium
C00399,SaaS Customer 00399,2023-12-17,R06,Outbound,Large
C00400,SaaS Customer 00400,2024-01-23,R03,Paid Search,Small
C00401,SaaS Customer 00401,2026-05-30,R03,Paid Search,Small
C00402,SaaS Customer 00402,2025-08-28,R08,Partner,Medium
C00403,SaaS Customer 00403,2024-02-04,R01,Outbound,Large
C00404,SaaS Customer 00404,2026-04-27,R08,Referral,Enterprise
C00405,SaaS Customer 00405,2024-09-15,R03,Outbound,Small
C00406,SaaS Customer 00406,2024-09-16,R06,Organic Search,Large
C00407,SaaS Customer 00407,2024-06-25,R08,Partner,Large
C00408,SaaS Customer 00408,2023-06-29,R01,Referral,Medium
C00409,SaaS Customer 00409,2026-03-12,R07,Paid Search,Small
C00410,SaaS Customer 00410,2023-01-18,R05,Paid Search,Small
C00411,SaaS Customer 00411,2023-08-06,R06,Outbound,Medium
C00412,SaaS Customer 00412,2023-10-14,R01,Organic Search,Small
C00413,SaaS Customer 00413,2023-12-15,R05,Paid Search,Small
C00414,SaaS Customer 00414,2023-06-14,R06,Outbound,Enterprise
C00415,SaaS Customer 00415,2023-01-23,R04,Outbound,Small
C00416,SaaS Customer 00416,2025-04-25,R01,Outbound,Enterprise
C00417,SaaS Customer 00417,2026-04-24,R02,Outbound,Medium
C00418,SaaS Customer 00418,2023-06-02,R07,Organic Search,Large
C00419,SaaS Customer 00419,2024-01-06,R01,Outbound,Small
C00420,SaaS Customer 00420,2024-09-23,R06,Paid Search,Medium
C00421,SaaS Customer 00421,2026-03-03,R08,Partner,Medium
C00422,SaaS Customer 00422,2025-05-16,R01,Paid Search,Enterprise
C00423,SaaS Customer 00423,2025-08-14,R01,Referral,Small
C00424,SaaS Customer 00424,2024-12-26,R06,Partner,Small
C00425,SaaS Customer 00425,2024-06-04,R01,Referral,Enterprise
C00426,SaaS Customer 00426,2023-09-07,R05,Organic Search,Small
C00427,SaaS Customer 00427,2025-12-14,R06,Organic Search,Medium
C00428,SaaS Customer 00428,2025-09-30,R05,Paid Search,Small
C00429,SaaS Customer 00429,2023-02-01,R03,Organic Search,Small
C00430,SaaS Customer 00430,2025-06-11,R06,Referral,Medium
C00431,SaaS Customer 00431,2023-04-16,R06,Paid Search,Medium
C00432,SaaS Customer 00432,2025-07-11,R01,Partner,Medium
C00433,SaaS Customer 00433,2025-10-27,R05,Organic Search,Medium
C00434,SaaS Customer 00434,2023-06-13,R07,Organic Search,Large
C00435,SaaS Customer 00435,2024-06-25,R06,Partner,Enterprise
C00436,SaaS Customer 00436,2023-06-04,R04,Paid Search,Small
C00437,SaaS Customer 00437,2024-12-08,R03,Organic Search,Small
C00438,SaaS Customer 00438,2026-03-03,R01,Organic Search,Small
C00439,SaaS Customer 00439,2023-04-11,R02,Organic Search,Large
C00440,SaaS Customer 00440,2024-05-11,R01,Partner,Small
C00441,SaaS Customer 00441,2026-04-29,R08,Organic Search,Medium
C00442,SaaS Customer 00442,2024-01-11,R01,Paid Search,Medium
C00443,SaaS Customer 00443,2023-06-15,R06,Referral,Medium
C00444,SaaS Customer 00444,2024-09-01,R01,Partner,Large
C00445,SaaS Customer 00445,2024-09-26,R02,Partner,Medium
C00446,SaaS Customer 00446,2025-04-07,R03,Organic Search,Medium
C00447,SaaS Customer 00447,2024-01-27,R03,Outbound,Small
C00448,SaaS Customer 00448,2026-04-07,R06,Paid Search,Medium
C00449,SaaS Customer 00449,2024-10-12,R08,Paid Search,Small
C00450,SaaS Customer 00450,2023-12-24,R07,Outbound,Large
C00451,SaaS Customer 00451,2026-04-13,R01,Partner,Small
C00452,SaaS Customer 00452,2026-02-28,R06,Partner,Small
C00453,SaaS Customer 00453,2024-09-14,R01,Outbound,Small
C00454,SaaS Customer 00454,2023-02-01,R07,Organic Search,Medium
C00455,SaaS Customer 00455,2025-01-14,R04,Referral,Enterprise
C00456,SaaS Customer 00456,2024-11-23,R03,Referral,Small
C00457,SaaS Customer 00457,2023-07-04,R01,Paid Search,Small
C00458,SaaS Customer 00458,2025-03-02,R01,Organic Search,Small
C00459,SaaS Customer 00459,2025-11-15,R02,Organic Search,Enterprise
C00460,SaaS Customer 00460,2023-05-13,R07,Outbound,Large
C00461,SaaS Customer 00461,2025-06-21,R06,Organic Search,Small
C00462,SaaS Customer 00462,2023-06-25,R08,Organic Search,Medium
C00463,SaaS Customer 00463,2025-07-23,R01,Referral,Large
C00464,SaaS Customer 00464,2024-06-07,R06,Referral,Large
C00465,SaaS Customer 00465,2023-01-09,R02,Organic Search,Medium
C00466,SaaS Customer 00466,2026-04-20,R05,Referral,Large
C00467,SaaS Customer 00467,2023-07-27,R03,Partner,Medium
C00468,SaaS Customer 00468,2025-01-13,R02,Referral,Small
C00469,SaaS Customer 00469,2023-08-15,R05,Organic Search,Small
C00470,SaaS Customer 00470,2026-03-10,R01,Organic Search,Small
C00471,SaaS Customer 00471,2025-07-10,R04,Partner,Small
C00472,SaaS Customer 00472,2025-09-30,R06,Organic Search,Small
C00473,SaaS Customer 00473,2024-06-23,R01,Partner,Large
C00474,SaaS Customer 00474,2024-08-06,R08,Organic Search,Large
C00475,SaaS Customer 00475,2025-03-02,R04,Referral,Small
C00476,SaaS Customer 00476,2025-09-06,R06,Outbound,Small
C00477,SaaS Customer 00477,2025-11-23,R06,Referral,Medium
C00478,SaaS Customer 00478,2023-01-23,R06,Outbound,Medium
C00479,SaaS Customer 00479,2025-04-08,R06,Outbound,Small
C00480,SaaS Customer 00480,2023-05-17,R07,Paid Search,Large
C00481,SaaS Customer 00481,2023-12-26,R06,Paid Search,Small
C00482,SaaS Customer 00482,2025-11-01,R02,Outbound,Small
C00483,SaaS Customer 00483,2023-11-09,R01,Outbound,Large
C00484,SaaS Customer 00484,2025-09-21,R06,Outbound,Medium
C00485,SaaS Customer 00485,2024-07-31,R01,Referral,Small
C00486,SaaS Customer 00486,2023-10-18,R02,Organic Search,Medium
C00487,SaaS Customer 00487,2024-02-22,R01,Outbound,Enterprise
C00488,SaaS Customer 00488,2024-10-24,R05,Outbound,Small
C00489,SaaS Customer 00489,2025-08-12,R01,Referral,Medium
C00490,SaaS Customer 00490,2025-01-26,R06,Outbound,Small
C00491,SaaS Customer 00491,2026-03-10,R06,Partner,Medium
C00492,SaaS Customer 00492,2025-12-18,R06,Outbound,Medium
C00493,SaaS Customer 00493,2025-07-29,R02,Organic Search,Small
C00494,SaaS Customer 00494,2025-01-22,R05,Outbound,Small
C00495,SaaS Customer 00495,2023-12-28,R05,Organic Search,Large
C00496,SaaS Customer 00496,2024-05-29,R04,Paid Search,Small
C00497,SaaS Customer 00497,2023-05-29,R06,Organic Search,Large
C00498,SaaS Customer 00498,2024-04-11,R01,Paid Search,Small
C00499,SaaS Customer 00499,2026-03-02,R08,Organic Search,Large
C00500,SaaS Customer 00500,2024-06-15,R01,Outbound,Medium
C00501,SaaS Customer 00501,2023-05-22,R06,Partner,Small
C00502,SaaS Customer 00502,2025-03-24,R06,Outbound,Medium
C00503,SaaS Customer 00503,2026-04-16,R02,Organic Search,Large
C00504,SaaS Customer 00504,2025-12-18,R06,Organic Search,Medium
C00505,SaaS Customer 00505,2023-12-09,R01,Referral,Medium
C00506,SaaS Customer 00506,2024-07-20,R06,Referral,Medium
C00507,SaaS Customer 00507,2024-10-24,R05,Partner,Medium
C00508,SaaS Customer 00508,2023-11-06,R01,Referral,Medium
C00509,SaaS Customer 00509,2023-12-02,R01,Referral,Large
C00510,SaaS Customer 00510,2023-10-23,R06,Partner,Small
C00511,SaaS Customer 00511,2026-05-26,R02,Outbound,Medium
C00512,SaaS Customer 00512,2025-07-20,R07,Referral,Medium
C00513,SaaS Customer 00513,2025-11-15,R06,Referral,Enterprise
C00514,SaaS Customer 00514,2025-10-16,R06,Paid Search,Small
C00515,SaaS Customer 00515,2026-04-12,R02,Organic Search,Small
C00516,SaaS Customer 00516,2023-05-12,R06,Organic Search,Small
C00517,SaaS Customer 00517,2026-01-05,R08,Referral,Medium
C00518,SaaS Customer 00518,2023-03-25,R01,Referral,Medium
C00519,SaaS Customer 00519,2024-08-16,R03,Paid Search,Small
C00520,SaaS Customer 00520,2025-01-11,R01,Partner,Small
C00521,SaaS Customer 00521,2024-03-22,R03,Organic Search,Large
C00522,SaaS Customer 00522,2023-07-02,R06,Organic Search,Medium
C00523,SaaS Customer 00523,2023-08-28,R04,Outbound,Medium
C00524,SaaS Customer 00524,2025-10-26,R05,Paid Search,Small
C00525,SaaS Customer 00525,2024-02-02,R03,Organic Search,Small
C00526,SaaS Customer 00526,2024-01-23,R01,Paid Search,Small
C00527,SaaS Customer 00527,2026-02-26,R02,Paid Search,Small
C00528,SaaS Customer 00528,2023-06-29,R07,Referral,Medium
C00529,SaaS Customer 00529,2026-02-16,R06,Outbound,Small
C00530,SaaS Customer 00530,2026-02-23,R03,Partner,Small
C00531,SaaS Customer 00531,2025-01-17,R06,Partner,Small
C00532,SaaS Customer 00532,2023-07-26,R01,Paid Search,Small
C00533,SaaS Customer 00533,2023-07-14,R02,Partner,Small
C00534,SaaS Customer 00534,2023-12-22,R01,Paid Search,Small
C00535,SaaS Customer 00535,2024-12-21,R08,Organic Search,Small
C00536,SaaS Customer 00536,2023-07-11,R06,Outbound,Medium
C00537,SaaS Customer 00537,2024-07-22,R06,Paid Search,Enterprise
C00538,SaaS Customer 00538,2023-05-25,R01,Paid Search,Medium
C00539,SaaS Customer 00539,2024-11-05,R01,Organic Search,Small
C00540,SaaS Customer 00540,2023-01-27,R06,Referral,Enterprise
C00541,SaaS Customer 00541,2025-06-03,R03,Organic Search,Enterprise
C00542,SaaS Customer 00542,2023-03-11,R07,Paid Search,Medium
C00543,SaaS Customer 00543,2023-09-01,R06,Referral,Small
C00544,SaaS Customer 00544,2023-08-06,R04,Paid Search,Medium
C00545,SaaS Customer 00545,2025-11-03,R06,Outbound,Enterprise
C00546,SaaS Customer 00546,2023-03-08,R08,Organic Search,Large
C00547,SaaS Customer 00547,2024-06-19,R04,Referral,Medium
C00548,SaaS Customer 00548,2025-01-07,R06,Outbound,Medium
C00549,SaaS Customer 00549,2024-10-05,R07,Partner,Enterprise
C00550,SaaS Customer 00550,2025-04-29,R02,Referral,Small
C00551,SaaS Customer 00551,2025-09-29,R07,Paid Search,Small
C00552,SaaS Customer 00552,2024-05-06,R01,Referral,Large
C00553,SaaS Customer 00553,2025-10-30,R06,Outbound,Small
C00554,SaaS Customer 00554,2024-02-01,R06,Referral,Small
C00555,SaaS Customer 00555,2026-05-13,R06,Outbound,Small
C00556,SaaS Customer 00556,2024-09-21,R04,Partner,Small
C00557,SaaS Customer 00557,2025-07-07,R06,Partner,Small
C00558,SaaS Customer 00558,2025-12-28,R01,Paid Search,Medium
C00559,SaaS Customer 00559,2025-09-16,R01,Referral,Small
C00560,SaaS Customer 00560,2025-11-28,R02,Outbound,Medium
C00561,SaaS Customer 00561,2024-10-31,R06,Partner,Small
C00562,SaaS Customer 00562,2023-02-24,R04,Organic Search,Enterprise
C00563,SaaS Customer 00563,2024-09-07,R02,Partner,Medium
C00564,SaaS Customer 00564,2023-08-15,R07,Referral,Enterprise
C00565,SaaS Customer 00565,2026-01-14,R03,Outbound,Small
C00566,SaaS Customer 00566,2023-10-23,R04,Organic Search,Small
C00567,SaaS Customer 00567,2023-10-12,R03,Organic Search,Large
C00568,SaaS Customer 00568,2023-11-08,R01,Paid Search,Large
C00569,SaaS Customer 00569,2025-03-12,R06,Organic Search,Small
C00570,SaaS Customer 00570,2024-12-13,R04,Outbound,Medium
C00571,SaaS Customer 00571,2026-03-30,R01,Paid Search,Medium
C00572,SaaS Customer 00572,2024-06-03,R08,Partner,Small
C00573,SaaS Customer 00573,2023-12-19,R06,Organic Search,Medium
C00574,SaaS Customer 00574,2023-03-03,R06,Paid Search,Small
C00575,SaaS Customer 00575,2023-01-09,R07,Outbound,Small
C00576,SaaS Customer 00576,2024-04-11,R07,Paid Search,Large
C00577,SaaS Customer 00577,2026-03-01,R03,Organic Search,Medium
C00578,SaaS Customer 00578,2024-10-15,R06,Organic Search,Large
C00579,SaaS Customer 00579,2026-01-20,R06,Outbound,Medium
C00580,SaaS Customer 00580,2023-05-07,R02,Outbound,Enterprise
C00581,SaaS Customer 00581,2023-04-27,R01,Organic Search,Medium
C00582,SaaS Customer 00582,2025-11-06,R01,Partner,Medium
C00583,SaaS Customer 00583,2023-05-14,R06,Organic Search,Small
C00584,SaaS Customer 00584,2023-03-06,R06,Partner,Medium
C00585,SaaS Customer 00585,2024-05-19,R06,Organic Search,Medium
C00586,SaaS Customer 00586,2026-02-28,R03,Referral,Medium
C00587,SaaS Customer 00587,2025-05-10,R01,Outbound,Small
C00588,SaaS Customer 00588,2023-05-04,R04,Organic Search,Small
C00589,SaaS Customer 00589,2025-11-10,R05,Paid Search,Large
C00590,SaaS Customer 00590,2025-11-18,R07,Organic Search,Large
C00591,SaaS Customer 00591,2025-09-26,R07,Paid Search,Small
C00592,SaaS Customer 00592,2026-01-31,R07,Organic Search,Medium
C00593,SaaS Customer 00593,2023-10-27,R07,Organic Search,Medium
C00594,SaaS Customer 00594,2026-05-07,R08,Outbound,Large
C00595,SaaS Customer 00595,2024-02-05,R04,Organic Search,Small
C00596,SaaS Customer 00596,2025-09-27,R01,Outbound,Medium
C00597,SaaS Customer 00597,2024-12-24,R01,Organic Search,Small
C00598,SaaS Customer 00598,2025-08-30,R03,Partner,Small
C00599,SaaS Customer 00599,2025-02-22,R02,Paid Search,Large
C00600,SaaS Customer 00600,2025-03-12,R01,Outbound,Small
C00601,SaaS Customer 00601,2025-02-08,R08,Organic Search,Small
C00602,SaaS Customer 00602,2025-08-30,R01,Organic Search,Small
C00603,SaaS Customer 00603,2025-07-11,R08,Referral,Small
C00604,SaaS Customer 00604,2023-06-17,R06,Referral,Medium
C00605,SaaS Customer 00605,2025-10-27,R06,Referral,Small
C00606,SaaS Customer 00606,2024-10-31,R06,Organic Search,Large
C00607,SaaS Customer 00607,2024-02-08,R03,Organic Search,Large
C00608,SaaS Customer 00608,2024-10-03,R06,Referral,Small
C00609,SaaS Customer 00609,2026-04-21,R01,Partner,Large
C00610,SaaS Customer 00610,2025-12-06,R08,Partner,Small
C00611,SaaS Customer 00611,2025-11-06,R02,Paid Search,Small
C00612,SaaS Customer 00612,2024-07-31,R02,Organic Search,Small
C00613,SaaS Customer 00613,2025-09-05,R06,Outbound,Small
C00614,SaaS Customer 00614,2024-04-25,R06,Referral,Small
C00615,SaaS Customer 00615,2025-05-06,R04,Organic Search,Small
C00616,SaaS Customer 00616,2025-03-09,R06,Outbound,Large
C00617,SaaS Customer 00617,2023-11-08,R01,Partner,Medium
C00618,SaaS Customer 00618,2023-11-29,R06,Paid Search,Enterprise
C00619,SaaS Customer 00619,2023-03-18,R02,Paid Search,Medium
C00620,SaaS Customer 00620,2023-06-24,R02,Referral,Medium
C00621,SaaS Customer 00621,2024-06-25,R01,Paid Search,Small
C00622,SaaS Customer 00622,2024-08-19,R03,Partner,Medium
C00623,SaaS Customer 00623,2023-07-26,R03,Referral,Small
C00624,SaaS Customer 00624,2024-06-04,R04,Organic Search,Enterprise
C00625,SaaS Customer 00625,2025-01-24,R01,Outbound,Enterprise
C00626,SaaS Customer 00626,2023-10-18,R01,Paid Search,Small
C00627,SaaS Customer 00627,2024-02-27,R05,Paid Search,Medium
C00628,SaaS Customer 00628,2024-04-03,R01,Referral,Medium
C00629,SaaS Customer 00629,2024-09-22,R06,Partner,Medium
C00630,SaaS Customer 00630,2024-04-02,R08,Paid Search,Small
C00631,SaaS Customer 00631,2025-07-08,R03,Partner,Medium
C00632,SaaS Customer 00632,2024-02-13,R07,Outbound,Large
C00633,SaaS Customer 00633,2024-06-25,R01,Referral,Small
C00634,SaaS Customer 00634,2024-04-18,R01,Referral,Medium
C00635,SaaS Customer 00635,2023-08-17,R06,Organic Search,Small
C00636,SaaS Customer 00636,2025-05-05,R06,Paid Search,Enterprise
C00637,SaaS Customer 00637,2023-10-21,R07,Partner,Small
C00638,SaaS Customer 00638,2024-01-06,R01,Organic Search,Small
C00639,SaaS Customer 00639,2025-09-16,R06,Referral,Small
C00640,SaaS Customer 00640,2026-03-30,R03,Paid Search,Large
C00641,SaaS Customer 00641,2025-04-17,R02,Paid Search,Medium
C00642,SaaS Customer 00642,2026-02-17,R01,Organic Search,Small
C00643,SaaS Customer 00643,2025-12-02,R08,Paid Search,Small
C00644,SaaS Customer 00644,2024-08-23,R01,Paid Search,Large
C00645,SaaS Customer 00645,2025-08-19,R06,Partner,Small
C00646,SaaS Customer 00646,2024-02-14,R06,Partner,Small
C00647,SaaS Customer 00647,2024-07-28,R06,Organic Search,Enterprise
C00648,SaaS Customer 00648,2024-10-30,R06,Organic Search,Small
C00649,SaaS Customer 00649,2026-04-13,R07,Referral,Medium
C00650,SaaS Customer 00650,2025-11-25,R01,Organic Search,Small
C00651,SaaS Customer 00651,2024-09-02,R01,Partner,Large
C00652,SaaS Customer 00652,2025-03-25,R06,Partner,Large
C00653,SaaS Customer 00653,2023-09-10,R03,Partner,Small
C00654,SaaS Customer 00654,2025-09-30,R01,Outbound,Medium
C00655,SaaS Customer 00655,2024-11-21,R01,Partner,Large
C00656,SaaS Customer 00656,2024-10-26,R03,Outbound,Large
C00657,SaaS Customer 00657,2025-08-14,R01,Outbound,Small
C00658,SaaS Customer 00658,2025-02-28,R01,Organic Search,Medium
C00659,SaaS Customer 00659,2023-04-01,R07,Organic Search,Large
C00660,SaaS Customer 00660,2023-12-26,R03,Paid Search,Small
C00661,SaaS Customer 00661,2023-08-09,R08,Paid Search,Small
C00662,SaaS Customer 00662,2025-07-06,R08,Partner,Small
C00663,SaaS Customer 00663,2023-02-13,R01,Organic Search,Large
C00664,SaaS Customer 00664,2023-09-10,R06,Organic Search,Small
C00665,SaaS Customer 00665,2025-01-15,R06,Paid Search,Small
C00666,SaaS Customer 00666,2025-05-17,R06,Referral,Medium
C00667,SaaS Customer 00667,2024-09-20,R01,Referral,Small
C00668,SaaS Customer 00668,2025-12-10,R01,Outbound,Small
C00669,SaaS Customer 00669,2026-02-20,R01,Organic Search,Medium
C00670,SaaS Customer 00670,2023-06-14,R06,Paid Search,Small
C00671,SaaS Customer 00671,2026-04-03,R08,Outbound,Enterprise
C00672,SaaS Customer 00672,2025-02-05,R06,Referral,Small
C00673,SaaS Customer 00673,2025-03-05,R06,Partner,Large
C00674,SaaS Customer 00674,2023-04-29,R08,Partner,Medium
C00675,SaaS Customer 00675,2025-02-15,R06,Organic Search,Small
C00676,SaaS Customer 00676,2025-06-24,R01,Outbound,Small
C00677,SaaS Customer 00677,2024-12-25,R07,Partner,Medium
C00678,SaaS Customer 00678,2023-04-16,R03,Partner,Small
C00679,SaaS Customer 00679,2024-10-14,R01,Partner,Small
C00680,SaaS Customer 00680,2026-03-14,R04,Paid Search,Enterprise
C00681,SaaS Customer 00681,2025-06-21,R08,Organic Search,Medium
C00682,SaaS Customer 00682,2023-06-21,R02,Referral,Enterprise
C00683,SaaS Customer 00683,2026-04-13,R04,Paid Search,Small
C00684,SaaS Customer 00684,2026-04-11,R01,Organic Search,Small
C00685,SaaS Customer 00685,2023-07-31,R01,Paid Search,Medium
C00686,SaaS Customer 00686,2025-09-26,R01,Outbound,Small
C00687,SaaS Customer 00687,2024-05-22,R06,Paid Search,Small
C00688,SaaS Customer 00688,2025-01-10,R07,Paid Search,Small
C00689,SaaS Customer 00689,2024-07-09,R01,Partner,Small
C00690,SaaS Customer 00690,2025-09-03,R02,Referral,Large
C00691,SaaS Customer 00691,2026-05-28,R01,Referral,Small
C00692,SaaS Customer 00692,2025-09-19,R01,Outbound,Enterprise
C00693,SaaS Customer 00693,2026-03-08,R05,Organic Search,Small
C00694,SaaS Customer 00694,2026-03-26,R06,Outbound,Small
C00695,SaaS Customer 00695,2023-04-23,R06,Outbound,Small
C00696,SaaS Customer 00696,2023-11-13,R03,Partner,Medium
C00697,SaaS Customer 00697,2025-06-19,R05,Partner,Large
C00698,SaaS Customer 00698,2025-01-06,R01,Organic Search,Large
C00699,SaaS Customer 00699,2023-03-04,R01,Paid Search,Small
C00700,SaaS Customer 00700,2023-04-29,R08,Organic Search,Small
C00701,SaaS Customer 00701,2024-10-11,R06,Organic Search,Large
C00702,SaaS Customer 00702,2025-02-07,R07,Outbound,Small
C00703,SaaS Customer 00703,2023-07-29,R07,Organic Search,Medium
C00704,SaaS Customer 00704,2023-08-02,R06,Partner,Small
C00705,SaaS Customer 00705,2023-06-11,R07,Paid Search,Small
C00706,SaaS Customer 00706,2024-12-06,R03,Paid Search,Medium
C00707,SaaS Customer 00707,2023-01-10,R01,Paid Search,Small
C00708,SaaS Customer 00708,2024-12-15,R01,Paid Search,Large
C00709,SaaS Customer 00709,2024-08-16,R01,Partner,Medium
C00710,SaaS Customer 00710,2024-08-04,R01,Outbound,Large
C00711,SaaS Customer 00711,2025-04-27,R03,Paid Search,Medium
C00712,SaaS Customer 00712,2024-10-14,R06,Outbound,Small
C00713,SaaS Customer 00713,2025-06-27,R06,Referral,Medium
C00714,SaaS Customer 00714,2025-08-11,R06,Partner,Small
C00715,SaaS Customer 00715,2026-02-22,R01,Organic Search,Large
C00716,SaaS Customer 00716,2025-09-24,R06,Organic Search,Small
C00717,SaaS Customer 00717,2024-10-08,R03,Outbound,Enterprise
C00718,SaaS Customer 00718,2024-09-06,R01,Partner,Medium
C00719,SaaS Customer 00719,2023-10-22,R02,Paid Search,Medium
C00720,SaaS Customer 00720,2025-01-18,R03,Referral,Medium
C00721,SaaS Customer 00721,2023-06-23,R02,Paid Search,Medium
C00722,SaaS Customer 00722,2026-03-08,R06,Referral,Medium
C00723,SaaS Customer 00723,2025-11-20,R06,Paid Search,Medium
C00724,SaaS Customer 00724,2023-05-30,R06,Outbound,Small
C00725,SaaS Customer 00725,2025-09-07,R01,Organic Search,Medium
C00726,SaaS Customer 00726,2023-05-27,R06,Organic Search,Small
C00727,SaaS Customer 00727,2025-06-19,R06,Referral,Medium
C00728,SaaS Customer 00728,2023-04-20,R01,Organic Search,Medium
C00729,SaaS Customer 00729,2024-09-01,R06,Outbound,Small
C00730,SaaS Customer 00730,2025-04-01,R04,Partner,Large
C00731,SaaS Customer 00731,2025-06-28,R03,Organic Search,Medium
C00732,SaaS Customer 00732,2024-06-06,R01,Organic Search,Medium
C00733,SaaS Customer 00733,2026-02-24,R04,Outbound,Medium
C00734,SaaS Customer 00734,2025-08-24,R01,Partner,Medium
C00735,SaaS Customer 00735,2023-09-17,R01,Outbound,Large
C00736,SaaS Customer 00736,2025-04-17,R01,Organic Search,Small
C00737,SaaS Customer 00737,2025-06-30,R08,Outbound,Small
C00738,SaaS Customer 00738,2024-02-21,R02,Partner,Medium
C00739,SaaS Customer 00739,2025-07-10,R03,Referral,Small
C00740,SaaS Customer 00740,2026-01-26,R03,Paid Search,Small
C00741,SaaS Customer 00741,2025-10-16,R07,Organic Search,Small
C00742,SaaS Customer 00742,2025-08-09,R05,Outbound,Small
C00743,SaaS Customer 00743,2025-03-02,R07,Outbound,Enterprise
C00744,SaaS Customer 00744,2023-12-04,R02,Paid Search,Small
C00745,SaaS Customer 00745,2025-09-19,R01,Outbound,Small
C00746,SaaS Customer 00746,2024-03-30,R05,Organic Search,Enterprise
C00747,SaaS Customer 00747,2024-10-26,R03,Organic Search,Enterprise
C00748,SaaS Customer 00748,2024-01-28,R06,Organic Search,Small
C00749,SaaS Customer 00749,2024-01-26,R07,Paid Search,Large
C00750,SaaS Customer 00750,2023-07-16,R04,Organic Search,Small
C00751,SaaS Customer 00751,2026-04-14,R08,Paid Search,Large
C00752,SaaS Customer 00752,2023-07-04,R05,Organic Search,Small
C00753,SaaS Customer 00753,2023-04-18,R02,Referral,Small
C00754,SaaS Customer 00754,2026-03-14,R04,Referral,Small
C00755,SaaS Customer 00755,2024-11-23,R01,Referral,Medium
C00756,SaaS Customer 00756,2024-06-30,R06,Organic Search,Small
C00757,SaaS Customer 00757,2025-07-09,R01,Referral,Medium
C00758,SaaS Customer 00758,2024-04-23,R02,Organic Search,Medium
C00759,SaaS Customer 00759,2023-06-09,R05,Referral,Small
C00760,SaaS Customer 00760,2025-06-29,R01,Partner,Large
C00761,SaaS Customer 00761,2023-08-08,R01,Paid Search,Small
C00762,SaaS Customer 00762,2024-11-21,R06,Organic Search,Small
C00763,SaaS Customer 00763,2026-03-30,R01,Referral,Small
C00764,SaaS Customer 00764,2026-03-14,R04,Outbound,Small
C00765,SaaS Customer 00765,2024-03-26,R03,Referral,Small
C00766,SaaS Customer 00766,2025-08-31,R01,Outbound,Medium
C00767,SaaS Customer 00767,2025-02-03,R01,Outbound,Medium
C00768,SaaS Customer 00768,2024-08-21,R06,Organic Search,Medium
C00769,SaaS Customer 00769,2023-06-24,R08,Referral,Medium
C00770,SaaS Customer 00770,2024-04-14,R01,Paid Search,Large
C00771,SaaS Customer 00771,2025-03-24,R08,Paid Search,Small
C00772,SaaS Customer 00772,2026-05-16,R06,Organic Search,Medium
C00773,SaaS Customer 00773,2023-01-07,R06,Outbound,Large
C00774,SaaS Customer 00774,2025-06-14,R06,Referral,Small
C00775,SaaS Customer 00775,2025-11-22,R06,Organic Search,Medium
C00776,SaaS Customer 00776,2026-04-02,R06,Paid Search,Enterprise
C00777,SaaS Customer 00777,2024-06-12,R04,Paid Search,Medium
C00778,SaaS Customer 00778,2023-05-28,R05,Referral,Enterprise
C00779,SaaS Customer 00779,2023-12-05,R03,Outbound,Small
C00780,SaaS Customer 00780,2025-11-27,R01,Paid Search,Medium
C00781,SaaS Customer 00781,2025-12-31,R06,Paid Search,Small
C00782,SaaS Customer 00782,2025-03-06,R01,Partner,Small
C00783,SaaS Customer 00783,2023-06-03,R02,Paid Search,Enterprise
C00784,SaaS Customer 00784,2023-06-02,R01,Paid Search,Small
C00785,SaaS Customer 00785,2024-08-19,R01,Organic Search,Enterprise
C00786,SaaS Customer 00786,2025-01-04,R06,Organic Search,Medium
C00787,SaaS Customer 00787,2023-02-10,R06,Paid Search,Large
C00788,SaaS Customer 00788,2025-05-06,R03,Outbound,Enterprise
C00789,SaaS Customer 00789,2024-11-10,R01,Paid Search,Medium
C00790,SaaS Customer 00790,2023-01-16,R03,Organic Search,Enterprise
C00791,SaaS Customer 00791,2023-04-30,R03,Referral,Large
C00792,SaaS Customer 00792,2024-07-20,R06,Outbound,Medium
C00793,SaaS Customer 00793,2025-06-20,R05,Paid Search,Medium
C00794,SaaS Customer 00794,2025-10-27,R04,Organic Search,Small
C00795,SaaS Customer 00795,2024-06-22,R04,Referral,Small
C00796,SaaS Customer 00796,2024-01-04,R08,Paid Search,Small
C00797,SaaS Customer 00797,2026-04-23,R06,Referral,Medium
C00798,SaaS Customer 00798,2024-07-26,R04,Organic Search,Small
C00799,SaaS Customer 00799,2024-01-29,R04,Organic Search,Medium
C00800,SaaS Customer 00800,2024-07-06,R01,Paid Search,Medium
C00801,SaaS Customer 00801,2023-01-16,R08,Referral,Medium
C00802,SaaS Customer 00802,2024-01-12,R03,Paid Search,Large
C00803,SaaS Customer 00803,2024-10-05,R02,Organic Search,Enterprise
C00804,SaaS Customer 00804,2026-02-20,R08,Paid Search,Large
C00805,SaaS Customer 00805,2025-07-10,R06,Referral,Medium
C00806,SaaS Customer 00806,2025-09-02,R01,Organic Search,Small
C00807,SaaS Customer 00807,2024-11-11,R01,Referral,Enterprise
C00808,SaaS Customer 00808,2023-05-19,R01,Referral,Small
C00809,SaaS Customer 00809,2024-05-02,R06,Paid Search,Small
C00810,SaaS Customer 00810,2026-05-29,R01,Outbound,Small
C00811,SaaS Customer 00811,2023-02-25,R08,Outbound,Medium
C00812,SaaS Customer 00812,2026-01-02,R08,Paid Search,Medium
C00813,SaaS Customer 00813,2025-05-04,R05,Organic Search,Small
C00814,SaaS Customer 00814,2023-12-21,R06,Paid Search,Large
C00815,SaaS Customer 00815,2025-08-28,R02,Organic Search,Small
C00816,SaaS Customer 00816,2025-11-10,R01,Partner,Small
C00817,SaaS Customer 00817,2023-02-23,R06,Outbound,Small
C00818,SaaS Customer 00818,2023-05-13,R01,Outbound,Small
C00819,SaaS Customer 00819,2025-04-10,R01,Paid Search,Large
C00820,SaaS Customer 00820,2026-05-31,R03,Paid Search,Small
C00821,SaaS Customer 00821,2023-01-30,R01,Organic Search,Small
C00822,SaaS Customer 00822,2025-04-10,R03,Partner,Small
C00823,SaaS Customer 00823,2023-06-20,R06,Organic Search,Large
C00824,SaaS Customer 00824,2025-03-22,R06,Outbound,Enterprise
C00825,SaaS Customer 00825,2025-02-16,R06,Outbound,Medium
C00826,SaaS Customer 00826,2023-04-23,R07,Organic Search,Medium
C00827,SaaS Customer 00827,2025-04-29,R03,Referral,Large
C00828,SaaS Customer 00828,2026-01-24,R07,Partner,Small
C00829,SaaS Customer 00829,2025-12-13,R04,Referral,Small
C00830,SaaS Customer 00830,2023-02-06,R01,Paid Search,Medium
C00831,SaaS Customer 00831,2023-11-03,R08,Organic Search,Small
C00832,SaaS Customer 00832,2023-10-28,R02,Partner,Medium
C00833,SaaS Customer 00833,2024-07-19,R01,Organic Search,Medium
C00834,SaaS Customer 00834,2023-06-28,R02,Partner,Small
C00835,SaaS Customer 00835,2025-12-02,R03,Organic Search,Medium
C00836,SaaS Customer 00836,2025-08-27,R03,Referral,Small
C00837,SaaS Customer 00837,2025-10-05,R04,Referral,Small
C00838,SaaS Customer 00838,2023-09-05,R07,Organic Search,Large
C00839,SaaS Customer 00839,2023-01-19,R02,Paid Search,Medium
C00840,SaaS Customer 00840,2026-02-10,R04,Referral,Small
C00841,SaaS Customer 00841,2023-12-27,R03,Organic Search,Small
C00842,SaaS Customer 00842,2025-03-30,R06,Partner,Small
C00843,SaaS Customer 00843,2026-02-08,R01,Referral,Small
C00844,SaaS Customer 00844,2023-02-15,R01,Paid Search,Small
C00845,SaaS Customer 00845,2023-01-07,R04,Referral,Small
C00846,SaaS Customer 00846,2023-01-07,R06,Partner,Large
C00847,SaaS Customer 00847,2023-07-15,R06,Partner,Large
C00848,SaaS Customer 00848,2023-03-06,R05,Organic Search,Large
C00849,SaaS Customer 00849,2025-10-20,R06,Organic Search,Medium
C00850,SaaS Customer 00850,2025-01-26,R03,Organic Search,Medium
C00851,SaaS Customer 00851,2026-05-08,R01,Outbound,Large
C00852,SaaS Customer 00852,2025-09-27,R01,Outbound,Large
C00853,SaaS Customer 00853,2026-04-17,R01,Referral,Large
C00854,SaaS Customer 00854,2023-10-25,R03,Organic Search,Large
C00855,SaaS Customer 00855,2023-12-26,R04,Partner,Large
C00856,SaaS Customer 00856,2025-11-26,R03,Referral,Medium
C00857,SaaS Customer 00857,2023-11-02,R05,Referral,Small
C00858,SaaS Customer 00858,2023-03-13,R04,Organic Search,Small
C00859,SaaS Customer 00859,2025-04-15,R06,Outbound,Small
C00860,SaaS Customer 00860,2025-09-26,R06,Organic Search,Small
C00861,SaaS Customer 00861,2026-04-23,R03,Organic Search,Small
C00862,SaaS Customer 00862,2026-03-03,R03,Outbound,Small
C00863,SaaS Customer 00863,2023-05-31,R05,Paid Search,Small
C00864,SaaS Customer 00864,2025-08-21,R06,Paid Search,Enterprise
C00865,SaaS Customer 00865,2025-11-21,R03,Partner,Small
C00866,SaaS Customer 00866,2025-05-21,R03,Outbound,Small
C00867,SaaS Customer 00867,2025-10-20,R06,Organic Search,Small
C00868,SaaS Customer 00868,2025-11-11,R06,Referral,Small
C00869,SaaS Customer 00869,2024-07-11,R01,Paid Search,Medium
C00870,SaaS Customer 00870,2023-02-20,R04,Organic Search,Medium
C00871,SaaS Customer 00871,2024-07-23,R07,Paid Search,Small
C00872,SaaS Customer 00872,2023-09-09,R01,Partner,Medium
C00873,SaaS Customer 00873,2023-05-22,R07,Organic Search,Small
C00874,SaaS Customer 00874,2023-06-05,R01,Paid Search,Medium
C00875,SaaS Customer 00875,2025-05-20,R04,Partner,Enterprise
C00876,SaaS Customer 00876,2024-09-21,R03,Partner,Large
C00877,SaaS Customer 00877,2024-11-04,R01,Referral,Small
C00878,SaaS Customer 00878,2025-07-18,R07,Referral,Large
C00879,SaaS Customer 00879,2024-11-15,R04,Paid Search,Large
C00880,SaaS Customer 00880,2025-02-25,R08,Paid Search,Large
C00881,SaaS Customer 00881,2023-04-18,R02,Paid Search,Small
C00882,SaaS Customer 00882,2025-11-28,R07,Partner,Medium
C00883,SaaS Customer 00883,2024-07-14,R07,Organic Search,Small
C00884,SaaS Customer 00884,2023-07-13,R05,Paid Search,Small
C00885,SaaS Customer 00885,2025-10-12,R01,Organic Search,Medium
C00886,SaaS Customer 00886,2025-07-05,R06,Paid Search,Medium
C00887,SaaS Customer 00887,2023-03-08,R05,Outbound,Small
C00888,SaaS Customer 00888,2023-08-29,R08,Partner,Large
C00889,SaaS Customer 00889,2023-01-20,R03,Paid Search,Medium
C00890,SaaS Customer 00890,2023-12-04,R02,Partner,Enterprise
C00891,SaaS Customer 00891,2023-05-05,R01,Referral,Large
C00892,SaaS Customer 00892,2025-06-04,R06,Paid Search,Large
C00893,SaaS Customer 00893,2024-10-14,R08,Paid Search,Large
C00894,SaaS Customer 00894,2026-05-08,R01,Referral,Small
C00895,SaaS Customer 00895,2025-07-24,R06,Organic Search,Small
C00896,SaaS Customer 00896,2025-02-02,R07,Partner,Enterprise
C00897,SaaS Customer 00897,2024-09-27,R01,Partner,Small
C00898,SaaS Customer 00898,2023-03-10,R01,Referral,Small
C00899,SaaS Customer 00899,2023-03-29,R06,Outbound,Medium
C00900,SaaS Customer 00900,2025-02-08,R06,Referral,Small
C00901,SaaS Customer 00901,2023-01-06,R01,Paid Search,Small
C00902,SaaS Customer 00902,2023-02-22,R06,Organic Search,Medium
C00903,SaaS Customer 00903,2023-10-01,R04,Partner,Small
C00904,SaaS Customer 00904,2026-01-08,R07,Referral,Medium
C00905,SaaS Customer 00905,2024-07-26,R07,Outbound,Small
C00906,SaaS Customer 00906,2025-06-04,R06,Referral,Medium
C00907,SaaS Customer 00907,2024-05-28,R04,Organic Search,Small
C00908,SaaS Customer 00908,2023-08-05,R02,Referral,Medium
C00909,SaaS Customer 00909,2024-04-08,R04,Outbound,Small
C00910,SaaS Customer 00910,2023-04-25,R01,Referral,Small
C00911,SaaS Customer 00911,2025-08-19,R06,Referral,Large
C00912,SaaS Customer 00912,2023-08-18,R01,Paid Search,Small
C00913,SaaS Customer 00913,2024-04-14,R04,Partner,Large
C00914,SaaS Customer 00914,2026-05-08,R01,Paid Search,Small
C00915,SaaS Customer 00915,2025-01-08,R02,Organic Search,Small
C00916,SaaS Customer 00916,2024-07-26,R01,Referral,Small
C00917,SaaS Customer 00917,2024-11-08,R06,Outbound,Large
C00918,SaaS Customer 00918,2025-09-05,R06,Outbound,Small
C00919,SaaS Customer 00919,2023-11-14,R01,Paid Search,Small
C00920,SaaS Customer 00920,2025-03-05,R07,Organic Search,Medium
C00921,SaaS Customer 00921,2025-12-25,R07,Paid Search,Small
C00922,SaaS Customer 00922,2024-12-15,R03,Referral,Large
C00923,SaaS Customer 00923,2024-07-11,R06,Partner,Enterprise
C00924,SaaS Customer 00924,2023-07-01,R03,Outbound,Medium
C00925,SaaS Customer 00925,2023-11-06,R01,Paid Search,Medium
C00926,SaaS Customer 00926,2026-03-26,R04,Partner,Small
C00927,SaaS Customer 00927,2024-11-06,R01,Referral,Enterprise
C00928,SaaS Customer 00928,2024-01-12,R07,Organic Search,Medium
C00929,SaaS Customer 00929,2024-06-06,R07,Outbound,Small
C00930,SaaS Customer 00930,2024-12-22,R06,Partner,Enterprise
C00931,SaaS Customer 00931,2024-11-01,R05,Organic Search,Enterprise
C00932,SaaS Customer 00932,2025-05-23,R05,Organic Search,Medium
C00933,SaaS Customer 00933,2023-11-18,R08,Outbound,Small
C00934,SaaS Customer 00934,2025-03-21,R02,Partner,Medium
C00935,SaaS Customer 00935,2024-07-06,R01,Referral,Large
C00936,SaaS Customer 00936,2026-03-19,R05,Referral,Medium
C00937,SaaS Customer 00937,2023-07-17,R03,Paid Search,Small
C00938,SaaS Customer 00938,2023-07-05,R03,Referral,Small
C00939,SaaS Customer 00939,2024-07-30,R01,Outbound,Small
C00940,SaaS Customer 00940,2024-09-26,R06,Organic Search,Small
C00941,SaaS Customer 00941,2025-05-12,R02,Referral,Large
C00942,SaaS Customer 00942,2024-05-19,R01,Paid Search,Small
C00943,SaaS Customer 00943,2026-02-14,R01,Paid Search,Small
C00944,SaaS Customer 00944,2024-08-14,R03,Paid Search,Large
C00945,SaaS Customer 00945,2023-06-11,R07,Outbound,Small
C00946,SaaS Customer 00946,2023-05-29,R03,Organic Search,Small
C00947,SaaS Customer 00947,2026-04-29,R06,Paid Search,Enterprise
C00948,SaaS Customer 00948,2023-06-17,R06,Referral,Small
C00949,SaaS Customer 00949,2026-03-28,R03,Organic Search,Large
C00950,SaaS Customer 00950,2023-12-14,R06,Referral,Small
C00951,SaaS Customer 00951,2023-04-27,R06,Outbound,Small
C00952,SaaS Customer 00952,2024-01-16,R05,Organic Search,Medium
C00953,SaaS Customer 00953,2025-02-06,R01,Organic Search,Small
C00954,SaaS Customer 00954,2024-06-18,R01,Outbound,Medium
C00955,SaaS Customer 00955,2025-09-07,R08,Organic Search,Small
C00956,SaaS Customer 00956,2025-02-01,R06,Organic Search,Medium
C00957,SaaS Customer 00957,2024-05-15,R08,Outbound,Small
C00958,SaaS Customer 00958,2025-03-03,R07,Outbound,Large
C00959,SaaS Customer 00959,2026-04-27,R01,Partner,Medium
C00960,SaaS Customer 00960,2024-05-28,R06,Partner,Medium
C00961,SaaS Customer 00961,2023-07-11,R04,Outbound,Small
C00962,SaaS Customer 00962,2024-05-25,R06,Partner,Medium
C00963,SaaS Customer 00963,2025-11-14,R01,Partner,Medium
C00964,SaaS Customer 00964,2023-09-29,R02,Referral,Small
C00965,SaaS Customer 00965,2026-03-30,R06,Partner,Medium
C00966,SaaS Customer 00966,2025-01-04,R06,Paid Search,Small
C00967,SaaS Customer 00967,2025-01-20,R06,Paid Search,Small
C00968,SaaS Customer 00968,2024-01-31,R02,Paid Search,Large
C00969,SaaS Customer 00969,2026-02-22,R03,Partner,Small
C00970,SaaS Customer 00970,2023-02-15,R08,Paid Search,Small
C00971,SaaS Customer 00971,2024-01-08,R03,Paid Search,Medium
C00972,SaaS Customer 00972,2024-06-06,R04,Referral,Medium
C00973,SaaS Customer 00973,2024-08-18,R05,Paid Search,Small
C00974,SaaS Customer 00974,2024-08-14,R03,Organic Search,Small
C00975,SaaS Customer 00975,2023-07-04,R05,Paid Search,Medium
C00976,SaaS Customer 00976,2023-10-09,R03,Organic Search,Medium
C00977,SaaS Customer 00977,2023-04-29,R06,Referral,Medium
C00978,SaaS Customer 00978,2024-12-15,R07,Paid Search,Medium
C00979,SaaS Customer 00979,2024-03-13,R08,Paid Search,Large
C00980,SaaS Customer 00980,2024-12-07,R05,Referral,Enterprise
C00981,SaaS Customer 00981,2025-01-05,R04,Organic Search,Small
C00982,SaaS Customer 00982,2025-05-26,R06,Organic Search,Small
C00983,SaaS Customer 00983,2024-11-13,R06,Referral,Small
C00984,SaaS Customer 00984,2025-03-19,R05,Partner,Small
C00985,SaaS Customer 00985,2025-01-02,R06,Referral,Small
C00986,SaaS Customer 00986,2025-03-25,R06,Referral,Large
C00987,SaaS Customer 00987,2025-02-08,R06,Outbound,Small
C00988,SaaS Customer 00988,2024-01-30,R06,Organic Search,Small
C00989,SaaS Customer 00989,2023-11-04,R01,Referral,Medium
C00990,SaaS Customer 00990,2025-09-09,R04,Referral,Enterprise
C00991,SaaS Customer 00991,2024-03-03,R05,Organic Search,Small
C00992,SaaS Customer 00992,2024-11-16,R01,Outbound,Large
C00993,SaaS Customer 00993,2023-09-03,R07,Paid Search,Large
C00994,SaaS Customer 00994,2024-06-22,R06,Outbound,Small
C00995,SaaS Customer 00995,2024-10-23,R01,Partner,Medium
C00996,SaaS Customer 00996,2025-02-20,R06,Partner,Medium
C00997,SaaS Customer 00997,2024-10-18,R06,Organic Search,Small
C00998,SaaS Customer 00998,2024-03-26,R06,Outbound,Medium
C00999,SaaS Customer 00999,2026-04-15,R03,Partner,Small
C01000,SaaS Customer 01000,2024-10-01,R07,Organic Search,Medium
C01001,SaaS Customer 01001,2025-10-05,R03,Organic Search,Large
C01002,SaaS Customer 01002,2025-07-08,R05,Referral,Small
C01003,SaaS Customer 01003,2024-11-27,R01,Organic Search,Medium
C01004,SaaS Customer 01004,2026-01-11,R06,Partner,Small
C01005,SaaS Customer 01005,2023-06-10,R06,Referral,Small
C01006,SaaS Customer 01006,2026-02-23,R05,Organic Search,Medium
C01007,SaaS Customer 01007,2025-11-27,R04,Partner,Small
C01008,SaaS Customer 01008,2024-09-20,R06,Organic Search,Large
C01009,SaaS Customer 01009,2025-07-04,R06,Outbound,Small
C01010,SaaS Customer 01010,2024-10-11,R02,Outbound,Large
C01011,SaaS Customer 01011,2023-12-02,R08,Paid Search,Small
C01012,SaaS Customer 01012,2025-09-25,R06,Partner,Small
C01013,SaaS Customer 01013,2023-11-03,R08,Paid Search,Large
C01014,SaaS Customer 01014,2024-01-28,R08,Outbound,Medium
C01015,SaaS Customer 01015,2024-10-10,R07,Paid Search,Small
C01016,SaaS Customer 01016,2025-11-11,R06,Partner,Large
C01017,SaaS Customer 01017,2024-04-24,R06,Outbound,Small
C01018,SaaS Customer 01018,2024-09-08,R01,Organic Search,Small
C01019,SaaS Customer 01019,2023-02-21,R05,Partner,Small
C01020,SaaS Customer 01020,2023-05-25,R06,Organic Search,Medium
C01021,SaaS Customer 01021,2023-03-11,R04,Partner,Medium
C01022,SaaS Customer 01022,2023-03-31,R07,Paid Search,Large
C01023,SaaS Customer 01023,2025-12-19,R01,Outbound,Medium
C01024,SaaS Customer 01024,2025-11-16,R03,Paid Search,Small
C01025,SaaS Customer 01025,2025-10-22,R04,Organic Search,Small
C01026,SaaS Customer 01026,2023-03-11,R03,Referral,Small
C01027,SaaS Customer 01027,2023-04-07,R01,Referral,Large
C01028,SaaS Customer 01028,2023-12-17,R01,Referral,Small
C01029,SaaS Customer 01029,2024-12-06,R06,Referral,Medium
C01030,SaaS Customer 01030,2024-02-21,R04,Organic Search,Medium
C01031,SaaS Customer 01031,2024-08-31,R01,Partner,Large
C01032,SaaS Customer 01032,2023-08-04,R01,Organic Search,Small
C01033,SaaS Customer 01033,2025-07-01,R04,Organic Search,Small
C01034,SaaS Customer 01034,2024-01-27,R01,Outbound,Large
C01035,SaaS Customer 01035,2023-03-25,R06,Referral,Medium
C01036,SaaS Customer 01036,2025-07-15,R06,Organic Search,Medium
C01037,SaaS Customer 01037,2026-01-31,R01,Organic Search,Large
C01038,SaaS Customer 01038,2023-01-19,R06,Outbound,Large
C01039,SaaS Customer 01039,2024-06-28,R01,Organic Search,Small
C01040,SaaS Customer 01040,2025-10-29,R02,Organic Search,Large
C01041,SaaS Customer 01041,2025-05-31,R07,Organic Search,Small
C01042,SaaS Customer 01042,2025-12-04,R05,Organic Search,Enterprise
C01043,SaaS Customer 01043,2024-06-02,R07,Paid Search,Small
C01044,SaaS Customer 01044,2024-04-09,R01,Outbound,Small
C01045,SaaS Customer 01045,2025-06-04,R03,Paid Search,Small
C01046,SaaS Customer 01046,2023-07-11,R04,Paid Search,Large
C01047,SaaS Customer 01047,2023-10-26,R04,Referral,Enterprise
C01048,SaaS Customer 01048,2025-01-19,R08,Partner,Small
C01049,SaaS Customer 01049,2025-04-14,R01,Referral,Small
C01050,SaaS Customer 01050,2023-05-30,R07,Referral,Small
C01051,SaaS Customer 01051,2024-09-26,R07,Partner,Small
C01052,SaaS Customer 01052,2024-03-31,R05,Partner,Large
C01053,SaaS Customer 01053,2024-09-18,R03,Referral,Small
C01054,SaaS Customer 01054,2026-04-11,R04,Referral,Enterprise
C01055,SaaS Customer 01055,2023-04-06,R02,Referral,Enterprise
C01056,SaaS Customer 01056,2026-05-27,R06,Organic Search,Small
C01057,SaaS Customer 01057,2024-07-15,R04,Referral,Medium
C01058,SaaS Customer 01058,2025-08-21,R07,Referral,Enterprise
C01059,SaaS Customer 01059,2024-06-13,R06,Paid Search,Large
C01060,SaaS Customer 01060,2024-01-24,R04,Outbound,Medium
C01061,SaaS Customer 01061,2025-08-19,R06,Paid Search,Small
C01062,SaaS Customer 01062,2025-05-08,R04,Organic Search,Small
C01063,SaaS Customer 01063,2023-06-29,R07,Outbound,Large
C01064,SaaS Customer 01064,2025-05-30,R01,Organic Search,Small
C01065,SaaS Customer 01065,2025-07-28,R08,Paid Search,Medium
C01066,SaaS Customer 01066,2024-04-29,R06,Paid Search,Large
C01067,SaaS Customer 01067,2026-03-01,R07,Outbound,Medium
C01068,SaaS Customer 01068,2025-03-10,R04,Paid Search,Small
C01069,SaaS Customer 01069,2024-02-21,R06,Referral,Small
C01070,SaaS Customer 01070,2023-01-14,R02,Referral,Large
C01071,SaaS Customer 01071,2025-04-22,R06,Partner,Small
C01072,SaaS Customer 01072,2023-09-18,R01,Outbound,Small
C01073,SaaS Customer 01073,2025-08-02,R02,Referral,Enterprise
C01074,SaaS Customer 01074,2024-10-17,R04,Paid Search,Medium
C01075,SaaS Customer 01075,2024-08-05,R03,Outbound,Medium
C01076,SaaS Customer 01076,2023-07-24,R03,Partner,Large
C01077,SaaS Customer 01077,2025-06-06,R06,Organic Search,Small
C01078,SaaS Customer 01078,2023-07-27,R02,Organic Search,Enterprise
C01079,SaaS Customer 01079,2024-06-05,R06,Partner,Large
C01080,SaaS Customer 01080,2025-11-09,R01,Organic Search,Small
C01081,SaaS Customer 01081,2026-02-22,R06,Partner,Small
C01082,SaaS Customer 01082,2026-05-19,R06,Paid Search,Small
C01083,SaaS Customer 01083,2026-04-10,R03,Partner,Medium
C01084,SaaS Customer 01084,2024-11-24,R06,Organic Search,Medium
C01085,SaaS Customer 01085,2023-09-08,R07,Referral,Medium
C01086,SaaS Customer 01086,2025-11-13,R06,Paid Search,Enterprise
C01087,SaaS Customer 01087,2025-09-27,R03,Organic Search,Medium
C01088,SaaS Customer 01088,2026-05-20,R04,Paid Search,Large
C01089,SaaS Customer 01089,2025-03-23,R06,Paid Search,Medium
C01090,SaaS Customer 01090,2023-06-26,R02,Partner,Medium
C01091,SaaS Customer 01091,2024-09-19,R06,Partner,Small
C01092,SaaS Customer 01092,2024-07-13,R03,Organic Search,Medium
C01093,SaaS Customer 01093,2025-11-17,R06,Outbound,Medium
C01094,SaaS Customer 01094,2024-05-04,R01,Paid Search,Small
C01095,SaaS Customer 01095,2024-02-15,R01,Organic Search,Large
C01096,SaaS Customer 01096,2023-04-10,R08,Referral,Medium
C01097,SaaS Customer 01097,2025-11-08,R07,Referral,Small
C01098,SaaS Customer 01098,2025-07-31,R07,Partner,Large
C01099,SaaS Customer 01099,2023-02-21,R08,Paid Search,Small
C01100,SaaS Customer 01100,2024-06-25,R03,Paid Search,Medium
C01101,SaaS Customer 01101,2024-08-21,R02,Partner,Medium
C01102,SaaS Customer 01102,2024-08-08,R01,Organic Search,Small
C01103,SaaS Customer 01103,2026-02-20,R04,Paid Search,Medium
C01104,SaaS Customer 01104,2023-07-08,R01,Outbound,Small
C01105,SaaS Customer 01105,2024-01-18,R08,Referral,Small
C01106,SaaS Customer 01106,2023-08-14,R01,Paid Search,Medium
C01107,SaaS Customer 01107,2023-11-01,R01,Organic Search,Small
C01108,SaaS Customer 01108,2026-02-06,R02,Referral,Enterprise
C01109,SaaS Customer 01109,2026-03-20,R01,Organic Search,Small
C01110,SaaS Customer 01110,2023-02-25,R01,Organic Search,Small
C01111,SaaS Customer 01111,2025-02-27,R06,Organic Search,Enterprise
C01112,SaaS Customer 01112,2023-10-18,R03,Referral,Medium
C01113,SaaS Customer 01113,2023-08-29,R06,Partner,Medium
C01114,SaaS Customer 01114,2023-12-31,R07,Organic Search,Medium
C01115,SaaS Customer 01115,2023-08-31,R06,Organic Search,Large
C01116,SaaS Customer 01116,2024-09-03,R06,Partner,Small
C01117,SaaS Customer 01117,2026-05-27,R03,Partner,Small
C01118,SaaS Customer 01118,2025-01-01,R01,Referral,Enterprise
C01119,SaaS Customer 01119,2025-06-21,R03,Organic Search,Small
C01120,SaaS Customer 01120,2024-09-07,R08,Referral,Medium
C01121,SaaS Customer 01121,2023-01-18,R06,Outbound,Medium
C01122,SaaS Customer 01122,2023-04-15,R02,Partner,Medium
C01123,SaaS Customer 01123,2023-12-02,R04,Organic Search,Large
C01124,SaaS Customer 01124,2023-11-01,R06,Referral,Enterprise
C01125,SaaS Customer 01125,2025-11-15,R06,Paid Search,Small
C01126,SaaS Customer 01126,2025-11-18,R05,Organic Search,Medium
C01127,SaaS Customer 01127,2025-12-01,R07,Paid Search,Medium
C01128,SaaS Customer 01128,2025-03-06,R06,Outbound,Small
C01129,SaaS Customer 01129,2024-11-25,R06,Paid Search,Large
C01130,SaaS Customer 01130,2025-03-21,R01,Outbound,Medium
C01131,SaaS Customer 01131,2024-05-22,R01,Paid Search,Small
C01132,SaaS Customer 01132,2025-04-16,R08,Partner,Large
C01133,SaaS Customer 01133,2025-09-18,R06,Organic Search,Enterprise
C01134,SaaS Customer 01134,2025-08-10,R03,Partner,Small
C01135,SaaS Customer 01135,2025-02-05,R05,Organic Search,Large
C01136,SaaS Customer 01136,2023-03-14,R01,Paid Search,Small
C01137,SaaS Customer 01137,2025-06-23,R06,Organic Search,Small
C01138,SaaS Customer 01138,2024-04-02,R01,Paid Search,Small
C01139,SaaS Customer 01139,2025-07-17,R06,Partner,Large
C01140,SaaS Customer 01140,2024-11-04,R05,Organic Search,Small
C01141,SaaS Customer 01141,2026-01-04,R02,Paid Search,Small
C01142,SaaS Customer 01142,2024-02-27,R01,Outbound,Large
C01143,SaaS Customer 01143,2026-03-08,R06,Organic Search,Small
C01144,SaaS Customer 01144,2025-11-19,R01,Paid Search,Small
C01145,SaaS Customer 01145,2024-02-18,R01,Paid Search,Small
C01146,SaaS Customer 01146,2024-08-25,R06,Paid Search,Large
C01147,SaaS Customer 01147,2024-10-25,R03,Referral,Medium
C01148,SaaS Customer 01148,2025-08-17,R03,Organic Search,Large
C01149,SaaS Customer 01149,2025-05-10,R02,Paid Search,Small
C01150,SaaS Customer 01150,2025-11-29,R07,Partner,Medium
C01151,SaaS Customer 01151,2024-04-06,R02,Paid Search,Large
C01152,SaaS Customer 01152,2024-09-21,R01,Outbound,Small
C01153,SaaS Customer 01153,2024-06-21,R02,Outbound,Small
C01154,SaaS Customer 01154,2026-02-09,R01,Organic Search,Small
C01155,SaaS Customer 01155,2024-01-16,R03,Paid Search,Small
C01156,SaaS Customer 01156,2025-01-02,R01,Organic Search,Small
C01157,SaaS Customer 01157,2023-05-30,R01,Organic Search,Enterprise
C01158,SaaS Customer 01158,2025-11-27,R03,Paid Search,Medium
C01159,SaaS Customer 01159,2024-04-24,R07,Partner,Medium
C01160,SaaS Customer 01160,2024-03-01,R01,Paid Search,Small
C01161,SaaS Customer 01161,2024-12-28,R01,Organic Search,Medium
C01162,SaaS Customer 01162,2024-09-14,R07,Organic Search,Medium
C01163,SaaS Customer 01163,2025-11-24,R07,Outbound,Enterprise
C01164,SaaS Customer 01164,2024-10-25,R06,Outbound,Small
C01165,SaaS Customer 01165,2024-10-07,R02,Organic Search,Large
C01166,SaaS Customer 01166,2023-05-12,R03,Partner,Small
C01167,SaaS Customer 01167,2023-01-28,R01,Paid Search,Medium
C01168,SaaS Customer 01168,2024-05-12,R01,Referral,Enterprise
C01169,SaaS Customer 01169,2026-05-30,R03,Partner,Medium
C01170,SaaS Customer 01170,2026-02-18,R05,Outbound,Medium
C01171,SaaS Customer 01171,2025-02-23,R03,Organic Search,Large
C01172,SaaS Customer 01172,2025-02-26,R06,Paid Search,Enterprise
C01173,SaaS Customer 01173,2024-05-03,R02,Outbound,Small
C01174,SaaS Customer 01174,2023-08-10,R03,Organic Search,Small
C01175,SaaS Customer 01175,2023-01-11,R06,Organic Search,Medium
C01176,SaaS Customer 01176,2024-02-27,R07,Referral,Enterprise
C01177,SaaS Customer 01177,2024-01-30,R03,Referral,Medium
C01178,SaaS Customer 01178,2023-08-28,R05,Referral,Small
C01179,SaaS Customer 01179,2023-11-20,R02,Referral,Medium
C01180,SaaS Customer 01180,2023-01-31,R01,Referral,Small
C01181,SaaS Customer 01181,2025-01-28,R06,Organic Search,Small
C01182,SaaS Customer 01182,2026-03-03,R01,Partner,Small
C01183,SaaS Customer 01183,2025-05-12,R03,Referral,Small
C01184,SaaS Customer 01184,2024-07-13,R04,Outbound,Medium
C01185,SaaS Customer 01185,2024-06-08,R01,Organic Search,Small
C01186,SaaS Customer 01186,2024-01-19,R01,Organic Search,Small
C01187,SaaS Customer 01187,2023-06-27,R03,Referral,Medium
C01188,SaaS Customer 01188,2025-01-16,R08,Organic Search,Small
C01189,SaaS Customer 01189,2024-12-08,R06,Organic Search,Small
C01190,SaaS Customer 01190,2023-01-10,R03,Referral,Small
C01191,SaaS Customer 01191,2024-06-02,R01,Paid Search,Small
C01192,SaaS Customer 01192,2023-12-13,R06,Paid Search,Medium
C01193,SaaS Customer 01193,2023-08-01,R01,Organic Search,Small
C01194,SaaS Customer 01194,2025-05-27,R05,Organic Search,Small
C01195,SaaS Customer 01195,2024-10-18,R06,Referral,Small
C01196,SaaS Customer 01196,2025-03-01,R03,Paid Search,Small
C01197,SaaS Customer 01197,2025-06-09,R02,Organic Search,Small
C01198,SaaS Customer 01198,2026-05-10,R01,Paid Search,Small
C01199,SaaS Customer 01199,2025-09-28,R01,Organic Search,Small
C01200,SaaS Customer 01200,2025-02-13,R03,Organic Search,Small
C01201,SaaS Customer 01201,2026-01-02,R07,Organic Search,Large
C01202,SaaS Customer 01202,2024-08-18,R02,Partner,Small
C01203,SaaS Customer 01203,2026-05-13,R05,Organic Search,Small
C01204,SaaS Customer 01204,2025-08-08,R06,Paid Search,Medium
C01205,SaaS Customer 01205,2025-03-23,R01,Paid Search,Small
C01206,SaaS Customer 01206,2026-02-01,R01,Paid Search,Large
C01207,SaaS Customer 01207,2024-10-04,R03,Organic Search,Small
C01208,SaaS Customer 01208,2025-06-18,R06,Organic Search,Medium
C01209,SaaS Customer 01209,2023-12-22,R03,Organic Search,Enterprise
C01210,SaaS Customer 01210,2026-04-17,R06,Paid Search,Small
C01211,SaaS Customer 01211,2025-02-16,R07,Referral,Small
C01212,SaaS Customer 01212,2025-09-02,R06,Organic Search,Medium
C01213,SaaS Customer 01213,2024-07-29,R08,Referral,Enterprise
C01214,SaaS Customer 01214,2025-12-17,R06,Referral,Small
C01215,SaaS Customer 01215,2023-04-03,R07,Organic Search,Medium
C01216,SaaS Customer 01216,2023-05-23,R06,Organic Search,Small
C01217,SaaS Customer 01217,2024-09-24,R06,Organic Search,Medium
C01218,SaaS Customer 01218,2025-07-03,R06,Organic Search,Small
C01219,SaaS Customer 01219,2025-10-06,R08,Partner,Medium
C01220,SaaS Customer 01220,2024-07-03,R04,Organic Search,Small
C01221,SaaS Customer 01221,2025-03-21,R06,Referral,Medium
C01222,SaaS Customer 01222,2024-11-21,R04,Paid Search,Small
C01223,SaaS Customer 01223,2026-04-14,R07,Referral,Medium
C01224,SaaS Customer 01224,2025-03-27,R03,Referral,Large
C01225,SaaS Customer 01225,2024-06-04,R06,Paid Search,Large
C01226,SaaS Customer 01226,2026-04-25,R06,Outbound,Enterprise
C01227,SaaS Customer 01227,2023-05-14,R08,Outbound,Medium
C01228,SaaS Customer 01228,2026-05-13,R02,Paid Search,Medium
C01229,SaaS Customer 01229,2023-07-12,R06,Organic Search,Small
C01230,SaaS Customer 01230,2023-12-26,R06,Paid Search,Large
C01231,SaaS Customer 01231,2025-10-22,R08,Organic Search,Medium
C01232,SaaS Customer 01232,2025-07-04,R07,Partner,Medium
C01233,SaaS Customer 01233,2026-04-26,R05,Paid Search,Medium
C01234,SaaS Customer 01234,2025-07-24,R05,Paid Search,Large
C01235,SaaS Customer 01235,2025-03-05,R01,Referral,Large
C01236,SaaS Customer 01236,2024-03-08,R08,Organic Search,Large
C01237,SaaS Customer 01237,2023-01-06,R02,Partner,Medium
C01238,SaaS Customer 01238,2023-06-04,R06,Paid Search,Small
C01239,SaaS Customer 01239,2024-01-07,R06,Referral,Enterprise
C01240,SaaS Customer 01240,2023-02-21,R04,Partner,Medium
C01241,SaaS Customer 01241,2024-09-26,R01,Organic Search,Medium
C01242,SaaS Customer 01242,2025-08-28,R01,Referral,Medium
C01243,SaaS Customer 01243,2026-04-17,R07,Organic Search,Medium
C01244,SaaS Customer 01244,2024-09-03,R04,Referral,Medium
C01245,SaaS Customer 01245,2025-12-28,R01,Partner,Medium
C01246,SaaS Customer 01246,2026-05-14,R06,Paid Search,Large
C01247,SaaS Customer 01247,2025-12-09,R02,Referral,Large
C01248,SaaS Customer 01248,2024-08-03,R07,Outbound,Medium
C01249,SaaS Customer 01249,2024-02-10,R02,Referral,Small
C01250,SaaS Customer 01250,2026-05-05,R01,Partner,Medium
C01251,SaaS Customer 01251,2023-10-29,R01,Referral,Medium
C01252,SaaS Customer 01252,2024-05-28,R04,Paid Search,Medium
C01253,SaaS Customer 01253,2023-04-03,R04,Referral,Large
C01254,SaaS Customer 01254,2025-09-17,R06,Referral,Small
C01255,SaaS Customer 01255,2025-03-21,R04,Organic Search,Small
C01256,SaaS Customer 01256,2023-04-16,R03,Organic Search,Large
C01257,SaaS Customer 01257,2023-10-04,R02,Organic Search,Enterprise
C01258,SaaS Customer 01258,2024-11-24,R02,Organic Search,Medium
C01259,SaaS Customer 01259,2024-11-05,R07,Paid Search,Small
C01260,SaaS Customer 01260,2025-09-27,R01,Organic Search,Medium
C01261,SaaS Customer 01261,2023-11-29,R08,Partner,Medium
C01262,SaaS Customer 01262,2026-02-28,R03,Organic Search,Medium
C01263,SaaS Customer 01263,2024-07-08,R01,Organic Search,Small
C01264,SaaS Customer 01264,2025-10-23,R02,Referral,Small
C01265,SaaS Customer 01265,2023-10-25,R01,Paid Search,Medium
C01266,SaaS Customer 01266,2023-02-16,R06,Paid Search,Medium
C01267,SaaS Customer 01267,2023-03-10,R04,Referral,Medium
C01268,SaaS Customer 01268,2024-04-10,R03,Outbound,Small
C01269,SaaS Customer 01269,2026-04-04,R06,Partner,Small
C01270,SaaS Customer 01270,2023-03-02,R06,Organic Search,Small
C01271,SaaS Customer 01271,2024-04-05,R08,Organic Search,Enterprise
C01272,SaaS Customer 01272,2023-05-17,R08,Outbound,Small
C01273,SaaS Customer 01273,2026-03-08,R06,Referral,Medium
C01274,SaaS Customer 01274,2025-04-22,R06,Referral,Medium
C01275,SaaS Customer 01275,2025-08-09,R06,Referral,Large
C01276,SaaS Customer 01276,2025-06-09,R04,Organic Search,Small
C01277,SaaS Customer 01277,2025-03-30,R06,Paid Search,Medium
C01278,SaaS Customer 01278,2025-08-23,R01,Referral,Large
C01279,SaaS Customer 01279,2023-01-11,R06,Outbound,Small
C01280,SaaS Customer 01280,2025-12-16,R08,Organic Search,Medium
C01281,SaaS Customer 01281,2025-07-12,R01,Partner,Small
C01282,SaaS Customer 01282,2025-07-11,R06,Organic Search,Enterprise
C01283,SaaS Customer 01283,2024-05-06,R08,Outbound,Medium
C01284,SaaS Customer 01284,2025-09-26,R01,Organic Search,Small
C01285,SaaS Customer 01285,2024-04-21,R04,Referral,Large
C01286,SaaS Customer 01286,2023-03-03,R07,Organic Search,Medium
C01287,SaaS Customer 01287,2026-02-06,R08,Partner,Medium
C01288,SaaS Customer 01288,2023-10-20,R01,Partner,Small
C01289,SaaS Customer 01289,2023-05-08,R03,Paid Search,Small
C01290,SaaS Customer 01290,2025-02-15,R06,Referral,Medium
C01291,SaaS Customer 01291,2023-10-19,R01,Outbound,Medium
C01292,SaaS Customer 01292,2025-12-06,R03,Outbound,Large
C01293,SaaS Customer 01293,2024-07-07,R01,Paid Search,Small
C01294,SaaS Customer 01294,2023-01-06,R01,Referral,Medium
C01295,SaaS Customer 01295,2026-04-02,R05,Partner,Small
C01296,SaaS Customer 01296,2024-10-04,R06,Partner,Medium
C01297,SaaS Customer 01297,2023-11-25,R06,Paid Search,Small
C01298,SaaS Customer 01298,2025-04-25,R06,Partner,Small
C01299,SaaS Customer 01299,2024-10-24,R03,Organic Search,Small
C01300,SaaS Customer 01300,2023-02-06,R02,Paid Search,Medium
C01301,SaaS Customer 01301,2025-08-06,R01,Organic Search,Small
C01302,SaaS Customer 01302,2024-05-15,R01,Paid Search,Large
C01303,SaaS Customer 01303,2025-05-23,R03,Organic Search,Small
C01304,SaaS Customer 01304,2026-01-22,R01,Organic Search,Medium
C01305,SaaS Customer 01305,2025-02-01,R01,Referral,Medium
C01306,SaaS Customer 01306,2025-04-18,R01,Partner,Small
C01307,SaaS Customer 01307,2023-11-14,R06,Organic Search,Small
C01308,SaaS Customer 01308,2023-10-24,R06,Referral,Small
C01309,SaaS Customer 01309,2024-06-01,R08,Outbound,Medium
C01310,SaaS Customer 01310,2025-11-30,R06,Outbound,Enterprise
C01311,SaaS Customer 01311,2024-10-16,R05,Referral,Small
C01312,SaaS Customer 01312,2024-03-10,R01,Outbound,Medium
C01313,SaaS Customer 01313,2025-08-30,R05,Partner,Medium
C01314,SaaS Customer 01314,2025-11-30,R01,Outbound,Medium
C01315,SaaS Customer 01315,2026-01-31,R03,Outbound,Medium
C01316,SaaS Customer 01316,2024-01-09,R03,Paid Search,Enterprise
C01317,SaaS Customer 01317,2025-06-04,R03,Outbound,Medium
C01318,SaaS Customer 01318,2025-01-06,R02,Referral,Large
C01319,SaaS Customer 01319,2024-07-14,R06,Referral,Small
C01320,SaaS Customer 01320,2024-05-10,R07,Outbound,Large
C01321,SaaS Customer 01321,2023-05-23,R06,Paid Search,Enterprise
C01322,SaaS Customer 01322,2023-12-09,R06,Paid Search,Enterprise
C01323,SaaS Customer 01323,2024-11-16,R05,Partner,Small
C01324,SaaS Customer 01324,2026-01-11,R01,Referral,Large
C01325,SaaS Customer 01325,2025-12-17,R06,Outbound,Small
C01326,SaaS Customer 01326,2023-08-23,R05,Outbound,Medium
C01327,SaaS Customer 01327,2025-04-27,R02,Referral,Small
C01328,SaaS Customer 01328,2023-04-16,R03,Outbound,Medium
C01329,SaaS Customer 01329,2025-04-22,R08,Organic Search,Small
C01330,SaaS Customer 01330,2024-03-02,R06,Outbound,Small
C01331,SaaS Customer 01331,2024-07-15,R04,Organic Search,Small
C01332,SaaS Customer 01332,2025-06-14,R06,Partner,Small
C01333,SaaS Customer 01333,2024-06-14,R03,Organic Search,Medium
C01334,SaaS Customer 01334,2025-10-04,R04,Partner,Large
C01335,SaaS Customer 01335,2024-10-27,R02,Paid Search,Large
C01336,SaaS Customer 01336,2026-05-31,R03,Organic Search,Large
C01337,SaaS Customer 01337,2025-03-07,R06,Partner,Large
C01338,SaaS Customer 01338,2024-01-05,R01,Referral,Small
C01339,SaaS Customer 01339,2025-08-25,R06,Organic Search,Medium
C01340,SaaS Customer 01340,2024-05-24,R02,Referral,Medium
C01341,SaaS Customer 01341,2024-10-28,R06,Organic Search,Small
C01342,SaaS Customer 01342,2023-06-20,R06,Organic Search,Medium
C01343,SaaS Customer 01343,2023-05-29,R06,Organic Search,Medium
C01344,SaaS Customer 01344,2024-12-18,R06,Partner,Medium
C01345,SaaS Customer 01345,2023-08-21,R08,Referral,Large
C01346,SaaS Customer 01346,2026-05-29,R04,Partner,Small
C01347,SaaS Customer 01347,2025-12-03,R06,Referral,Large
C01348,SaaS Customer 01348,2025-05-24,R06,Partner,Small
C01349,SaaS Customer 01349,2025-07-05,R01,Referral,Large
C01350,SaaS Customer 01350,2025-01-12,R02,Outbound,Small
C01351,SaaS Customer 01351,2023-03-17,R03,Paid Search,Medium
C01352,SaaS Customer 01352,2024-05-04,R02,Organic Search,Medium
C01353,SaaS Customer 01353,2024-09-10,R03,Organic Search,Small
C01354,SaaS Customer 01354,2026-02-16,R03,Partner,Small
C01355,SaaS Customer 01355,2023-10-01,R06,Partner,Small
C01356,SaaS Customer 01356,2024-09-12,R01,Organic Search,Medium
C01357,SaaS Customer 01357,2024-03-05,R06,Outbound,Enterprise
C01358,SaaS Customer 01358,2023-06-17,R03,Outbound,Small
C01359,SaaS Customer 01359,2023-05-09,R06,Organic Search,Medium
C01360,SaaS Customer 01360,2024-03-31,R01,Organic Search,Large
C01361,SaaS Customer 01361,2023-04-13,R04,Organic Search,Medium
C01362,SaaS Customer 01362,2023-03-25,R01,Paid Search,Large
C01363,SaaS Customer 01363,2024-03-13,R06,Outbound,Medium
C01364,SaaS Customer 01364,2023-09-10,R03,Partner,Medium
C01365,SaaS Customer 01365,2024-11-23,R08,Organic Search,Small
C01366,SaaS Customer 01366,2023-01-23,R03,Paid Search,Small
C01367,SaaS Customer 01367,2024-01-12,R05,Organic Search,Medium
C01368,SaaS Customer 01368,2024-07-19,R02,Paid Search,Large
C01369,SaaS Customer 01369,2026-04-17,R06,Paid Search,Small
C01370,SaaS Customer 01370,2025-03-02,R04,Partner,Enterprise
C01371,SaaS Customer 01371,2026-01-04,R03,Partner,Small
C01372,SaaS Customer 01372,2024-03-04,R01,Outbound,Medium
C01373,SaaS Customer 01373,2024-07-15,R01,Organic Search,Large
C01374,SaaS Customer 01374,2024-06-08,R01,Referral,Large
C01375,SaaS Customer 01375,2026-01-12,R08,Organic Search,Medium
C01376,SaaS Customer 01376,2026-04-12,R03,Paid Search,Small
C01377,SaaS Customer 01377,2026-04-15,R01,Outbound,Small
C01378,SaaS Customer 01378,2025-07-27,R08,Referral,Small
C01379,SaaS Customer 01379,2024-09-19,R01,Organic Search,Large
C01380,SaaS Customer 01380,2024-11-05,R03,Paid Search,Small
C01381,SaaS Customer 01381,2026-05-08,R06,Referral,Medium
C01382,SaaS Customer 01382,2023-12-22,R07,Outbound,Small
C01383,SaaS Customer 01383,2024-03-08,R06,Partner,Medium
C01384,SaaS Customer 01384,2026-01-24,R04,Organic Search,Small
C01385,SaaS Customer 01385,2024-04-27,R08,Paid Search,Medium
C01386,SaaS Customer 01386,2023-10-21,R01,Organic Search,Medium
C01387,SaaS Customer 01387,2024-11-30,R08,Organic Search,Enterprise
C01388,SaaS Customer 01388,2024-02-11,R07,Partner,Large
C01389,SaaS Customer 01389,2026-01-16,R07,Referral,Medium
C01390,SaaS Customer 01390,2026-02-08,R02,Organic Search,Small
C01391,SaaS Customer 01391,2024-01-17,R01,Referral,Enterprise
C01392,SaaS Customer 01392,2024-10-22,R06,Referral,Large
C01393,SaaS Customer 01393,2026-05-13,R04,Referral,Large
C01394,SaaS Customer 01394,2025-07-15,R04,Organic Search,Medium
C01395,SaaS Customer 01395,2023-09-27,R07,Paid Search,Small
C01396,SaaS Customer 01396,2025-01-07,R06,Organic Search,Large
C01397,SaaS Customer 01397,2025-02-12,R03,Organic Search,Small
C01398,SaaS Customer 01398,2025-03-26,R03,Paid Search,Small
C01399,SaaS Customer 01399,2023-02-01,R01,Paid Search,Small
C01400,SaaS Customer 01400,2024-01-09,R01,Organic Search,Medium
C01401,SaaS Customer 01401,2025-12-02,R01,Organic Search,Small
C01402,SaaS Customer 01402,2023-10-29,R06,Outbound,Medium
C01403,SaaS Customer 01403,2024-01-10,R06,Referral,Medium
C01404,SaaS Customer 01404,2024-02-07,R05,Paid Search,Medium
C01405,SaaS Customer 01405,2023-08-10,R03,Outbound,Small
C01406,SaaS Customer 01406,2023-07-13,R06,Organic Search,Enterprise
C01407,SaaS Customer 01407,2024-03-09,R06,Paid Search,Small
C01408,SaaS Customer 01408,2025-12-27,R07,Referral,Medium
C01409,SaaS Customer 01409,2023-01-02,R05,Paid Search,Medium
C01410,SaaS Customer 01410,2023-12-20,R06,Organic Search,Small
C01411,SaaS Customer 01411,2023-03-17,R04,Paid Search,Medium
C01412,SaaS Customer 01412,2024-12-01,R04,Paid Search,Small
C01413,SaaS Customer 01413,2023-11-09,R07,Partner,Large
C01414,SaaS Customer 01414,2025-09-15,R03,Paid Search,Small
C01415,SaaS Customer 01415,2024-12-31,R03,Paid Search,Enterprise
C01416,SaaS Customer 01416,2025-09-05,R02,Organic Search,Medium
C01417,SaaS Customer 01417,2025-03-03,R04,Partner,Small
C01418,SaaS Customer 01418,2024-07-01,R05,Organic Search,Medium
C01419,SaaS Customer 01419,2025-12-10,R06,Outbound,Small
C01420,SaaS Customer 01420,2024-08-17,R03,Referral,Enterprise
C01421,SaaS Customer 01421,2026-03-31,R01,Paid Search,Large
C01422,SaaS Customer 01422,2026-05-26,R07,Referral,Medium
C01423,SaaS Customer 01423,2025-01-05,R03,Organic Search,Medium
C01424,SaaS Customer 01424,2025-04-21,R07,Paid Search,Enterprise
C01425,SaaS Customer 01425,2023-11-16,R01,Paid Search,Medium
C01426,SaaS Customer 01426,2025-10-13,R05,Paid Search,Medium
C01427,SaaS Customer 01427,2025-04-18,R05,Referral,Small
C01428,SaaS Customer 01428,2026-01-31,R06,Outbound,Small
C01429,SaaS Customer 01429,2023-11-30,R01,Paid Search,Medium
C01430,SaaS Customer 01430,2025-09-09,R07,Paid Search,Medium
C01431,SaaS Customer 01431,2024-08-09,R05,Partner,Large
C01432,SaaS Customer 01432,2023-08-20,R05,Paid Search,Medium
C01433,SaaS Customer 01433,2023-08-02,R04,Organic Search,Medium
C01434,SaaS Customer 01434,2024-12-02,R01,Outbound,Medium
C01435,SaaS Customer 01435,2024-02-03,R04,Referral,Large
C01436,SaaS Customer 01436,2023-05-08,R02,Outbound,Small
C01437,SaaS Customer 01437,2024-06-17,R03,Organic Search,Large
C01438,SaaS Customer 01438,2025-03-25,R06,Organic Search,Small
C01439,SaaS Customer 01439,2024-02-03,R04,Paid Search,Medium
C01440,SaaS Customer 01440,2026-04-07,R01,Outbound,Large
C01441,SaaS Customer 01441,2025-08-30,R01,Organic Search,Large
C01442,SaaS Customer 01442,2024-10-01,R01,Organic Search,Small
C01443,SaaS Customer 01443,2026-03-12,R01,Organic Search,Medium
C01444,SaaS Customer 01444,2024-06-24,R06,Referral,Small
C01445,SaaS Customer 01445,2023-06-24,R01,Referral,Small
C01446,SaaS Customer 01446,2023-02-14,R07,Referral,Large
C01447,SaaS Customer 01447,2026-03-16,R01,Organic Search,Large
C01448,SaaS Customer 01448,2026-04-12,R01,Referral,Small
C01449,SaaS Customer 01449,2025-07-11,R07,Paid Search,Enterprise
C01450,SaaS Customer 01450,2023-05-09,R02,Organic Search,Medium
C01451,SaaS Customer 01451,2024-01-02,R03,Paid Search,Large
C01452,SaaS Customer 01452,2023-02-21,R08,Paid Search,Large
C01453,SaaS Customer 01453,2023-03-05,R08,Paid Search,Large
C01454,SaaS Customer 01454,2023-11-04,R06,Outbound,Large
C01455,SaaS Customer 01455,2024-12-15,R01,Paid Search,Enterprise
C01456,SaaS Customer 01456,2023-03-23,R06,Paid Search,Medium
C01457,SaaS Customer 01457,2026-05-13,R08,Referral,Small
C01458,SaaS Customer 01458,2024-07-21,R08,Partner,Small
C01459,SaaS Customer 01459,2023-11-26,R01,Organic Search,Large
C01460,SaaS Customer 01460,2024-10-06,R03,Partner,Small
C01461,SaaS Customer 01461,2025-09-13,R03,Organic Search,Enterprise
C01462,SaaS Customer 01462,2024-01-26,R01,Paid Search,Small
C01463,SaaS Customer 01463,2023-03-01,R06,Referral,Large
C01464,SaaS Customer 01464,2023-03-05,R02,Partner,Medium
C01465,SaaS Customer 01465,2025-11-29,R03,Paid Search,Large
C01466,SaaS Customer 01466,2023-05-20,R01,Organic Search,Enterprise
C01467,SaaS Customer 01467,2025-03-04,R04,Paid Search,Medium
C01468,SaaS Customer 01468,2024-04-24,R01,Paid Search,Medium
C01469,SaaS Customer 01469,2025-08-28,R03,Outbound,Small
C01470,SaaS Customer 01470,2023-03-17,R01,Partner,Large
C01471,SaaS Customer 01471,2026-01-25,R08,Outbound,Large
C01472,SaaS Customer 01472,2025-05-21,R01,Paid Search,Small
C01473,SaaS Customer 01473,2024-07-14,R04,Referral,Small
C01474,SaaS Customer 01474,2023-09-16,R01,Organic Search,Medium
C01475,SaaS Customer 01475,2026-05-04,R01,Paid Search,Small
C01476,SaaS Customer 01476,2024-01-12,R01,Organic Search,Large
C01477,SaaS Customer 01477,2024-09-04,R01,Organic Search,Small
C01478,SaaS Customer 01478,2024-05-06,R01,Outbound,Enterprise
C01479,SaaS Customer 01479,2023-10-15,R04,Referral,Enterprise
C01480,SaaS Customer 01480,2024-06-03,R06,Partner,Large
C01481,SaaS Customer 01481,2023-07-09,R01,Partner,Medium
C01482,SaaS Customer 01482,2023-01-03,R04,Partner,Small
C01483,SaaS Customer 01483,2023-12-28,R05,Partner,Large
C01484,SaaS Customer 01484,2023-05-20,R01,Referral,Medium
C01485,SaaS Customer 01485,2024-06-01,R03,Partner,Enterprise
C01486,SaaS Customer 01486,2025-12-12,R01,Referral,Small
C01487,SaaS Customer 01487,2023-07-22,R01,Paid Search,Small
C01488,SaaS Customer 01488,2023-01-02,R04,Outbound,Enterprise
C01489,SaaS Customer 01489,2023-05-19,R08,Organic Search,Large
C01490,SaaS Customer 01490,2024-09-26,R08,Paid Search,Small
C01491,SaaS Customer 01491,2023-12-09,R08,Outbound,Medium
C01492,SaaS Customer 01492,2024-09-02,R03,Organic Search,Small
C01493,SaaS Customer 01493,2023-02-06,R01,Organic Search,Medium
C01494,SaaS Customer 01494,2024-02-20,R03,Paid Search,Small
C01495,SaaS Customer 01495,2024-05-26,R01,Paid Search,Small
C01496,SaaS Customer 01496,2024-06-22,R01,Outbound,Small
C01497,SaaS Customer 01497,2024-11-18,R01,Referral,Small
C01498,SaaS Customer 01498,2025-09-01,R04,Paid Search,Medium
C01499,SaaS Customer 01499,2024-08-06,R03,Outbound,Small
C01500,SaaS Customer 01500,2025-11-15,R01,Partner,Medium
C01501,SaaS Customer 01501,2024-10-23,R06,Outbound,Medium
C01502,SaaS Customer 01502,2023-11-21,R03,Organic Search,Medium
C01503,SaaS Customer 01503,2023-10-13,R07,Paid Search,Medium
C01504,SaaS Customer 01504,2024-02-07,R02,Organic Search,Small
C01505,SaaS Customer 01505,2025-01-15,R05,Organic Search,Small
C01506,SaaS Customer 01506,2023-10-30,R01,Referral,Large
C01507,SaaS Customer 01507,2026-02-14,R04,Organic Search,Large
C01508,SaaS Customer 01508,2024-08-21,R01,Partner,Enterprise
C01509,SaaS Customer 01509,2025-12-13,R01,Referral,Enterprise
C01510,SaaS Customer 01510,2025-05-02,R06,Organic Search,Medium
C01511,SaaS Customer 01511,2024-02-21,R02,Paid Search,Large
C01512,SaaS Customer 01512,2023-10-12,R01,Referral,Medium
C01513,SaaS Customer 01513,2025-07-17,R07,Outbound,Large
C01514,SaaS Customer 01514,2024-02-17,R01,Paid Search,Enterprise
C01515,SaaS Customer 01515,2023-11-05,R05,Outbound,Large
C01516,SaaS Customer 01516,2026-03-07,R05,Referral,Small
C01517,SaaS Customer 01517,2024-08-25,R02,Partner,Small
C01518,SaaS Customer 01518,2023-03-02,R04,Paid Search,Small
C01519,SaaS Customer 01519,2024-09-09,R01,Referral,Small
C01520,SaaS Customer 01520,2024-07-29,R06,Referral,Large
C01521,SaaS Customer 01521,2025-12-14,R01,Paid Search,Medium
C01522,SaaS Customer 01522,2025-06-07,R01,Outbound,Small
C01523,SaaS Customer 01523,2023-08-27,R03,Outbound,Medium
C01524,SaaS Customer 01524,2023-07-07,R07,Paid Search,Small
C01525,SaaS Customer 01525,2025-01-23,R06,Referral,Medium
C01526,SaaS Customer 01526,2023-03-01,R08,Partner,Small
C01527,SaaS Customer 01527,2024-02-03,R06,Referral,Medium
C01528,SaaS Customer 01528,2023-06-22,R06,Referral,Medium
C01529,SaaS Customer 01529,2023-01-26,R04,Organic Search,Large
C01530,SaaS Customer 01530,2026-02-20,R07,Organic Search,Large
C01531,SaaS Customer 01531,2023-04-23,R04,Paid Search,Small
C01532,SaaS Customer 01532,2023-01-12,R03,Outbound,Medium
C01533,SaaS Customer 01533,2026-03-10,R06,Paid Search,Small
C01534,SaaS Customer 01534,2023-08-24,R05,Outbound,Medium
C01535,SaaS Customer 01535,2025-10-16,R01,Paid Search,Medium
C01536,SaaS Customer 01536,2023-02-09,R03,Paid Search,Medium
C01537,SaaS Customer 01537,2023-07-11,R03,Outbound,Enterprise
C01538,SaaS Customer 01538,2023-05-19,R07,Partner,Small
C01539,SaaS Customer 01539,2025-05-31,R03,Paid Search,Large
C01540,SaaS Customer 01540,2025-02-12,R06,Organic Search,Small
C01541,SaaS Customer 01541,2024-08-16,R04,Organic Search,Medium
C01542,SaaS Customer 01542,2023-10-29,R06,Organic Search,Large
C01543,SaaS Customer 01543,2023-04-21,R01,Paid Search,Medium
C01544,SaaS Customer 01544,2024-12-11,R07,Partner,Large
C01545,SaaS Customer 01545,2023-10-15,R04,Paid Search,Large
C01546,SaaS Customer 01546,2025-01-06,R02,Organic Search,Small
C01547,SaaS Customer 01547,2025-05-07,R02,Organic Search,Enterprise
C01548,SaaS Customer 01548,2025-11-26,R02,Paid Search,Enterprise
C01549,SaaS Customer 01549,2024-09-08,R03,Outbound,Medium
C01550,SaaS Customer 01550,2023-01-06,R06,Paid Search,Small
C01551,SaaS Customer 01551,2023-12-17,R08,Organic Search,Small
C01552,SaaS Customer 01552,2025-12-01,R06,Partner,Large
C01553,SaaS Customer 01553,2024-10-27,R05,Outbound,Enterprise
C01554,SaaS Customer 01554,2025-02-11,R04,Referral,Large
C01555,SaaS Customer 01555,2024-07-25,R06,Referral,Small
C01556,SaaS Customer 01556,2023-07-23,R07,Outbound,Small
C01557,SaaS Customer 01557,2026-01-24,R02,Partner,Medium
C01558,SaaS Customer 01558,2025-08-22,R08,Outbound,Small
C01559,SaaS Customer 01559,2026-05-26,R03,Organic Search,Small
C01560,SaaS Customer 01560,2025-12-03,R06,Referral,Small
C01561,SaaS Customer 01561,2023-12-30,R08,Outbound,Small
C01562,SaaS Customer 01562,2023-11-14,R06,Outbound,Small
C01563,SaaS Customer 01563,2023-11-07,R01,Paid Search,Large
C01564,SaaS Customer 01564,2026-02-20,R05,Referral,Small
C01565,SaaS Customer 01565,2024-11-26,R01,Organic Search,Medium
C01566,SaaS Customer 01566,2024-07-21,R06,Partner,Medium
C01567,SaaS Customer 01567,2026-04-23,R02,Paid Search,Enterprise
C01568,SaaS Customer 01568,2025-01-23,R06,Partner,Large
C01569,SaaS Customer 01569,2026-02-08,R07,Referral,Medium
C01570,SaaS Customer 01570,2026-05-13,R01,Paid Search,Large
C01571,SaaS Customer 01571,2023-04-10,R03,Organic Search,Medium
C01572,SaaS Customer 01572,2024-03-27,R06,Paid Search,Medium
C01573,SaaS Customer 01573,2025-07-05,R03,Referral,Medium
C01574,SaaS Customer 01574,2025-10-11,R01,Referral,Medium
C01575,SaaS Customer 01575,2023-07-05,R01,Referral,Medium
C01576,SaaS Customer 01576,2024-02-02,R03,Organic Search,Small
C01577,SaaS Customer 01577,2024-11-15,R06,Referral,Small
C01578,SaaS Customer 01578,2025-09-24,R05,Referral,Small
C01579,SaaS Customer 01579,2023-05-21,R01,Organic Search,Medium
C01580,SaaS Customer 01580,2025-01-19,R04,Paid Search,Medium
C01581,SaaS Customer 01581,2024-01-05,R03,Paid Search,Medium
C01582,SaaS Customer 01582,2023-09-28,R02,Paid Search,Small
C01583,SaaS Customer 01583,2024-10-05,R06,Organic Search,Small
C01584,SaaS Customer 01584,2024-05-31,R02,Organic Search,Small
C01585,SaaS Customer 01585,2025-03-04,R05,Organic Search,Medium
C01586,SaaS Customer 01586,2024-02-01,R07,Organic Search,Small
C01587,SaaS Customer 01587,2025-10-24,R05,Organic Search,Small
C01588,SaaS Customer 01588,2023-04-08,R06,Referral,Small
C01589,SaaS Customer 01589,2025-12-11,R01,Partner,Medium
C01590,SaaS Customer 01590,2023-02-07,R01,Paid Search,Small
C01591,SaaS Customer 01591,2025-07-07,R01,Referral,Medium
C01592,SaaS Customer 01592,2024-03-08,R06,Partner,Medium
C01593,SaaS Customer 01593,2024-04-23,R06,Organic Search,Enterprise
C01594,SaaS Customer 01594,2023-01-24,R01,Organic Search,Medium
C01595,SaaS Customer 01595,2025-05-26,R01,Organic Search,Small
C01596,SaaS Customer 01596,2023-07-26,R03,Partner,Small
C01597,SaaS Customer 01597,2025-04-02,R06,Paid Search,Large
C01598,SaaS Customer 01598,2025-06-24,R06,Paid Search,Small
C01599,SaaS Customer 01599,2025-11-20,R06,Partner,Enterprise
C01600,SaaS Customer 01600,2025-06-02,R07,Outbound,Medium
C01601,SaaS Customer 01601,2024-01-12,R02,Paid Search,Small
C01602,SaaS Customer 01602,2025-07-10,R06,Partner,Small
C01603,SaaS Customer 01603,2025-10-27,R05,Paid Search,Large
C01604,SaaS Customer 01604,2024-01-31,R02,Referral,Enterprise
C01605,SaaS Customer 01605,2023-06-04,R07,Referral,Large
C01606,SaaS Customer 01606,2026-01-15,R01,Referral,Small
C01607,SaaS Customer 01607,2023-07-04,R06,Organic Search,Large
C01608,SaaS Customer 01608,2025-01-11,R06,Paid Search,Small
C01609,SaaS Customer 01609,2023-10-22,R07,Referral,Small
C01610,SaaS Customer 01610,2023-06-07,R04,Paid Search,Medium
C01611,SaaS Customer 01611,2025-08-26,R03,Outbound,Enterprise
C01612,SaaS Customer 01612,2023-06-29,R06,Paid Search,Medium
C01613,SaaS Customer 01613,2025-04-16,R06,Paid Search,Medium
C01614,SaaS Customer 01614,2025-05-14,R04,Paid Search,Small
C01615,SaaS Customer 01615,2023-03-17,R06,Paid Search,Small
C01616,SaaS Customer 01616,2023-08-04,R02,Referral,Small
C01617,SaaS Customer 01617,2025-09-18,R05,Organic Search,Large
C01618,SaaS Customer 01618,2024-09-25,R07,Partner,Small
C01619,SaaS Customer 01619,2023-06-01,R03,Partner,Medium
C01620,SaaS Customer 01620,2026-05-22,R04,Outbound,Small
C01621,SaaS Customer 01621,2023-11-27,R08,Partner,Medium
C01622,SaaS Customer 01622,2023-01-06,R06,Outbound,Small
C01623,SaaS Customer 01623,2026-02-27,R07,Outbound,Small
C01624,SaaS Customer 01624,2023-01-21,R03,Paid Search,Medium
C01625,SaaS Customer 01625,2024-11-21,R08,Outbound,Medium
C01626,SaaS Customer 01626,2026-05-24,R01,Outbound,Enterprise
C01627,SaaS Customer 01627,2024-12-22,R04,Organic Search,Small
C01628,SaaS Customer 01628,2024-12-30,R04,Partner,Medium
C01629,SaaS Customer 01629,2024-04-29,R06,Paid Search,Large
C01630,SaaS Customer 01630,2023-06-08,R07,Partner,Small
C01631,SaaS Customer 01631,2024-12-15,R06,Organic Search,Large
C01632,SaaS Customer 01632,2026-01-24,R06,Referral,Enterprise
C01633,SaaS Customer 01633,2023-04-24,R03,Paid Search,Large
C01634,SaaS Customer 01634,2026-01-03,R04,Partner,Medium
C01635,SaaS Customer 01635,2024-06-01,R04,Organic Search,Medium
C01636,SaaS Customer 01636,2024-10-31,R01,Referral,Medium
C01637,SaaS Customer 01637,2023-07-26,R04,Paid Search,Medium
C01638,SaaS Customer 01638,2025-02-14,R07,Partner,Enterprise
C01639,SaaS Customer 01639,2023-08-16,R06,Paid Search,Small
C01640,SaaS Customer 01640,2023-12-07,R06,Organic Search,Large
C01641,SaaS Customer 01641,2025-06-19,R03,Paid Search,Medium
C01642,SaaS Customer 01642,2023-03-05,R04,Outbound,Small
C01643,SaaS Customer 01643,2024-07-12,R01,Organic Search,Medium
C01644,SaaS Customer 01644,2025-01-12,R03,Referral,Large
C01645,SaaS Customer 01645,2023-06-14,R04,Organic Search,Medium
C01646,SaaS Customer 01646,2024-01-03,R02,Referral,Large
C01647,SaaS Customer 01647,2024-03-04,R01,Organic Search,Small
C01648,SaaS Customer 01648,2025-04-08,R06,Paid Search,Enterprise
C01649,SaaS Customer 01649,2026-05-03,R03,Paid Search,Medium
C01650,SaaS Customer 01650,2025-11-09,R03,Organic Search,Large
C01651,SaaS Customer 01651,2023-08-25,R02,Paid Search,Small
C01652,SaaS Customer 01652,2023-01-23,R05,Paid Search,Medium
C01653,SaaS Customer 01653,2023-03-06,R03,Partner,Large
C01654,SaaS Customer 01654,2025-01-13,R04,Outbound,Small
C01655,SaaS Customer 01655,2023-07-15,R05,Paid Search,Small
C01656,SaaS Customer 01656,2023-10-16,R01,Outbound,Large
C01657,SaaS Customer 01657,2025-11-23,R07,Paid Search,Large
C01658,SaaS Customer 01658,2025-12-26,R01,Organic Search,Large
C01659,SaaS Customer 01659,2025-11-13,R04,Organic Search,Large
C01660,SaaS Customer 01660,2023-11-13,R01,Paid Search,Enterprise
C01661,SaaS Customer 01661,2025-02-12,R04,Paid Search,Medium
C01662,SaaS Customer 01662,2025-02-01,R02,Outbound,Medium
C01663,SaaS Customer 01663,2023-08-20,R07,Referral,Large
C01664,SaaS Customer 01664,2024-11-21,R03,Partner,Medium
C01665,SaaS Customer 01665,2024-10-17,R06,Paid Search,Small
C01666,SaaS Customer 01666,2024-05-09,R02,Paid Search,Small
C01667,SaaS Customer 01667,2025-07-27,R01,Partner,Medium
C01668,SaaS Customer 01668,2025-04-25,R03,Organic Search,Large
C01669,SaaS Customer 01669,2024-10-26,R05,Organic Search,Medium
C01670,SaaS Customer 01670,2025-06-24,R04,Paid Search,Large
C01671,SaaS Customer 01671,2025-08-10,R08,Organic Search,Large
C01672,SaaS Customer 01672,2024-12-08,R06,Referral,Small
C01673,SaaS Customer 01673,2023-12-01,R08,Organic Search,Medium
C01674,SaaS Customer 01674,2025-08-04,R02,Organic Search,Medium
C01675,SaaS Customer 01675,2025-06-14,R06,Outbound,Small
C01676,SaaS Customer 01676,2026-05-12,R05,Outbound,Medium
C01677,SaaS Customer 01677,2023-07-06,R06,Paid Search,Medium
C01678,SaaS Customer 01678,2024-06-07,R08,Paid Search,Large
C01679,SaaS Customer 01679,2026-02-27,R06,Referral,Medium
C01680,SaaS Customer 01680,2024-10-04,R07,Organic Search,Small
C01681,SaaS Customer 01681,2026-03-22,R06,Paid Search,Medium
C01682,SaaS Customer 01682,2023-01-16,R01,Organic Search,Large
C01683,SaaS Customer 01683,2023-02-13,R06,Paid Search,Medium
C01684,SaaS Customer 01684,2025-09-20,R04,Outbound,Small
C01685,SaaS Customer 01685,2024-03-23,R07,Referral,Enterprise
C01686,SaaS Customer 01686,2024-10-11,R06,Outbound,Small
C01687,SaaS Customer 01687,2024-06-18,R01,Referral,Small
C01688,SaaS Customer 01688,2024-05-24,R01,Partner,Medium
C01689,SaaS Customer 01689,2026-03-18,R01,Referral,Large
C01690,SaaS Customer 01690,2023-04-28,R04,Partner,Large
C01691,SaaS Customer 01691,2025-08-21,R01,Paid Search,Small
C01692,SaaS Customer 01692,2026-01-15,R06,Paid Search,Large
C01693,SaaS Customer 01693,2025-03-31,R05,Partner,Medium
C01694,SaaS Customer 01694,2024-05-07,R06,Organic Search,Large
C01695,SaaS Customer 01695,2023-07-19,R02,Paid Search,Large
C01696,SaaS Customer 01696,2025-05-01,R04,Organic Search,Large
C01697,SaaS Customer 01697,2024-08-08,R01,Partner,Small
C01698,SaaS Customer 01698,2023-07-06,R07,Organic Search,Small
C01699,SaaS Customer 01699,2024-03-24,R01,Paid Search,Enterprise
C01700,SaaS Customer 01700,2026-04-15,R01,Paid Search,Medium
C01701,SaaS Customer 01701,2023-11-28,R01,Organic Search,Medium
C01702,SaaS Customer 01702,2023-08-11,R06,Outbound,Enterprise
C01703,SaaS Customer 01703,2025-05-01,R01,Paid Search,Large
C01704,SaaS Customer 01704,2023-09-07,R06,Paid Search,Medium
C01705,SaaS Customer 01705,2026-02-22,R06,Organic Search,Large
C01706,SaaS Customer 01706,2025-12-08,R06,Referral,Small
C01707,SaaS Customer 01707,2026-05-12,R01,Partner,Large
C01708,SaaS Customer 01708,2026-02-12,R01,Paid Search,Enterprise
C01709,SaaS Customer 01709,2023-11-01,R04,Organic Search,Small
C01710,SaaS Customer 01710,2023-09-22,R01,Referral,Small
C01711,SaaS Customer 01711,2024-03-03,R06,Outbound,Large
C01712,SaaS Customer 01712,2024-08-09,R03,Paid Search,Medium
C01713,SaaS Customer 01713,2026-01-03,R04,Organic Search,Small
C01714,SaaS Customer 01714,2025-07-04,R01,Organic Search,Small
C01715,SaaS Customer 01715,2025-03-15,R05,Organic Search,Small
C01716,SaaS Customer 01716,2026-01-01,R01,Referral,Small
C01717,SaaS Customer 01717,2025-03-17,R06,Outbound,Large
C01718,SaaS Customer 01718,2024-04-18,R01,Outbound,Medium
C01719,SaaS Customer 01719,2024-05-30,R08,Referral,Large
C01720,SaaS Customer 01720,2024-10-07,R06,Organic Search,Small
C01721,SaaS Customer 01721,2023-04-21,R01,Outbound,Medium
C01722,SaaS Customer 01722,2025-07-14,R01,Paid Search,Small
C01723,SaaS Customer 01723,2025-03-25,R03,Paid Search,Large
C01724,SaaS Customer 01724,2025-07-01,R01,Referral,Enterprise
C01725,SaaS Customer 01725,2024-10-28,R01,Organic Search,Medium
C01726,SaaS Customer 01726,2025-09-04,R07,Referral,Enterprise
C01727,SaaS Customer 01727,2026-03-31,R06,Outbound,Small
C01728,SaaS Customer 01728,2024-12-12,R01,Referral,Small
C01729,SaaS Customer 01729,2024-07-08,R05,Referral,Large
C01730,SaaS Customer 01730,2023-05-11,R02,Paid Search,Small
C01731,SaaS Customer 01731,2025-08-29,R08,Organic Search,Enterprise
C01732,SaaS Customer 01732,2026-02-02,R01,Referral,Small
C01733,SaaS Customer 01733,2025-05-22,R06,Partner,Large
C01734,SaaS Customer 01734,2025-12-16,R06,Outbound,Small
C01735,SaaS Customer 01735,2025-12-10,R01,Organic Search,Small
C01736,SaaS Customer 01736,2025-09-23,R01,Paid Search,Medium
C01737,SaaS Customer 01737,2024-09-19,R03,Paid Search,Enterprise
C01738,SaaS Customer 01738,2023-05-05,R07,Referral,Medium
C01739,SaaS Customer 01739,2023-01-05,R05,Referral,Medium
C01740,SaaS Customer 01740,2023-09-13,R06,Outbound,Small
C01741,SaaS Customer 01741,2024-06-21,R06,Paid Search,Small
C01742,SaaS Customer 01742,2025-07-17,R06,Paid Search,Small
C01743,SaaS Customer 01743,2024-07-22,R04,Organic Search,Large
C01744,SaaS Customer 01744,2023-01-29,R04,Organic Search,Small
C01745,SaaS Customer 01745,2023-09-20,R06,Paid Search,Small
C01746,SaaS Customer 01746,2026-05-07,R02,Partner,Medium
C01747,SaaS Customer 01747,2026-05-18,R07,Paid Search,Medium
C01748,SaaS Customer 01748,2024-04-15,R01,Paid Search,Small
C01749,SaaS Customer 01749,2025-10-01,R01,Partner,Small
C01750,SaaS Customer 01750,2025-06-16,R06,Referral,Medium
C01751,SaaS Customer 01751,2026-03-08,R03,Organic Search,Large
C01752,SaaS Customer 01752,2026-01-12,R01,Paid Search,Small
C01753,SaaS Customer 01753,2025-02-23,R01,Referral,Medium
C01754,SaaS Customer 01754,2024-05-07,R05,Referral,Small
C01755,SaaS Customer 01755,2025-02-21,R07,Referral,Large
C01756,SaaS Customer 01756,2024-02-03,R01,Organic Search,Enterprise
C01757,SaaS Customer 01757,2024-03-10,R01,Partner,Small
C01758,SaaS Customer 01758,2025-01-29,R04,Outbound,Medium
C01759,SaaS Customer 01759,2024-12-14,R08,Paid Search,Small
C01760,SaaS Customer 01760,2024-12-26,R02,Paid Search,Large
C01761,SaaS Customer 01761,2024-04-25,R08,Outbound,Medium
C01762,SaaS Customer 01762,2024-05-25,R07,Organic Search,Medium
C01763,SaaS Customer 01763,2023-01-13,R02,Referral,Small
C01764,SaaS Customer 01764,2025-01-21,R06,Outbound,Small
C01765,SaaS Customer 01765,2024-12-19,R06,Organic Search,Medium
C01766,SaaS Customer 01766,2026-03-13,R04,Referral,Medium
C01767,SaaS Customer 01767,2024-09-21,R03,Paid Search,Large
C01768,SaaS Customer 01768,2024-08-06,R06,Outbound,Large
C01769,SaaS Customer 01769,2023-03-26,R06,Outbound,Medium
C01770,SaaS Customer 01770,2023-09-03,R06,Outbound,Medium
C01771,SaaS Customer 01771,2024-02-26,R08,Organic Search,Enterprise
C01772,SaaS Customer 01772,2024-04-15,R04,Referral,Large
C01773,SaaS Customer 01773,2024-03-28,R06,Outbound,Large
C01774,SaaS Customer 01774,2024-05-06,R07,Partner,Enterprise
C01775,SaaS Customer 01775,2025-08-17,R01,Partner,Small
C01776,SaaS Customer 01776,2023-06-13,R01,Organic Search,Medium
C01777,SaaS Customer 01777,2024-02-19,R03,Outbound,Medium
C01778,SaaS Customer 01778,2023-07-23,R07,Organic Search,Small
C01779,SaaS Customer 01779,2024-01-20,R02,Paid Search,Medium
C01780,SaaS Customer 01780,2025-05-04,R06,Outbound,Medium
C01781,SaaS Customer 01781,2023-02-28,R01,Outbound,Medium
C01782,SaaS Customer 01782,2024-02-28,R03,Outbound,Small
C01783,SaaS Customer 01783,2023-01-30,R06,Paid Search,Large
C01784,SaaS Customer 01784,2026-04-06,R01,Organic Search,Medium
C01785,SaaS Customer 01785,2025-06-26,R07,Paid Search,Medium
C01786,SaaS Customer 01786,2023-11-01,R01,Organic Search,Small
C01787,SaaS Customer 01787,2023-09-05,R07,Outbound,Medium
C01788,SaaS Customer 01788,2023-05-04,R01,Partner,Small
C01789,SaaS Customer 01789,2024-08-13,R08,Paid Search,Small
C01790,SaaS Customer 01790,2025-07-29,R06,Organic Search,Small
C01791,SaaS Customer 01791,2024-12-30,R01,Paid Search,Large
C01792,SaaS Customer 01792,2026-01-04,R01,Outbound,Small
C01793,SaaS Customer 01793,2024-03-05,R01,Referral,Medium
C01794,SaaS Customer 01794,2023-12-14,R05,Organic Search,Large
C01795,SaaS Customer 01795,2024-08-19,R06,Organic Search,Medium
C01796,SaaS Customer 01796,2023-09-10,R03,Paid Search,Large
C01797,SaaS Customer 01797,2026-05-02,R04,Organic Search,Small
C01798,SaaS Customer 01798,2023-08-20,R05,Outbound,Small
C01799,SaaS Customer 01799,2024-08-20,R05,Partner,Small
C01800,SaaS Customer 01800,2024-10-13,R06,Organic Search,Medium
C01801,SaaS Customer 01801,2023-03-13,R04,Referral,Enterprise
C01802,SaaS Customer 01802,2024-08-07,R06,Paid Search,Medium
C01803,SaaS Customer 01803,2024-07-21,R08,Organic Search,Medium
C01804,SaaS Customer 01804,2023-11-20,R03,Partner,Small
C01805,SaaS Customer 01805,2023-06-09,R01,Organic Search,Enterprise
C01806,SaaS Customer 01806,2023-02-26,R01,Paid Search,Medium
C01807,SaaS Customer 01807,2023-01-11,R05,Referral,Small
C01808,SaaS Customer 01808,2024-08-23,R03,Outbound,Enterprise
C01809,SaaS Customer 01809,2023-04-23,R08,Paid Search,Medium
C01810,SaaS Customer 01810,2026-04-12,R06,Partner,Small
C01811,SaaS Customer 01811,2023-11-02,R04,Organic Search,Small
C01812,SaaS Customer 01812,2025-03-25,R06,Partner,Small
C01813,SaaS Customer 01813,2025-04-20,R02,Organic Search,Large
C01814,SaaS Customer 01814,2024-09-10,R06,Partner,Medium
C01815,SaaS Customer 01815,2026-01-07,R01,Organic Search,Enterprise
C01816,SaaS Customer 01816,2023-05-19,R06,Outbound,Small
C01817,SaaS Customer 01817,2023-10-20,R08,Outbound,Medium
C01818,SaaS Customer 01818,2023-11-12,R06,Paid Search,Medium
C01819,SaaS Customer 01819,2023-06-18,R07,Referral,Medium
C01820,SaaS Customer 01820,2024-01-03,R03,Organic Search,Medium
C01821,SaaS Customer 01821,2024-01-26,R06,Referral,Medium
C01822,SaaS Customer 01822,2025-08-12,R05,Paid Search,Medium
C01823,SaaS Customer 01823,2024-01-12,R06,Organic Search,Large
C01824,SaaS Customer 01824,2025-12-30,R01,Referral,Small
C01825,SaaS Customer 01825,2025-08-22,R01,Paid Search,Medium
C01826,SaaS Customer 01826,2026-01-30,R05,Partner,Medium
C01827,SaaS Customer 01827,2023-05-12,R01,Partner,Small
C01828,SaaS Customer 01828,2026-05-13,R06,Organic Search,Small
C01829,SaaS Customer 01829,2025-02-05,R07,Organic Search,Enterprise
C01830,SaaS Customer 01830,2026-05-10,R07,Partner,Small
C01831,SaaS Customer 01831,2024-03-18,R01,Partner,Small
C01832,SaaS Customer 01832,2026-04-04,R08,Organic Search,Medium
C01833,SaaS Customer 01833,2025-01-04,R01,Paid Search,Small
C01834,SaaS Customer 01834,2023-03-31,R04,Partner,Small
C01835,SaaS Customer 01835,2024-05-26,R07,Partner,Small
C01836,SaaS Customer 01836,2023-06-21,R01,Referral,Small
C01837,SaaS Customer 01837,2026-03-20,R01,Paid Search,Medium
C01838,SaaS Customer 01838,2024-01-15,R01,Partner,Large
C01839,SaaS Customer 01839,2023-10-05,R04,Partner,Small
C01840,SaaS Customer 01840,2024-11-21,R06,Paid Search,Medium
C01841,SaaS Customer 01841,2024-06-14,R01,Organic Search,Medium
C01842,SaaS Customer 01842,2023-05-02,R01,Organic Search,Small
C01843,SaaS Customer 01843,2025-10-15,R05,Referral,Medium
C01844,SaaS Customer 01844,2025-11-21,R01,Organic Search,Small
C01845,SaaS Customer 01845,2025-07-16,R06,Partner,Small
C01846,SaaS Customer 01846,2025-02-08,R08,Partner,Small
C01847,SaaS Customer 01847,2024-05-17,R06,Paid Search,Small
C01848,SaaS Customer 01848,2024-11-07,R07,Referral,Large
C01849,SaaS Customer 01849,2024-10-12,R04,Referral,Enterprise
C01850,SaaS Customer 01850,2023-07-26,R06,Organic Search,Large
C01851,SaaS Customer 01851,2023-04-13,R01,Referral,Small
C01852,SaaS Customer 01852,2023-11-13,R01,Paid Search,Large
C01853,SaaS Customer 01853,2024-07-21,R06,Paid Search,Medium
C01854,SaaS Customer 01854,2023-07-20,R01,Referral,Small
C01855,SaaS Customer 01855,2023-05-14,R07,Referral,Enterprise
C01856,SaaS Customer 01856,2025-11-29,R06,Paid Search,Large
C01857,SaaS Customer 01857,2024-04-12,R08,Outbound,Small
C01858,SaaS Customer 01858,2024-12-30,R03,Partner,Enterprise
C01859,SaaS Customer 01859,2024-10-15,R04,Partner,Small
C01860,SaaS Customer 01860,2025-07-06,R06,Organic Search,Medium
C01861,SaaS Customer 01861,2025-07-12,R02,Organic Search,Small
C01862,SaaS Customer 01862,2024-01-05,R05,Paid Search,Small
C01863,SaaS Customer 01863,2025-11-24,R06,Partner,Enterprise
C01864,SaaS Customer 01864,2024-04-08,R08,Partner,Medium
C01865,SaaS Customer 01865,2025-11-08,R06,Referral,Small
C01866,SaaS Customer 01866,2024-05-20,R01,Organic Search,Large
C01867,SaaS Customer 01867,2023-05-19,R04,Referral,Large
C01868,SaaS Customer 01868,2025-08-06,R05,Referral,Enterprise
C01869,SaaS Customer 01869,2023-02-07,R01,Referral,Enterprise
C01870,SaaS Customer 01870,2025-08-21,R03,Referral,Large
C01871,SaaS Customer 01871,2023-02-23,R02,Outbound,Medium
C01872,SaaS Customer 01872,2023-09-16,R01,Organic Search,Small
C01873,SaaS Customer 01873,2025-01-22,R04,Referral,Enterprise
C01874,SaaS Customer 01874,2026-03-21,R01,Outbound,Small
C01875,SaaS Customer 01875,2024-05-24,R06,Partner,Small
C01876,SaaS Customer 01876,2023-05-31,R01,Organic Search,Medium
C01877,SaaS Customer 01877,2023-10-18,R06,Outbound,Small
C01878,SaaS Customer 01878,2026-01-23,R01,Organic Search,Medium
C01879,SaaS Customer 01879,2025-06-25,R07,Paid Search,Large
C01880,SaaS Customer 01880,2023-05-06,R01,Organic Search,Medium
C01881,SaaS Customer 01881,2024-04-25,R04,Paid Search,Medium
C01882,SaaS Customer 01882,2023-11-27,R03,Paid Search,Medium
C01883,SaaS Customer 01883,2023-08-10,R01,Paid Search,Medium
C01884,SaaS Customer 01884,2025-11-22,R04,Outbound,Small
C01885,SaaS Customer 01885,2025-02-09,R07,Paid Search,Small
C01886,SaaS Customer 01886,2023-08-13,R07,Partner,Medium
C01887,SaaS Customer 01887,2025-03-23,R02,Outbound,Medium
C01888,SaaS Customer 01888,2024-05-31,R01,Referral,Small
C01889,SaaS Customer 01889,2023-03-18,R06,Organic Search,Small
C01890,SaaS Customer 01890,2024-07-15,R05,Organic Search,Small
C01891,SaaS Customer 01891,2023-08-20,R01,Partner,Medium
C01892,SaaS Customer 01892,2023-11-03,R06,Referral,Medium
C01893,SaaS Customer 01893,2026-01-01,R04,Partner,Medium
C01894,SaaS Customer 01894,2025-06-05,R06,Organic Search,Large
C01895,SaaS Customer 01895,2023-06-17,R03,Referral,Large
C01896,SaaS Customer 01896,2025-11-28,R03,Referral,Small
C01897,SaaS Customer 01897,2024-12-17,R01,Partner,Medium
C01898,SaaS Customer 01898,2025-12-27,R06,Outbound,Small
C01899,SaaS Customer 01899,2025-07-21,R01,Referral,Small
C01900,SaaS Customer 01900,2024-02-28,R06,Referral,Medium
C01901,SaaS Customer 01901,2024-10-29,R06,Referral,Small
C01902,SaaS Customer 01902,2024-10-24,R06,Referral,Small
C01903,SaaS Customer 01903,2025-06-17,R01,Partner,Large
C01904,SaaS Customer 01904,2023-11-07,R02,Paid Search,Large
C01905,SaaS Customer 01905,2024-02-20,R04,Referral,Enterprise
C01906,SaaS Customer 01906,2023-11-02,R06,Partner,Large
C01907,SaaS Customer 01907,2024-01-05,R07,Paid Search,Small
C01908,SaaS Customer 01908,2023-07-21,R03,Organic Search,Medium
C01909,SaaS Customer 01909,2023-02-15,R07,Referral,Small
C01910,SaaS Customer 01910,2026-03-19,R01,Partner,Medium
C01911,SaaS Customer 01911,2023-04-03,R03,Paid Search,Small
C01912,SaaS Customer 01912,2026-01-13,R01,Paid Search,Small
C01913,SaaS Customer 01913,2023-01-04,R06,Organic Search,Small
C01914,SaaS Customer 01914,2025-08-28,R01,Outbound,Large
C01915,SaaS Customer 01915,2024-02-14,R02,Outbound,Small
C01916,SaaS Customer 01916,2024-10-08,R06,Partner,Medium
C01917,SaaS Customer 01917,2023-12-19,R05,Paid Search,Large
C01918,SaaS Customer 01918,2024-09-04,R01,Referral,Large
C01919,SaaS Customer 01919,2024-07-17,R01,Partner,Small
C01920,SaaS Customer 01920,2024-10-23,R04,Outbound,Small
C01921,SaaS Customer 01921,2024-05-05,R02,Organic Search,Enterprise
C01922,SaaS Customer 01922,2024-10-31,R01,Organic Search,Medium
C01923,SaaS Customer 01923,2025-10-27,R06,Partner,Small
C01924,SaaS Customer 01924,2024-06-26,R01,Organic Search,Enterprise
C01925,SaaS Customer 01925,2024-03-26,R06,Partner,Small
C01926,SaaS Customer 01926,2023-06-14,R03,Referral,Medium
C01927,SaaS Customer 01927,2024-03-24,R01,Organic Search,Small
C01928,SaaS Customer 01928,2023-06-06,R01,Paid Search,Small
C01929,SaaS Customer 01929,2023-08-16,R01,Referral,Small
C01930,SaaS Customer 01930,2026-04-03,R01,Referral,Medium
C01931,SaaS Customer 01931,2023-04-22,R02,Paid Search,Small
C01932,SaaS Customer 01932,2024-08-24,R07,Organic Search,Medium
C01933,SaaS Customer 01933,2025-11-07,R06,Partner,Large
C01934,SaaS Customer 01934,2026-04-04,R03,Paid Search,Large
C01935,SaaS Customer 01935,2023-07-03,R05,Referral,Small
C01936,SaaS Customer 01936,2023-07-24,R05,Partner,Large
C01937,SaaS Customer 01937,2024-04-10,R06,Organic Search,Small
C01938,SaaS Customer 01938,2024-11-22,R01,Referral,Medium
C01939,SaaS Customer 01939,2026-04-12,R02,Partner,Small
C01940,SaaS Customer 01940,2023-09-17,R02,Organic Search,Medium
C01941,SaaS Customer 01941,2023-07-25,R01,Partner,Small
C01942,SaaS Customer 01942,2023-11-12,R03,Outbound,Medium
C01943,SaaS Customer 01943,2025-12-27,R07,Referral,Small
C01944,SaaS Customer 01944,2023-02-07,R07,Paid Search,Small
C01945,SaaS Customer 01945,2024-04-19,R01,Referral,Medium
C01946,SaaS Customer 01946,2023-05-29,R04,Paid Search,Small
C01947,SaaS Customer 01947,2023-07-16,R03,Partner,Medium
C01948,SaaS Customer 01948,2026-02-18,R04,Partner,Medium
C01949,SaaS Customer 01949,2023-01-03,R05,Organic Search,Medium
C01950,SaaS Customer 01950,2024-02-06,R01,Paid Search,Large
C01951,SaaS Customer 01951,2026-02-16,R07,Outbound,Large
C01952,SaaS Customer 01952,2025-01-28,R08,Organic Search,Enterprise
C01953,SaaS Customer 01953,2023-03-31,R06,Referral,Small
C01954,SaaS Customer 01954,2024-08-03,R06,Referral,Medium
C01955,SaaS Customer 01955,2026-04-26,R04,Partner,Large
C01956,SaaS Customer 01956,2024-05-14,R03,Organic Search,Small
C01957,SaaS Customer 01957,2024-10-21,R01,Organic Search,Small
C01958,SaaS Customer 01958,2024-10-25,R05,Organic Search,Small
C01959,SaaS Customer 01959,2025-04-04,R01,Partner,Medium
C01960,SaaS Customer 01960,2023-08-22,R06,Outbound,Small
C01961,SaaS Customer 01961,2025-11-13,R03,Outbound,Medium
C01962,SaaS Customer 01962,2026-05-18,R03,Organic Search,Medium
C01963,SaaS Customer 01963,2023-06-27,R03,Organic Search,Medium
C01964,SaaS Customer 01964,2025-10-18,R08,Organic Search,Small
C01965,SaaS Customer 01965,2025-10-16,R01,Outbound,Large
C01966,SaaS Customer 01966,2025-07-14,R01,Organic Search,Medium
C01967,SaaS Customer 01967,2024-04-07,R01,Organic Search,Small
C01968,SaaS Customer 01968,2024-08-08,R06,Partner,Small
C01969,SaaS Customer 01969,2025-11-13,R08,Partner,Small
C01970,SaaS Customer 01970,2023-07-10,R01,Organic Search,Enterprise
C01971,SaaS Customer 01971,2025-10-31,R07,Referral,Small
C01972,SaaS Customer 01972,2026-02-22,R02,Organic Search,Small
C01973,SaaS Customer 01973,2025-04-30,R06,Organic Search,Small
C01974,SaaS Customer 01974,2024-03-02,R01,Organic Search,Small
C01975,SaaS Customer 01975,2024-11-28,R04,Paid Search,Small
C01976,SaaS Customer 01976,2023-03-04,R06,Outbound,Large
C01977,SaaS Customer 01977,2026-03-08,R05,Partner,Medium
C01978,SaaS Customer 01978,2024-03-03,R01,Referral,Large
C01979,SaaS Customer 01979,2023-03-13,R06,Paid Search,Small
C01980,SaaS Customer 01980,2025-09-18,R08,Referral,Medium
C01981,SaaS Customer 01981,2025-03-31,R04,Outbound,Large
C01982,SaaS Customer 01982,2025-02-16,R06,Paid Search,Medium
C01983,SaaS Customer 01983,2023-03-09,R06,Outbound,Large
C01984,SaaS Customer 01984,2025-07-26,R02,Partner,Small
C01985,SaaS Customer 01985,2025-03-06,R07,Referral,Medium
C01986,SaaS Customer 01986,2025-09-17,R02,Organic Search,Medium
C01987,SaaS Customer 01987,2025-10-29,R06,Partner,Small
C01988,SaaS Customer 01988,2023-09-22,R01,Partner,Large
C01989,SaaS Customer 01989,2023-09-20,R02,Outbound,Small
C01990,SaaS Customer 01990,2026-02-26,R05,Outbound,Small
C01991,SaaS Customer 01991,2024-10-24,R04,Paid Search,Large
C01992,SaaS Customer 01992,2024-06-30,R07,Outbound,Medium
C01993,SaaS Customer 01993,2023-12-25,R08,Outbound,Large
C01994,SaaS Customer 01994,2025-03-08,R01,Partner,Large
C01995,SaaS Customer 01995,2025-07-29,R02,Organic Search,Small
C01996,SaaS Customer 01996,2023-01-03,R03,Organic Search,Medium
C01997,SaaS Customer 01997,2024-11-20,R04,Organic Search,Enterprise
C01998,SaaS Customer 01998,2026-05-24,R04,Organic Search,Small
C01999,SaaS Customer 01999,2023-12-17,R07,Outbound,Medium
C02000,SaaS Customer 02000,2023-12-17,R06,Organic Search,Enterprise
C02001,SaaS Customer 02001,2025-12-31,R01,Referral,Small
C02002,SaaS Customer 02002,2023-03-19,R04,Partner,Enterprise
C02003,SaaS Customer 02003,2024-05-11,R06,Partner,Medium
C02004,SaaS Customer 02004,2024-07-25,R04,Organic Search,Large
C02005,SaaS Customer 02005,2025-09-22,R01,Partner,Medium
C02006,SaaS Customer 02006,2023-06-11,R03,Partner,Medium
C02007,SaaS Customer 02007,2024-06-25,R03,Partner,Large
C02008,SaaS Customer 02008,2023-07-10,R01,Organic Search,Small
C02009,SaaS Customer 02009,2025-09-09,R06,Referral,Medium
C02010,SaaS Customer 02010,2025-02-28,R03,Organic Search,Enterprise
C02011,SaaS Customer 02011,2024-09-11,R05,Partner,Enterprise
C02012,SaaS Customer 02012,2024-05-05,R04,Paid Search,Enterprise
C02013,SaaS Customer 02013,2023-07-11,R07,Organic Search,Medium
C02014,SaaS Customer 02014,2026-02-24,R01,Referral,Medium
C02015,SaaS Customer 02015,2025-03-19,R01,Organic Search,Medium
C02016,SaaS Customer 02016,2024-02-03,R02,Outbound,Medium
C02017,SaaS Customer 02017,2024-05-31,R03,Outbound,Medium
C02018,SaaS Customer 02018,2025-06-25,R02,Paid Search,Small
C02019,SaaS Customer 02019,2025-06-17,R06,Paid Search,Small
C02020,SaaS Customer 02020,2024-07-29,R02,Organic Search,Medium
C02021,SaaS Customer 02021,2024-01-14,R01,Outbound,Small
C02022,SaaS Customer 02022,2025-04-03,R03,Partner,Small
C02023,SaaS Customer 02023,2025-04-01,R06,Organic Search,Small
C02024,SaaS Customer 02024,2025-01-18,R07,Partner,Large
C02025,SaaS Customer 02025,2023-04-01,R06,Organic Search,Enterprise
C02026,SaaS Customer 02026,2024-08-13,R05,Partner,Medium
C02027,SaaS Customer 02027,2025-02-05,R06,Paid Search,Enterprise
C02028,SaaS Customer 02028,2026-03-31,R06,Organic Search,Large
C02029,SaaS Customer 02029,2024-10-17,R01,Referral,Small
C02030,SaaS Customer 02030,2024-03-03,R05,Organic Search,Small
C02031,SaaS Customer 02031,2024-11-24,R06,Partner,Small
C02032,SaaS Customer 02032,2023-08-10,R03,Partner,Small
C02033,SaaS Customer 02033,2023-04-24,R06,Outbound,Medium
C02034,SaaS Customer 02034,2025-04-26,R04,Paid Search,Small
C02035,SaaS Customer 02035,2026-05-15,R04,Outbound,Enterprise
C02036,SaaS Customer 02036,2025-11-21,R01,Paid Search,Medium
C02037,SaaS Customer 02037,2024-12-29,R06,Outbound,Small
C02038,SaaS Customer 02038,2023-02-20,R07,Organic Search,Enterprise
C02039,SaaS Customer 02039,2026-05-17,R01,Referral,Enterprise
C02040,SaaS Customer 02040,2024-07-15,R03,Organic Search,Large
C02041,SaaS Customer 02041,2023-12-28,R01,Outbound,Large
C02042,SaaS Customer 02042,2026-01-18,R01,Outbound,Enterprise
C02043,SaaS Customer 02043,2025-07-20,R08,Paid Search,Medium
C02044,SaaS Customer 02044,2025-07-24,R04,Partner,Large
C02045,SaaS Customer 02045,2023-12-13,R03,Partner,Small
C02046,SaaS Customer 02046,2026-05-22,R02,Organic Search,Medium
C02047,SaaS Customer 02047,2024-07-19,R08,Referral,Medium
C02048,SaaS Customer 02048,2024-10-25,R02,Referral,Small
C02049,SaaS Customer 02049,2025-07-26,R06,Partner,Small
C02050,SaaS Customer 02050,2025-04-03,R02,Organic Search,Small
C02051,SaaS Customer 02051,2023-08-04,R01,Outbound,Small
C02052,SaaS Customer 02052,2024-01-13,R06,Organic Search,Small
C02053,SaaS Customer 02053,2024-03-26,R01,Partner,Medium
C02054,SaaS Customer 02054,2026-03-28,R06,Organic Search,Large
C02055,SaaS Customer 02055,2025-06-10,R02,Organic Search,Medium
C02056,SaaS Customer 02056,2024-04-02,R06,Organic Search,Medium
C02057,SaaS Customer 02057,2025-07-05,R06,Paid Search,Small
C02058,SaaS Customer 02058,2025-07-10,R06,Partner,Large
C02059,SaaS Customer 02059,2024-05-06,R01,Partner,Small
C02060,SaaS Customer 02060,2024-05-18,R06,Referral,Small
C02061,SaaS Customer 02061,2026-01-21,R08,Referral,Medium
C02062,SaaS Customer 02062,2024-12-02,R02,Organic Search,Enterprise
C02063,SaaS Customer 02063,2023-07-06,R02,Organic Search,Enterprise
C02064,SaaS Customer 02064,2025-06-17,R06,Partner,Large
C02065,SaaS Customer 02065,2025-01-05,R01,Partner,Medium
C02066,SaaS Customer 02066,2024-09-27,R06,Partner,Medium
C02067,SaaS Customer 02067,2025-06-23,R06,Organic Search,Medium
C02068,SaaS Customer 02068,2026-02-06,R01,Referral,Small
C02069,SaaS Customer 02069,2024-02-17,R05,Organic Search,Small
C02070,SaaS Customer 02070,2024-06-07,R05,Partner,Enterprise
C02071,SaaS Customer 02071,2023-08-25,R02,Organic Search,Enterprise
C02072,SaaS Customer 02072,2025-03-18,R07,Partner,Small
C02073,SaaS Customer 02073,2024-05-17,R01,Paid Search,Small
C02074,SaaS Customer 02074,2024-03-03,R03,Referral,Small
C02075,SaaS Customer 02075,2025-05-19,R07,Organic Search,Medium
C02076,SaaS Customer 02076,2024-05-24,R01,Partner,Small
C02077,SaaS Customer 02077,2024-08-02,R06,Organic Search,Medium
C02078,SaaS Customer 02078,2024-07-03,R01,Referral,Small
C02079,SaaS Customer 02079,2023-11-19,R04,Organic Search,Small
C02080,SaaS Customer 02080,2023-06-07,R01,Organic Search,Small
C02081,SaaS Customer 02081,2025-10-29,R06,Referral,Large
C02082,SaaS Customer 02082,2023-04-25,R06,Organic Search,Small
C02083,SaaS Customer 02083,2024-02-10,R07,Organic Search,Medium
C02084,SaaS Customer 02084,2025-04-13,R08,Referral,Medium
C02085,SaaS Customer 02085,2023-06-13,R06,Referral,Large
C02086,SaaS Customer 02086,2025-03-29,R06,Outbound,Small
C02087,SaaS Customer 02087,2025-07-03,R04,Paid Search,Large
C02088,SaaS Customer 02088,2025-04-07,R07,Partner,Small
C02089,SaaS Customer 02089,2024-01-16,R06,Referral,Medium
C02090,SaaS Customer 02090,2023-01-25,R07,Organic Search,Medium
C02091,SaaS Customer 02091,2026-01-12,R01,Referral,Enterprise
C02092,SaaS Customer 02092,2024-02-12,R04,Organic Search,Enterprise
C02093,SaaS Customer 02093,2025-10-01,R06,Outbound,Large
C02094,SaaS Customer 02094,2023-09-04,R01,Partner,Enterprise
C02095,SaaS Customer 02095,2023-07-22,R01,Paid Search,Small
C02096,SaaS Customer 02096,2025-08-29,R08,Paid Search,Medium
C02097,SaaS Customer 02097,2026-03-18,R03,Organic Search,Small
C02098,SaaS Customer 02098,2025-12-10,R01,Paid Search,Small
C02099,SaaS Customer 02099,2025-07-26,R03,Referral,Medium
C02100,SaaS Customer 02100,2023-11-04,R03,Partner,Large
C02101,SaaS Customer 02101,2026-02-13,R06,Partner,Medium
C02102,SaaS Customer 02102,2025-04-13,R07,Organic Search,Large
C02103,SaaS Customer 02103,2023-08-03,R08,Referral,Medium
C02104,SaaS Customer 02104,2023-06-11,R06,Paid Search,Enterprise
C02105,SaaS Customer 02105,2025-12-23,R06,Organic Search,Large
C02106,SaaS Customer 02106,2023-12-10,R03,Outbound,Large
C02107,SaaS Customer 02107,2025-08-13,R07,Paid Search,Small
C02108,SaaS Customer 02108,2023-06-23,R01,Partner,Medium
C02109,SaaS Customer 02109,2023-12-17,R01,Outbound,Large
C02110,SaaS Customer 02110,2023-12-20,R08,Paid Search,Enterprise
C02111,SaaS Customer 02111,2023-12-17,R07,Outbound,Small
C02112,SaaS Customer 02112,2025-04-22,R02,Referral,Small
C02113,SaaS Customer 02113,2026-02-15,R06,Partner,Small
C02114,SaaS Customer 02114,2026-02-10,R04,Organic Search,Small
C02115,SaaS Customer 02115,2025-07-14,R03,Organic Search,Large
C02116,SaaS Customer 02116,2023-09-10,R02,Paid Search,Small
C02117,SaaS Customer 02117,2026-04-13,R01,Organic Search,Small
C02118,SaaS Customer 02118,2024-11-07,R05,Organic Search,Medium
C02119,SaaS Customer 02119,2024-11-12,R04,Partner,Small
C02120,SaaS Customer 02120,2025-05-25,R04,Referral,Small
C02121,SaaS Customer 02121,2025-08-17,R01,Organic Search,Medium
C02122,SaaS Customer 02122,2026-04-04,R08,Referral,Medium
C02123,SaaS Customer 02123,2024-12-27,R06,Outbound,Enterprise
C02124,SaaS Customer 02124,2025-01-31,R07,Referral,Large
C02125,SaaS Customer 02125,2025-07-19,R01,Referral,Enterprise
C02126,SaaS Customer 02126,2023-11-15,R06,Referral,Small
C02127,SaaS Customer 02127,2024-01-20,R07,Organic Search,Large
C02128,SaaS Customer 02128,2025-02-19,R03,Paid Search,Medium
C02129,SaaS Customer 02129,2023-03-22,R01,Outbound,Medium
C02130,SaaS Customer 02130,2024-02-04,R02,Referral,Medium
C02131,SaaS Customer 02131,2025-06-15,R02,Referral,Small
C02132,SaaS Customer 02132,2026-05-03,R04,Outbound,Small
C02133,SaaS Customer 02133,2024-10-10,R03,Organic Search,Large
C02134,SaaS Customer 02134,2024-05-13,R02,Paid Search,Large
C02135,SaaS Customer 02135,2024-07-03,R06,Partner,Small
C02136,SaaS Customer 02136,2025-05-05,R01,Organic Search,Medium
C02137,SaaS Customer 02137,2024-11-10,R03,Partner,Large
C02138,SaaS Customer 02138,2023-01-29,R06,Referral,Medium
C02139,SaaS Customer 02139,2024-11-03,R01,Partner,Small
C02140,SaaS Customer 02140,2024-05-14,R01,Paid Search,Large
C02141,SaaS Customer 02141,2025-05-24,R01,Referral,Medium
C02142,SaaS Customer 02142,2025-12-28,R01,Organic Search,Medium
C02143,SaaS Customer 02143,2026-04-16,R04,Outbound,Medium
C02144,SaaS Customer 02144,2025-01-31,R01,Organic Search,Medium
C02145,SaaS Customer 02145,2024-03-28,R02,Outbound,Small
C02146,SaaS Customer 02146,2024-07-08,R08,Paid Search,Enterprise
C02147,SaaS Customer 02147,2023-08-09,R07,Paid Search,Small
C02148,SaaS Customer 02148,2026-03-14,R01,Paid Search,Large
C02149,SaaS Customer 02149,2025-11-23,R03,Organic Search,Large
C02150,SaaS Customer 02150,2025-12-01,R04,Paid Search,Medium
C02151,SaaS Customer 02151,2024-02-14,R07,Referral,Medium
C02152,SaaS Customer 02152,2024-02-07,R06,Referral,Small
C02153,SaaS Customer 02153,2025-12-05,R01,Organic Search,Medium
C02154,SaaS Customer 02154,2024-11-10,R01,Referral,Medium
C02155,SaaS Customer 02155,2025-05-29,R03,Outbound,Small
C02156,SaaS Customer 02156,2024-09-03,R07,Referral,Small
C02157,SaaS Customer 02157,2024-07-06,R07,Paid Search,Enterprise
C02158,SaaS Customer 02158,2025-02-27,R01,Organic Search,Small
C02159,SaaS Customer 02159,2025-10-11,R05,Outbound,Small
C02160,SaaS Customer 02160,2024-02-21,R01,Paid Search,Small
C02161,SaaS Customer 02161,2025-10-06,R06,Paid Search,Medium
C02162,SaaS Customer 02162,2023-11-01,R07,Referral,Medium
C02163,SaaS Customer 02163,2024-05-17,R04,Organic Search,Large
C02164,SaaS Customer 02164,2026-02-13,R01,Referral,Medium
C02165,SaaS Customer 02165,2026-04-06,R05,Organic Search,Small
C02166,SaaS Customer 02166,2026-02-26,R03,Referral,Medium
C02167,SaaS Customer 02167,2024-01-30,R06,Outbound,Small
C02168,SaaS Customer 02168,2025-11-18,R03,Outbound,Large
C02169,SaaS Customer 02169,2026-03-14,R07,Outbound,Small
C02170,SaaS Customer 02170,2026-05-05,R02,Outbound,Small
C02171,SaaS Customer 02171,2023-01-27,R01,Organic Search,Medium
C02172,SaaS Customer 02172,2025-07-18,R02,Outbound,Small
C02173,SaaS Customer 02173,2026-05-28,R01,Outbound,Medium
C02174,SaaS Customer 02174,2025-08-12,R02,Partner,Medium
C02175,SaaS Customer 02175,2023-10-19,R06,Paid Search,Enterprise
C02176,SaaS Customer 02176,2025-08-09,R01,Organic Search,Small
C02177,SaaS Customer 02177,2023-05-12,R01,Partner,Medium
C02178,SaaS Customer 02178,2024-08-22,R01,Referral,Medium
C02179,SaaS Customer 02179,2025-02-20,R01,Paid Search,Small
C02180,SaaS Customer 02180,2024-07-23,R07,Paid Search,Medium
C02181,SaaS Customer 02181,2025-05-23,R08,Partner,Large
C02182,SaaS Customer 02182,2023-10-27,R01,Organic Search,Large
C02183,SaaS Customer 02183,2025-01-26,R06,Outbound,Enterprise
C02184,SaaS Customer 02184,2025-03-15,R06,Paid Search,Medium
C02185,SaaS Customer 02185,2025-03-01,R08,Organic Search,Small
C02186,SaaS Customer 02186,2023-12-28,R03,Organic Search,Enterprise
C02187,SaaS Customer 02187,2024-01-17,R02,Outbound,Small
C02188,SaaS Customer 02188,2023-11-18,R04,Outbound,Medium
C02189,SaaS Customer 02189,2024-07-30,R07,Organic Search,Large
C02190,SaaS Customer 02190,2025-01-01,R06,Organic Search,Large
C02191,SaaS Customer 02191,2024-03-28,R04,Paid Search,Enterprise
C02192,SaaS Customer 02192,2024-05-26,R02,Organic Search,Small
C02193,SaaS Customer 02193,2023-12-24,R06,Referral,Medium
C02194,SaaS Customer 02194,2023-10-01,R07,Organic Search,Small
C02195,SaaS Customer 02195,2025-03-31,R03,Partner,Large
C02196,SaaS Customer 02196,2025-10-15,R06,Paid Search,Medium
C02197,SaaS Customer 02197,2023-12-29,R03,Paid Search,Small
C02198,SaaS Customer 02198,2025-12-09,R04,Paid Search,Large
C02199,SaaS Customer 02199,2024-12-13,R04,Organic Search,Medium
C02200,SaaS Customer 02200,2023-07-29,R06,Organic Search,Medium
C02201,SaaS Customer 02201,2024-04-01,R08,Organic Search,Enterprise
C02202,SaaS Customer 02202,2023-01-10,R04,Organic Search,Medium
C02203,SaaS Customer 02203,2023-02-18,R03,Outbound,Medium
C02204,SaaS Customer 02204,2024-02-24,R03,Organic Search,Small
C02205,SaaS Customer 02205,2024-07-21,R01,Paid Search,Small
C02206,SaaS Customer 02206,2025-09-22,R02,Organic Search,Small
C02207,SaaS Customer 02207,2023-06-17,R01,Referral,Small
C02208,SaaS Customer 02208,2025-11-13,R03,Outbound,Small
C02209,SaaS Customer 02209,2023-10-20,R01,Referral,Medium
C02210,SaaS Customer 02210,2023-06-22,R03,Partner,Medium
C02211,SaaS Customer 02211,2025-05-23,R06,Referral,Small
C02212,SaaS Customer 02212,2025-08-24,R02,Paid Search,Medium
C02213,SaaS Customer 02213,2025-01-24,R06,Outbound,Enterprise
C02214,SaaS Customer 02214,2023-05-25,R07,Referral,Small
C02215,SaaS Customer 02215,2023-05-24,R05,Organic Search,Medium
C02216,SaaS Customer 02216,2024-05-01,R01,Paid Search,Small
C02217,SaaS Customer 02217,2024-07-16,R03,Organic Search,Medium
C02218,SaaS Customer 02218,2026-05-31,R06,Organic Search,Large
C02219,SaaS Customer 02219,2023-12-24,R04,Referral,Small
C02220,SaaS Customer 02220,2023-08-29,R01,Organic Search,Small
C02221,SaaS Customer 02221,2026-03-26,R04,Referral,Large
C02222,SaaS Customer 02222,2023-07-12,R05,Outbound,Small
C02223,SaaS Customer 02223,2023-02-02,R02,Paid Search,Medium
C02224,SaaS Customer 02224,2024-06-11,R06,Paid Search,Medium
C02225,SaaS Customer 02225,2024-05-15,R01,Partner,Small
C02226,SaaS Customer 02226,2025-02-12,R03,Referral,Large
C02227,SaaS Customer 02227,2025-12-31,R06,Organic Search,Medium
C02228,SaaS Customer 02228,2026-03-10,R02,Organic Search,Small
C02229,SaaS Customer 02229,2023-12-28,R06,Partner,Enterprise
C02230,SaaS Customer 02230,2026-05-09,R03,Outbound,Medium
C02231,SaaS Customer 02231,2025-02-28,R03,Paid Search,Large
C02232,SaaS Customer 02232,2023-03-28,R07,Paid Search,Small
C02233,SaaS Customer 02233,2026-03-17,R03,Outbound,Small
C02234,SaaS Customer 02234,2023-06-22,R01,Organic Search,Large
C02235,SaaS Customer 02235,2025-01-04,R07,Organic Search,Medium
C02236,SaaS Customer 02236,2025-09-13,R06,Partner,Small
C02237,SaaS Customer 02237,2023-11-08,R06,Organic Search,Large
C02238,SaaS Customer 02238,2023-12-04,R01,Organic Search,Medium
C02239,SaaS Customer 02239,2024-08-17,R01,Partner,Small
C02240,SaaS Customer 02240,2026-01-09,R06,Partner,Large
C02241,SaaS Customer 02241,2023-10-07,R01,Partner,Medium
C02242,SaaS Customer 02242,2025-04-07,R01,Paid Search,Medium
C02243,SaaS Customer 02243,2024-07-18,R06,Partner,Large
C02244,SaaS Customer 02244,2023-05-20,R02,Partner,Medium
C02245,SaaS Customer 02245,2025-06-06,R01,Referral,Enterprise
C02246,SaaS Customer 02246,2025-11-04,R01,Referral,Large
C02247,SaaS Customer 02247,2024-12-19,R04,Referral,Small
C02248,SaaS Customer 02248,2023-08-09,R06,Outbound,Medium
C02249,SaaS Customer 02249,2023-07-14,R07,Referral,Enterprise
C02250,SaaS Customer 02250,2024-06-12,R01,Organic Search,Large
C02251,SaaS Customer 02251,2024-09-24,R01,Outbound,Small
C02252,SaaS Customer 02252,2024-11-20,R04,Outbound,Small
C02253,SaaS Customer 02253,2023-11-01,R03,Paid Search,Small
C02254,SaaS Customer 02254,2024-09-16,R04,Organic Search,Large
C02255,SaaS Customer 02255,2024-01-04,R07,Partner,Enterprise
C02256,SaaS Customer 02256,2025-05-06,R05,Paid Search,Large
C02257,SaaS Customer 02257,2025-09-20,R03,Referral,Small
C02258,SaaS Customer 02258,2025-03-25,R08,Partner,Large
C02259,SaaS Customer 02259,2023-01-02,R01,Organic Search,Small
C02260,SaaS Customer 02260,2026-05-23,R08,Organic Search,Medium
C02261,SaaS Customer 02261,2023-01-30,R04,Outbound,Small
C02262,SaaS Customer 02262,2026-06-01,R04,Organic Search,Medium
C02263,SaaS Customer 02263,2023-02-09,R07,Referral,Medium
C02264,SaaS Customer 02264,2024-10-06,R04,Paid Search,Small
C02265,SaaS Customer 02265,2023-05-13,R03,Paid Search,Small
C02266,SaaS Customer 02266,2023-04-29,R02,Partner,Large
C02267,SaaS Customer 02267,2025-05-02,R06,Organic Search,Small
C02268,SaaS Customer 02268,2025-06-27,R05,Partner,Medium
C02269,SaaS Customer 02269,2023-05-28,R01,Referral,Small
C02270,SaaS Customer 02270,2026-05-03,R06,Organic Search,Small
C02271,SaaS Customer 02271,2024-02-04,R06,Paid Search,Small
C02272,SaaS Customer 02272,2024-02-02,R03,Referral,Medium
C02273,SaaS Customer 02273,2024-01-06,R01,Referral,Medium
C02274,SaaS Customer 02274,2024-07-29,R04,Partner,Small
C02275,SaaS Customer 02275,2023-08-10,R01,Referral,Large
C02276,SaaS Customer 02276,2024-06-14,R01,Organic Search,Small
C02277,SaaS Customer 02277,2023-09-20,R03,Organic Search,Large
C02278,SaaS Customer 02278,2023-03-06,R01,Partner,Small
C02279,SaaS Customer 02279,2024-04-05,R02,Referral,Enterprise
C02280,SaaS Customer 02280,2025-04-18,R06,Referral,Small
C02281,SaaS Customer 02281,2025-08-10,R02,Organic Search,Medium
C02282,SaaS Customer 02282,2024-03-16,R08,Partner,Medium
C02283,SaaS Customer 02283,2024-02-09,R07,Referral,Medium
C02284,SaaS Customer 02284,2025-09-09,R05,Organic Search,Large
C02285,SaaS Customer 02285,2025-04-30,R08,Partner,Small
C02286,SaaS Customer 02286,2025-11-04,R07,Partner,Small
C02287,SaaS Customer 02287,2026-02-04,R03,Organic Search,Large
C02288,SaaS Customer 02288,2025-10-21,R06,Paid Search,Large
C02289,SaaS Customer 02289,2026-03-14,R01,Organic Search,Medium
C02290,SaaS Customer 02290,2024-06-03,R06,Outbound,Medium
C02291,SaaS Customer 02291,2024-05-07,R04,Organic Search,Large
C02292,SaaS Customer 02292,2024-02-06,R01,Organic Search,Large
C02293,SaaS Customer 02293,2023-10-21,R02,Organic Search,Large
C02294,SaaS Customer 02294,2025-07-23,R08,Organic Search,Large
C02295,SaaS Customer 02295,2025-06-10,R03,Organic Search,Small
C02296,SaaS Customer 02296,2025-09-27,R01,Partner,Medium
C02297,SaaS Customer 02297,2023-07-28,R01,Organic Search,Medium
C02298,SaaS Customer 02298,2024-09-05,R04,Paid Search,Small
C02299,SaaS Customer 02299,2023-10-05,R07,Organic Search,Large
C02300,SaaS Customer 02300,2026-01-19,R06,Paid Search,Medium
C02301,SaaS Customer 02301,2023-11-30,R03,Organic Search,Small
C02302,SaaS Customer 02302,2023-06-29,R01,Partner,Medium
C02303,SaaS Customer 02303,2024-12-12,R01,Referral,Small
C02304,SaaS Customer 02304,2026-01-02,R04,Referral,Small
C02305,SaaS Customer 02305,2026-02-16,R06,Organic Search,Medium
C02306,SaaS Customer 02306,2023-04-30,R06,Outbound,Large
C02307,SaaS Customer 02307,2024-02-11,R03,Referral,Medium
C02308,SaaS Customer 02308,2023-07-11,R06,Organic Search,Small
C02309,SaaS Customer 02309,2024-01-20,R03,Paid Search,Medium
C02310,SaaS Customer 02310,2024-10-28,R05,Referral,Small
C02311,SaaS Customer 02311,2023-12-17,R04,Paid Search,Enterprise
C02312,SaaS Customer 02312,2023-03-26,R06,Paid Search,Small
C02313,SaaS Customer 02313,2024-09-28,R04,Partner,Large
C02314,SaaS Customer 02314,2023-03-07,R08,Organic Search,Small
C02315,SaaS Customer 02315,2023-10-10,R03,Outbound,Small
C02316,SaaS Customer 02316,2023-01-01,R01,Organic Search,Medium
C02317,SaaS Customer 02317,2023-04-19,R01,Organic Search,Large
C02318,SaaS Customer 02318,2024-06-28,R04,Organic Search,Enterprise
C02319,SaaS Customer 02319,2025-11-27,R05,Paid Search,Medium
C02320,SaaS Customer 02320,2025-08-24,R05,Outbound,Small
C02321,SaaS Customer 02321,2023-05-04,R06,Referral,Small
C02322,SaaS Customer 02322,2023-02-13,R02,Outbound,Medium
C02323,SaaS Customer 02323,2024-02-26,R06,Partner,Small
C02324,SaaS Customer 02324,2025-03-25,R06,Paid Search,Large
C02325,SaaS Customer 02325,2025-07-20,R03,Paid Search,Medium
C02326,SaaS Customer 02326,2025-10-24,R03,Organic Search,Large
C02327,SaaS Customer 02327,2024-03-03,R01,Outbound,Large
C02328,SaaS Customer 02328,2023-07-29,R03,Paid Search,Small
C02329,SaaS Customer 02329,2023-02-02,R06,Paid Search,Medium
C02330,SaaS Customer 02330,2023-07-03,R07,Partner,Large
C02331,SaaS Customer 02331,2023-03-23,R06,Referral,Medium
C02332,SaaS Customer 02332,2025-12-10,R02,Organic Search,Medium
C02333,SaaS Customer 02333,2023-12-01,R06,Referral,Large
C02334,SaaS Customer 02334,2025-10-24,R06,Referral,Small
C02335,SaaS Customer 02335,2024-11-21,R03,Referral,Large
C02336,SaaS Customer 02336,2024-11-03,R06,Organic Search,Small
C02337,SaaS Customer 02337,2024-07-21,R01,Organic Search,Medium
C02338,SaaS Customer 02338,2025-10-19,R01,Paid Search,Small
C02339,SaaS Customer 02339,2023-02-24,R01,Outbound,Medium
C02340,SaaS Customer 02340,2023-04-26,R01,Outbound,Small
C02341,SaaS Customer 02341,2024-06-12,R07,Partner,Small
C02342,SaaS Customer 02342,2024-05-07,R03,Organic Search,Small
C02343,SaaS Customer 02343,2024-11-11,R02,Organic Search,Small
C02344,SaaS Customer 02344,2025-07-09,R03,Partner,Medium
C02345,SaaS Customer 02345,2025-01-03,R03,Organic Search,Small
C02346,SaaS Customer 02346,2023-11-18,R02,Partner,Small
C02347,SaaS Customer 02347,2024-02-13,R01,Referral,Small
C02348,SaaS Customer 02348,2025-07-27,R06,Paid Search,Medium
C02349,SaaS Customer 02349,2023-09-09,R01,Paid Search,Small
C02350,SaaS Customer 02350,2024-09-21,R06,Organic Search,Small
C02351,SaaS Customer 02351,2024-11-03,R01,Organic Search,Medium
C02352,SaaS Customer 02352,2025-07-25,R06,Referral,Large
C02353,SaaS Customer 02353,2025-06-10,R06,Paid Search,Medium
C02354,SaaS Customer 02354,2024-08-02,R01,Organic Search,Small
C02355,SaaS Customer 02355,2024-01-21,R01,Organic Search,Large
C02356,SaaS Customer 02356,2024-04-04,R08,Organic Search,Medium
C02357,SaaS Customer 02357,2024-05-28,R04,Partner,Medium
C02358,SaaS Customer 02358,2023-10-01,R06,Partner,Small
C02359,SaaS Customer 02359,2025-02-19,R01,Partner,Small
C02360,SaaS Customer 02360,2023-09-18,R02,Paid Search,Medium
C02361,SaaS Customer 02361,2025-03-20,R04,Organic Search,Small
C02362,SaaS Customer 02362,2025-07-26,R07,Paid Search,Medium
C02363,SaaS Customer 02363,2026-04-15,R02,Organic Search,Small
C02364,SaaS Customer 02364,2023-05-29,R06,Outbound,Small
C02365,SaaS Customer 02365,2025-08-06,R06,Organic Search,Small
C02366,SaaS Customer 02366,2023-04-18,R01,Paid Search,Small
C02367,SaaS Customer 02367,2024-02-25,R02,Organic Search,Medium
C02368,SaaS Customer 02368,2023-08-09,R01,Referral,Small
C02369,SaaS Customer 02369,2023-07-22,R04,Organic Search,Medium
C02370,SaaS Customer 02370,2023-08-07,R06,Outbound,Small
C02371,SaaS Customer 02371,2023-02-24,R03,Organic Search,Medium
C02372,SaaS Customer 02372,2025-10-24,R02,Referral,Enterprise
C02373,SaaS Customer 02373,2023-03-18,R06,Partner,Large
C02374,SaaS Customer 02374,2024-05-12,R05,Organic Search,Medium
C02375,SaaS Customer 02375,2025-05-22,R04,Organic Search,Small
C02376,SaaS Customer 02376,2026-05-21,R05,Paid Search,Medium
C02377,SaaS Customer 02377,2025-12-01,R01,Referral,Enterprise
C02378,SaaS Customer 02378,2023-06-21,R06,Outbound,Medium
C02379,SaaS Customer 02379,2026-05-17,R03,Organic Search,Small
C02380,SaaS Customer 02380,2025-03-26,R03,Paid Search,Large
C02381,SaaS Customer 02381,2023-08-13,R01,Organic Search,Small
C02382,SaaS Customer 02382,2024-07-14,R06,Organic Search,Large
C02383,SaaS Customer 02383,2026-02-19,R06,Partner,Small
C02384,SaaS Customer 02384,2024-05-05,R03,Paid Search,Small
C02385,SaaS Customer 02385,2023-08-18,R07,Organic Search,Large
C02386,SaaS Customer 02386,2025-12-28,R07,Outbound,Medium
C02387,SaaS Customer 02387,2026-04-04,R01,Referral,Medium
C02388,SaaS Customer 02388,2026-05-02,R06,Referral,Large
C02389,SaaS Customer 02389,2026-04-07,R03,Organic Search,Large
C02390,SaaS Customer 02390,2025-12-25,R08,Outbound,Medium
C02391,SaaS Customer 02391,2024-07-21,R01,Partner,Enterprise
C02392,SaaS Customer 02392,2023-08-28,R02,Paid Search,Small
C02393,SaaS Customer 02393,2025-02-09,R04,Organic Search,Small
C02394,SaaS Customer 02394,2023-10-03,R02,Outbound,Large
C02395,SaaS Customer 02395,2024-08-13,R06,Partner,Small
C02396,SaaS Customer 02396,2025-03-29,R04,Referral,Large
C02397,SaaS Customer 02397,2026-03-27,R01,Partner,Small
C02398,SaaS Customer 02398,2023-12-27,R04,Referral,Small
C02399,SaaS Customer 02399,2023-11-11,R07,Referral,Small
C02400,SaaS Customer 02400,2025-07-05,R06,Outbound,Medium
C02401,SaaS Customer 02401,2023-01-09,R04,Organic Search,Large
C02402,SaaS Customer 02402,2024-12-07,R02,Organic Search,Small
C02403,SaaS Customer 02403,2025-07-19,R01,Referral,Small
C02404,SaaS Customer 02404,2024-11-18,R07,Paid Search,Small
C02405,SaaS Customer 02405,2024-04-24,R06,Partner,Small
C02406,SaaS Customer 02406,2025-10-31,R05,Referral,Medium
C02407,SaaS Customer 02407,2024-04-08,R07,Partner,Medium
C02408,SaaS Customer 02408,2025-06-05,R01,Referral,Small
C02409,SaaS Customer 02409,2024-08-02,R06,Paid Search,Medium
C02410,SaaS Customer 02410,2023-02-03,R01,Outbound,Medium
C02411,SaaS Customer 02411,2024-10-24,R01,Organic Search,Small
C02412,SaaS Customer 02412,2023-03-03,R04,Partner,Small
C02413,SaaS Customer 02413,2026-03-07,R03,Outbound,Medium
C02414,SaaS Customer 02414,2025-01-20,R08,Organic Search,Small
C02415,SaaS Customer 02415,2024-04-09,R03,Paid Search,Small
C02416,SaaS Customer 02416,2024-08-29,R06,Paid Search,Small
C02417,SaaS Customer 02417,2025-02-11,R06,Partner,Large
C02418,SaaS Customer 02418,2023-11-21,R06,Paid Search,Small
C02419,SaaS Customer 02419,2023-12-26,R07,Organic Search,Large
C02420,SaaS Customer 02420,2024-06-06,R03,Outbound,Medium
C02421,SaaS Customer 02421,2023-11-19,R03,Organic Search,Medium
C02422,SaaS Customer 02422,2025-08-03,R01,Partner,Large
C02423,SaaS Customer 02423,2023-05-10,R02,Partner,Small
C02424,SaaS Customer 02424,2025-10-28,R07,Organic Search,Small
C02425,SaaS Customer 02425,2024-03-10,R04,Organic Search,Small
C02426,SaaS Customer 02426,2024-12-01,R03,Outbound,Medium
C02427,SaaS Customer 02427,2023-07-16,R01,Referral,Medium
C02428,SaaS Customer 02428,2024-04-25,R04,Organic Search,Large
C02429,SaaS Customer 02429,2025-07-30,R06,Referral,Medium
C02430,SaaS Customer 02430,2023-12-04,R02,Paid Search,Small
C02431,SaaS Customer 02431,2023-06-15,R06,Organic Search,Small
C02432,SaaS Customer 02432,2024-10-13,R06,Referral,Small
C02433,SaaS Customer 02433,2023-07-22,R06,Paid Search,Large
C02434,SaaS Customer 02434,2024-01-28,R02,Organic Search,Small
C02435,SaaS Customer 02435,2024-07-16,R06,Outbound,Large
C02436,SaaS Customer 02436,2024-12-04,R01,Paid Search,Small
C02437,SaaS Customer 02437,2025-03-08,R03,Paid Search,Medium
C02438,SaaS Customer 02438,2025-04-24,R06,Organic Search,Small
C02439,SaaS Customer 02439,2025-11-19,R06,Referral,Large
C02440,SaaS Customer 02440,2023-03-24,R01,Referral,Small
C02441,SaaS Customer 02441,2024-03-28,R07,Outbound,Medium
C02442,SaaS Customer 02442,2023-01-02,R01,Organic Search,Enterprise
C02443,SaaS Customer 02443,2023-01-12,R06,Referral,Medium
C02444,SaaS Customer 02444,2023-09-22,R08,Partner,Small
C02445,SaaS Customer 02445,2025-01-16,R05,Paid Search,Large
C02446,SaaS Customer 02446,2026-01-21,R06,Organic Search,Medium
C02447,SaaS Customer 02447,2025-08-23,R06,Referral,Small
C02448,SaaS Customer 02448,2025-03-17,R06,Organic Search,Medium
C02449,SaaS Customer 02449,2025-08-29,R06,Partner,Large
C02450,SaaS Customer 02450,2023-08-03,R06,Partner,Medium
C02451,SaaS Customer 02451,2025-11-14,R01,Organic Search,Large
C02452,SaaS Customer 02452,2026-01-16,R06,Outbound,Medium
C02453,SaaS Customer 02453,2023-04-29,R01,Referral,Medium
C02454,SaaS Customer 02454,2024-08-09,R08,Paid Search,Small
C02455,SaaS Customer 02455,2025-11-01,R01,Referral,Medium
C02456,SaaS Customer 02456,2024-08-17,R01,Paid Search,Small
C02457,SaaS Customer 02457,2025-11-14,R07,Referral,Small
C02458,SaaS Customer 02458,2026-03-13,R02,Organic Search,Small
C02459,SaaS Customer 02459,2024-08-15,R03,Paid Search,Large
C02460,SaaS Customer 02460,2023-03-16,R06,Paid Search,Small
C02461,SaaS Customer 02461,2024-02-29,R01,Paid Search,Small
C02462,SaaS Customer 02462,2023-09-26,R01,Paid Search,Small
C02463,SaaS Customer 02463,2024-08-14,R04,Organic Search,Small
C02464,SaaS Customer 02464,2025-01-01,R02,Outbound,Enterprise
C02465,SaaS Customer 02465,2024-08-01,R01,Organic Search,Medium
C02466,SaaS Customer 02466,2023-09-01,R01,Organic Search,Medium
C02467,SaaS Customer 02467,2024-01-11,R03,Paid Search,Large
C02468,SaaS Customer 02468,2025-04-28,R03,Partner,Small
C02469,SaaS Customer 02469,2023-02-03,R01,Organic Search,Large
C02470,SaaS Customer 02470,2023-09-25,R06,Partner,Enterprise
C02471,SaaS Customer 02471,2026-01-18,R06,Referral,Large
C02472,SaaS Customer 02472,2023-05-04,R01,Organic Search,Medium
C02473,SaaS Customer 02473,2024-06-01,R03,Outbound,Medium
C02474,SaaS Customer 02474,2023-09-16,R07,Paid Search,Large
C02475,SaaS Customer 02475,2023-05-11,R05,Partner,Small
C02476,SaaS Customer 02476,2024-06-11,R03,Organic Search,Large
C02477,SaaS Customer 02477,2024-10-12,R04,Referral,Small
C02478,SaaS Customer 02478,2023-08-08,R01,Referral,Medium
C02479,SaaS Customer 02479,2023-04-08,R06,Organic Search,Large
C02480,SaaS Customer 02480,2023-06-18,R07,Organic Search,Medium
C02481,SaaS Customer 02481,2025-03-24,R07,Paid Search,Small
C02482,SaaS Customer 02482,2025-12-09,R01,Organic Search,Medium
C02483,SaaS Customer 02483,2023-08-14,R03,Outbound,Enterprise
C02484,SaaS Customer 02484,2024-02-04,R01,Partner,Medium
C02485,SaaS Customer 02485,2024-03-05,R02,Partner,Large
C02486,SaaS Customer 02486,2024-03-26,R03,Outbound,Large
C02487,SaaS Customer 02487,2023-11-01,R06,Referral,Large
C02488,SaaS Customer 02488,2023-03-10,R01,Referral,Small
C02489,SaaS Customer 02489,2024-10-17,R07,Paid Search,Medium
C02490,SaaS Customer 02490,2024-03-21,R01,Paid Search,Large
C02491,SaaS Customer 02491,2024-03-03,R01,Paid Search,Enterprise
C02492,SaaS Customer 02492,2023-11-27,R07,Paid Search,Small
C02493,SaaS Customer 02493,2026-03-05,R06,Paid Search,Small
C02494,SaaS Customer 02494,2025-01-31,R03,Organic Search,Small
C02495,SaaS Customer 02495,2024-06-06,R06,Paid Search,Large
C02496,SaaS Customer 02496,2023-09-14,R01,Paid Search,Large
C02497,SaaS Customer 02497,2025-09-26,R01,Paid Search,Medium
C02498,SaaS Customer 02498,2026-01-13,R04,Organic Search,Small
C02499,SaaS Customer 02499,2023-02-10,R03,Paid Search,Small
C02500,SaaS Customer 02500,2026-03-06,R06,Paid Search,Large
C02501,SaaS Customer 02501,2025-05-22,R01,Referral,Small
C02502,SaaS Customer 02502,2023-05-05,R06,Referral,Small
C02503,SaaS Customer 02503,2025-07-28,R06,Organic Search,Small
C02504,SaaS Customer 02504,2023-05-15,R01,Organic Search,Large
C02505,SaaS Customer 02505,2023-03-05,R01,Paid Search,Medium
C02506,SaaS Customer 02506,2023-05-24,R03,Organic Search,Small
C02507,SaaS Customer 02507,2024-07-27,R06,Paid Search,Small
C02508,SaaS Customer 02508,2025-02-12,R06,Outbound,Enterprise
C02509,SaaS Customer 02509,2024-05-23,R06,Organic Search,Medium
C02510,SaaS Customer 02510,2023-06-02,R03,Paid Search,Medium
C02511,SaaS Customer 02511,2023-09-06,R01,Referral,Small
C02512,SaaS Customer 02512,2025-11-29,R05,Paid Search,Small
C02513,SaaS Customer 02513,2026-04-16,R01,Organic Search,Large
C02514,SaaS Customer 02514,2025-07-30,R06,Organic Search,Large
C02515,SaaS Customer 02515,2023-05-10,R01,Outbound,Medium
C02516,SaaS Customer 02516,2025-10-20,R02,Organic Search,Large
C02517,SaaS Customer 02517,2025-05-13,R04,Partner,Small
C02518,SaaS Customer 02518,2024-10-18,R04,Referral,Large
C02519,SaaS Customer 02519,2023-06-28,R06,Organic Search,Small
C02520,SaaS Customer 02520,2026-05-28,R03,Referral,Small
C02521,SaaS Customer 02521,2024-07-06,R07,Organic Search,Large
C02522,SaaS Customer 02522,2023-02-25,R06,Paid Search,Large
C02523,SaaS Customer 02523,2023-09-20,R07,Paid Search,Large
C02524,SaaS Customer 02524,2024-05-15,R06,Outbound,Medium
C02525,SaaS Customer 02525,2023-03-19,R06,Organic Search,Large
C02526,SaaS Customer 02526,2024-02-09,R06,Organic Search,Medium
C02527,SaaS Customer 02527,2024-08-07,R03,Outbound,Small
C02528,SaaS Customer 02528,2026-03-29,R03,Organic Search,Medium
C02529,SaaS Customer 02529,2023-04-18,R06,Outbound,Medium
C02530,SaaS Customer 02530,2024-12-20,R01,Partner,Medium
C02531,SaaS Customer 02531,2026-02-16,R01,Partner,Large
C02532,SaaS Customer 02532,2025-10-03,R07,Referral,Medium
C02533,SaaS Customer 02533,2026-02-28,R01,Referral,Small
C02534,SaaS Customer 02534,2023-08-01,R04,Organic Search,Small
C02535,SaaS Customer 02535,2025-09-27,R06,Outbound,Large
C02536,SaaS Customer 02536,2026-05-06,R01,Outbound,Small
C02537,SaaS Customer 02537,2024-02-11,R07,Outbound,Large
C02538,SaaS Customer 02538,2024-09-14,R01,Partner,Small
C02539,SaaS Customer 02539,2024-10-24,R07,Partner,Small
C02540,SaaS Customer 02540,2024-09-08,R06,Partner,Large
C02541,SaaS Customer 02541,2023-12-28,R02,Organic Search,Small
C02542,SaaS Customer 02542,2026-04-26,R01,Paid Search,Large
C02543,SaaS Customer 02543,2026-04-08,R03,Partner,Small
C02544,SaaS Customer 02544,2024-04-20,R03,Partner,Medium
C02545,SaaS Customer 02545,2025-10-02,R02,Paid Search,Medium
C02546,SaaS Customer 02546,2024-05-11,R08,Paid Search,Large
C02547,SaaS Customer 02547,2025-09-18,R01,Partner,Small
C02548,SaaS Customer 02548,2024-12-30,R06,Paid Search,Small
C02549,SaaS Customer 02549,2024-08-09,R01,Outbound,Medium
C02550,SaaS Customer 02550,2023-06-09,R08,Referral,Enterprise
C02551,SaaS Customer 02551,2025-03-27,R01,Organic Search,Large
C02552,SaaS Customer 02552,2024-02-05,R03,Organic Search,Large
C02553,SaaS Customer 02553,2023-09-28,R05,Referral,Medium
C02554,SaaS Customer 02554,2023-08-30,R01,Paid Search,Medium
C02555,SaaS Customer 02555,2026-05-10,R06,Referral,Large
C02556,SaaS Customer 02556,2023-05-09,R02,Organic Search,Large
C02557,SaaS Customer 02557,2025-09-23,R05,Organic Search,Large
C02558,SaaS Customer 02558,2025-12-16,R05,Paid Search,Large
C02559,SaaS Customer 02559,2023-02-08,R06,Referral,Large
C02560,SaaS Customer 02560,2025-01-05,R01,Outbound,Small
C02561,SaaS Customer 02561,2024-12-21,R01,Outbound,Small
C02562,SaaS Customer 02562,2024-03-23,R01,Paid Search,Enterprise
C02563,SaaS Customer 02563,2025-04-12,R02,Referral,Medium
C02564,SaaS Customer 02564,2024-05-25,R01,Organic Search,Small
C02565,SaaS Customer 02565,2024-07-02,R07,Partner,Medium
C02566,SaaS Customer 02566,2024-06-22,R04,Outbound,Medium
C02567,SaaS Customer 02567,2025-09-26,R06,Paid Search,Large
C02568,SaaS Customer 02568,2025-03-01,R03,Outbound,Large
C02569,SaaS Customer 02569,2024-04-18,R02,Organic Search,Small
C02570,SaaS Customer 02570,2026-03-02,R04,Organic Search,Medium
C02571,SaaS Customer 02571,2025-09-27,R02,Partner,Small
C02572,SaaS Customer 02572,2026-03-10,R03,Outbound,Large
C02573,SaaS Customer 02573,2025-06-30,R04,Paid Search,Small
C02574,SaaS Customer 02574,2024-05-03,R04,Referral,Medium
C02575,SaaS Customer 02575,2025-08-22,R08,Organic Search,Medium
C02576,SaaS Customer 02576,2024-02-15,R01,Referral,Medium
C02577,SaaS Customer 02577,2023-12-05,R04,Partner,Medium
C02578,SaaS Customer 02578,2024-07-16,R01,Organic Search,Medium
C02579,SaaS Customer 02579,2026-04-24,R03,Referral,Medium
C02580,SaaS Customer 02580,2024-12-09,R06,Referral,Small
C02581,SaaS Customer 02581,2024-04-23,R01,Partner,Small
C02582,SaaS Customer 02582,2024-07-30,R05,Organic Search,Medium
C02583,SaaS Customer 02583,2023-12-30,R03,Organic Search,Small
C02584,SaaS Customer 02584,2025-04-02,R01,Outbound,Large
C02585,SaaS Customer 02585,2024-03-13,R08,Partner,Small
C02586,SaaS Customer 02586,2024-11-22,R03,Referral,Large
C02587,SaaS Customer 02587,2024-04-06,R06,Referral,Small
C02588,SaaS Customer 02588,2024-02-05,R03,Referral,Large
C02589,SaaS Customer 02589,2026-04-25,R08,Organic Search,Small
C02590,SaaS Customer 02590,2024-03-07,R02,Paid Search,Medium
C02591,SaaS Customer 02591,2023-03-30,R03,Referral,Small
C02592,SaaS Customer 02592,2024-04-17,R06,Organic Search,Medium
C02593,SaaS Customer 02593,2024-10-26,R03,Organic Search,Small
C02594,SaaS Customer 02594,2023-04-29,R03,Partner,Large
C02595,SaaS Customer 02595,2024-01-17,R08,Outbound,Medium
C02596,SaaS Customer 02596,2023-07-27,R05,Referral,Enterprise
C02597,SaaS Customer 02597,2024-09-16,R06,Organic Search,Medium
C02598,SaaS Customer 02598,2025-06-21,R06,Outbound,Medium
C02599,SaaS Customer 02599,2026-04-23,R06,Organic Search,Large
C02600,SaaS Customer 02600,2024-04-30,R07,Organic Search,Small
C02601,SaaS Customer 02601,2025-12-13,R05,Outbound,Medium
C02602,SaaS Customer 02602,2023-09-25,R02,Referral,Small
C02603,SaaS Customer 02603,2025-09-01,R01,Outbound,Large
C02604,SaaS Customer 02604,2024-12-03,R06,Referral,Small
C02605,SaaS Customer 02605,2025-08-04,R06,Partner,Medium
C02606,SaaS Customer 02606,2025-07-31,R04,Paid Search,Medium
C02607,SaaS Customer 02607,2024-10-26,R01,Paid Search,Medium
C02608,SaaS Customer 02608,2023-11-18,R02,Outbound,Small
C02609,SaaS Customer 02609,2024-10-18,R04,Outbound,Medium
C02610,SaaS Customer 02610,2025-10-28,R06,Paid Search,Large
C02611,SaaS Customer 02611,2026-04-26,R01,Paid Search,Small
C02612,SaaS Customer 02612,2026-03-03,R06,Paid Search,Small
C02613,SaaS Customer 02613,2023-08-15,R06,Paid Search,Enterprise
C02614,SaaS Customer 02614,2025-01-15,R08,Outbound,Enterprise
C02615,SaaS Customer 02615,2023-05-11,R01,Organic Search,Small
C02616,SaaS Customer 02616,2025-04-14,R07,Paid Search,Medium
C02617,SaaS Customer 02617,2026-05-23,R06,Outbound,Small
C02618,SaaS Customer 02618,2023-03-07,R06,Partner,Enterprise
C02619,SaaS Customer 02619,2025-03-30,R01,Paid Search,Medium
C02620,SaaS Customer 02620,2026-03-26,R04,Paid Search,Small
C02621,SaaS Customer 02621,2025-11-23,R06,Organic Search,Small
C02622,SaaS Customer 02622,2024-05-04,R02,Organic Search,Medium
C02623,SaaS Customer 02623,2023-05-10,R03,Organic Search,Small
C02624,SaaS Customer 02624,2026-02-27,R05,Organic Search,Large
C02625,SaaS Customer 02625,2026-02-23,R05,Organic Search,Medium
C02626,SaaS Customer 02626,2024-12-23,R01,Paid Search,Medium
C02627,SaaS Customer 02627,2026-05-06,R03,Organic Search,Large
C02628,SaaS Customer 02628,2023-01-06,R01,Outbound,Small
C02629,SaaS Customer 02629,2025-02-08,R07,Organic Search,Small
C02630,SaaS Customer 02630,2023-02-18,R08,Paid Search,Medium
C02631,SaaS Customer 02631,2026-03-13,R02,Outbound,Large
C02632,SaaS Customer 02632,2025-04-29,R01,Organic Search,Small
C02633,SaaS Customer 02633,2026-02-13,R01,Paid Search,Large
C02634,SaaS Customer 02634,2024-12-03,R04,Referral,Medium
C02635,SaaS Customer 02635,2023-04-14,R07,Partner,Medium
C02636,SaaS Customer 02636,2023-02-03,R04,Organic Search,Medium
C02637,SaaS Customer 02637,2024-02-23,R01,Referral,Small
C02638,SaaS Customer 02638,2025-07-16,R01,Referral,Small
C02639,SaaS Customer 02639,2023-07-08,R01,Paid Search,Large
C02640,SaaS Customer 02640,2025-11-29,R07,Organic Search,Small
C02641,SaaS Customer 02641,2023-10-26,R06,Organic Search,Medium
C02642,SaaS Customer 02642,2024-09-11,R05,Referral,Enterprise
C02643,SaaS Customer 02643,2023-09-11,R03,Paid Search,Small
C02644,SaaS Customer 02644,2024-08-04,R07,Organic Search,Medium
C02645,SaaS Customer 02645,2024-07-18,R03,Partner,Small
C02646,SaaS Customer 02646,2023-01-07,R06,Outbound,Small
C02647,SaaS Customer 02647,2024-12-09,R07,Organic Search,Enterprise
C02648,SaaS Customer 02648,2025-09-08,R04,Organic Search,Enterprise
C02649,SaaS Customer 02649,2026-03-14,R07,Paid Search,Small
C02650,SaaS Customer 02650,2024-02-17,R02,Referral,Enterprise
C02651,SaaS Customer 02651,2026-01-03,R06,Paid Search,Small
C02652,SaaS Customer 02652,2026-01-01,R01,Outbound,Enterprise
C02653,SaaS Customer 02653,2026-05-18,R04,Organic Search,Large
C02654,SaaS Customer 02654,2024-04-10,R01,Paid Search,Small
C02655,SaaS Customer 02655,2025-11-27,R01,Paid Search,Medium
C02656,SaaS Customer 02656,2024-12-06,R01,Paid Search,Large
C02657,SaaS Customer 02657,2023-03-14,R03,Paid Search,Small
C02658,SaaS Customer 02658,2023-12-04,R05,Referral,Small
C02659,SaaS Customer 02659,2025-04-18,R04,Paid Search,Medium
C02660,SaaS Customer 02660,2023-07-20,R02,Referral,Small
C02661,SaaS Customer 02661,2024-06-26,R08,Organic Search,Small
C02662,SaaS Customer 02662,2025-08-25,R08,Partner,Small
C02663,SaaS Customer 02663,2023-07-06,R01,Paid Search,Large
C02664,SaaS Customer 02664,2024-09-11,R03,Partner,Small
C02665,SaaS Customer 02665,2023-09-26,R06,Organic Search,Medium
C02666,SaaS Customer 02666,2024-10-31,R06,Outbound,Small
C02667,SaaS Customer 02667,2023-10-28,R03,Outbound,Small
C02668,SaaS Customer 02668,2026-04-19,R06,Referral,Medium
C02669,SaaS Customer 02669,2023-04-06,R01,Outbound,Small
C02670,SaaS Customer 02670,2026-04-17,R03,Organic Search,Medium
C02671,SaaS Customer 02671,2025-09-15,R06,Paid Search,Small
C02672,SaaS Customer 02672,2025-12-03,R06,Paid Search,Medium
C02673,SaaS Customer 02673,2025-11-28,R06,Outbound,Small
C02674,SaaS Customer 02674,2023-08-23,R01,Organic Search,Large
C02675,SaaS Customer 02675,2026-03-08,R01,Organic Search,Small
C02676,SaaS Customer 02676,2025-01-11,R01,Referral,Large
C02677,SaaS Customer 02677,2026-04-15,R01,Organic Search,Small
C02678,SaaS Customer 02678,2025-12-31,R01,Referral,Small
C02679,SaaS Customer 02679,2024-12-24,R04,Organic Search,Medium
C02680,SaaS Customer 02680,2024-04-12,R04,Referral,Small
C02681,SaaS Customer 02681,2023-05-27,R06,Outbound,Medium
C02682,SaaS Customer 02682,2023-05-07,R03,Partner,Large
C02683,SaaS Customer 02683,2024-05-01,R01,Organic Search,Large
C02684,SaaS Customer 02684,2025-10-09,R06,Organic Search,Medium
C02685,SaaS Customer 02685,2024-09-22,R01,Organic Search,Enterprise
C02686,SaaS Customer 02686,2024-08-24,R07,Organic Search,Medium
C02687,SaaS Customer 02687,2023-11-02,R01,Partner,Small
C02688,SaaS Customer 02688,2024-12-05,R05,Paid Search,Large
C02689,SaaS Customer 02689,2025-03-07,R07,Organic Search,Small
C02690,SaaS Customer 02690,2026-05-10,R05,Organic Search,Small
C02691,SaaS Customer 02691,2025-06-29,R06,Outbound,Small
C02692,SaaS Customer 02692,2025-01-27,R06,Organic Search,Small
C02693,SaaS Customer 02693,2026-02-09,R01,Paid Search,Small
C02694,SaaS Customer 02694,2024-06-14,R06,Paid Search,Small
C02695,SaaS Customer 02695,2026-03-12,R07,Organic Search,Medium
C02696,SaaS Customer 02696,2024-04-06,R08,Outbound,Large
C02697,SaaS Customer 02697,2023-06-09,R04,Organic Search,Enterprise
C02698,SaaS Customer 02698,2024-06-05,R03,Referral,Small
C02699,SaaS Customer 02699,2023-06-10,R06,Partner,Small
C02700,SaaS Customer 02700,2023-05-28,R05,Referral,Medium
C02701,SaaS Customer 02701,2026-01-04,R02,Partner,Small
C02702,SaaS Customer 02702,2025-09-18,R01,Referral,Small
C02703,SaaS Customer 02703,2023-10-04,R01,Paid Search,Medium
C02704,SaaS Customer 02704,2025-11-11,R04,Paid Search,Large
C02705,SaaS Customer 02705,2023-03-27,R01,Referral,Small
C02706,SaaS Customer 02706,2023-12-21,R01,Partner,Medium
C02707,SaaS Customer 02707,2025-05-31,R01,Partner,Medium
C02708,SaaS Customer 02708,2024-01-15,R07,Organic Search,Large
C02709,SaaS Customer 02709,2025-06-30,R01,Organic Search,Small
C02710,SaaS Customer 02710,2025-12-27,R01,Paid Search,Large
C02711,SaaS Customer 02711,2023-03-24,R04,Organic Search,Large
C02712,SaaS Customer 02712,2023-01-30,R02,Paid Search,Small
C02713,SaaS Customer 02713,2026-03-19,R08,Organic Search,Medium
C02714,SaaS Customer 02714,2024-10-11,R07,Partner,Medium
C02715,SaaS Customer 02715,2024-09-24,R03,Referral,Small
C02716,SaaS Customer 02716,2024-08-01,R04,Partner,Medium
C02717,SaaS Customer 02717,2024-06-25,R03,Referral,Medium
C02718,SaaS Customer 02718,2025-05-11,R01,Organic Search,Large
C02719,SaaS Customer 02719,2024-12-24,R02,Organic Search,Small
C02720,SaaS Customer 02720,2023-07-23,R01,Referral,Medium
C02721,SaaS Customer 02721,2025-02-21,R01,Referral,Small
C02722,SaaS Customer 02722,2025-04-14,R05,Referral,Medium
C02723,SaaS Customer 02723,2023-05-22,R01,Referral,Medium
C02724,SaaS Customer 02724,2024-04-15,R01,Referral,Medium
C02725,SaaS Customer 02725,2025-09-13,R04,Referral,Medium
C02726,SaaS Customer 02726,2025-02-11,R04,Referral,Small
C02727,SaaS Customer 02727,2023-06-20,R01,Referral,Small
C02728,SaaS Customer 02728,2023-02-20,R01,Organic Search,Large
C02729,SaaS Customer 02729,2024-12-26,R01,Organic Search,Small
C02730,SaaS Customer 02730,2024-07-30,R01,Paid Search,Large
C02731,SaaS Customer 02731,2026-04-14,R06,Partner,Medium
C02732,SaaS Customer 02732,2024-10-13,R07,Referral,Large
C02733,SaaS Customer 02733,2026-03-08,R03,Paid Search,Small
C02734,SaaS Customer 02734,2023-09-25,R03,Organic Search,Medium
C02735,SaaS Customer 02735,2024-07-12,R06,Referral,Small
C02736,SaaS Customer 02736,2023-06-24,R06,Organic Search,Enterprise
C02737,SaaS Customer 02737,2024-12-17,R01,Referral,Medium
C02738,SaaS Customer 02738,2023-08-24,R01,Organic Search,Medium
C02739,SaaS Customer 02739,2024-09-06,R03,Paid Search,Large
C02740,SaaS Customer 02740,2024-03-05,R05,Paid Search,Small
C02741,SaaS Customer 02741,2023-08-20,R01,Paid Search,Medium
C02742,SaaS Customer 02742,2023-05-01,R02,Organic Search,Large
C02743,SaaS Customer 02743,2024-10-01,R02,Organic Search,Small
C02744,SaaS Customer 02744,2026-03-28,R02,Paid Search,Enterprise
C02745,SaaS Customer 02745,2023-09-06,R04,Paid Search,Large
C02746,SaaS Customer 02746,2024-05-20,R06,Referral,Enterprise
C02747,SaaS Customer 02747,2023-10-08,R04,Organic Search,Large
C02748,SaaS Customer 02748,2025-10-06,R01,Paid Search,Small
C02749,SaaS Customer 02749,2024-06-01,R01,Organic Search,Medium
C02750,SaaS Customer 02750,2026-05-01,R06,Outbound,Small
C02751,SaaS Customer 02751,2023-11-02,R04,Referral,Large
C02752,SaaS Customer 02752,2023-04-11,R01,Outbound,Small
C02753,SaaS Customer 02753,2024-12-27,R02,Outbound,Large
C02754,SaaS Customer 02754,2025-03-24,R06,Paid Search,Small
C02755,SaaS Customer 02755,2026-05-21,R06,Referral,Small
C02756,SaaS Customer 02756,2025-12-23,R07,Paid Search,Small
C02757,SaaS Customer 02757,2026-01-08,R06,Outbound,Medium
C02758,SaaS Customer 02758,2025-03-02,R03,Paid Search,Small
C02759,SaaS Customer 02759,2024-03-25,R03,Paid Search,Small
C02760,SaaS Customer 02760,2024-06-19,R01,Outbound,Small
C02761,SaaS Customer 02761,2023-06-16,R06,Referral,Small
C02762,SaaS Customer 02762,2024-06-21,R05,Outbound,Enterprise
C02763,SaaS Customer 02763,2024-03-30,R01,Organic Search,Medium
C02764,SaaS Customer 02764,2023-02-14,R07,Organic Search,Small
C02765,SaaS Customer 02765,2023-09-13,R03,Paid Search,Small
C02766,SaaS Customer 02766,2024-10-29,R01,Paid Search,Small
C02767,SaaS Customer 02767,2024-04-05,R03,Paid Search,Small
C02768,SaaS Customer 02768,2026-05-24,R07,Paid Search,Small
C02769,SaaS Customer 02769,2024-08-20,R07,Referral,Small
C02770,SaaS Customer 02770,2026-04-11,R04,Organic Search,Small
C02771,SaaS Customer 02771,2025-04-04,R08,Referral,Small
C02772,SaaS Customer 02772,2023-02-20,R07,Outbound,Large
C02773,SaaS Customer 02773,2023-09-11,R06,Partner,Small
C02774,SaaS Customer 02774,2025-05-30,R07,Paid Search,Medium
C02775,SaaS Customer 02775,2024-11-11,R03,Organic Search,Medium
C02776,SaaS Customer 02776,2024-01-12,R06,Organic Search,Large
C02777,SaaS Customer 02777,2024-10-13,R05,Referral,Small
C02778,SaaS Customer 02778,2026-01-31,R06,Paid Search,Large
C02779,SaaS Customer 02779,2024-04-30,R01,Organic Search,Large
C02780,SaaS Customer 02780,2023-02-26,R06,Outbound,Enterprise
C02781,SaaS Customer 02781,2024-01-24,R08,Referral,Large
C02782,SaaS Customer 02782,2026-03-13,R02,Referral,Small
C02783,SaaS Customer 02783,2025-08-08,R08,Paid Search,Enterprise
C02784,SaaS Customer 02784,2025-11-11,R03,Outbound,Large
C02785,SaaS Customer 02785,2026-02-11,R01,Organic Search,Small
C02786,SaaS Customer 02786,2023-05-27,R01,Organic Search,Small
C02787,SaaS Customer 02787,2023-12-19,R06,Outbound,Enterprise
C02788,SaaS Customer 02788,2023-03-16,R05,Outbound,Small
C02789,SaaS Customer 02789,2023-01-06,R02,Paid Search,Large
C02790,SaaS Customer 02790,2025-11-07,R06,Organic Search,Small
C02791,SaaS Customer 02791,2026-03-15,R03,Paid Search,Medium
C02792,SaaS Customer 02792,2023-07-14,R04,Referral,Small
C02793,SaaS Customer 02793,2025-06-20,R07,Referral,Medium
C02794,SaaS Customer 02794,2024-10-29,R06,Paid Search,Medium
C02795,SaaS Customer 02795,2023-03-28,R06,Organic Search,Large
C02796,SaaS Customer 02796,2026-02-16,R05,Referral,Small
C02797,SaaS Customer 02797,2025-12-23,R08,Referral,Small
C02798,SaaS Customer 02798,2024-12-09,R02,Paid Search,Small
C02799,SaaS Customer 02799,2025-06-02,R02,Partner,Small
C02800,SaaS Customer 02800,2024-05-10,R01,Outbound,Enterprise
C02801,SaaS Customer 02801,2025-09-16,R05,Organic Search,Small
C02802,SaaS Customer 02802,2024-07-09,R06,Partner,Small
C02803,SaaS Customer 02803,2026-05-19,R06,Partner,Large
C02804,SaaS Customer 02804,2023-03-20,R03,Partner,Small
C02805,SaaS Customer 02805,2023-08-03,R01,Outbound,Small
C02806,SaaS Customer 02806,2026-04-24,R06,Partner,Medium
C02807,SaaS Customer 02807,2023-12-27,R08,Paid Search,Small
C02808,SaaS Customer 02808,2024-01-23,R02,Organic Search,Large
C02809,SaaS Customer 02809,2025-09-14,R01,Referral,Medium
C02810,SaaS Customer 02810,2023-08-25,R02,Organic Search,Small
C02811,SaaS Customer 02811,2024-10-02,R03,Organic Search,Medium
C02812,SaaS Customer 02812,2023-12-23,R02,Paid Search,Large
C02813,SaaS Customer 02813,2023-09-05,R03,Partner,Small
C02814,SaaS Customer 02814,2026-04-18,R06,Outbound,Large
C02815,SaaS Customer 02815,2023-09-07,R03,Referral,Small
C02816,SaaS Customer 02816,2023-04-28,R03,Referral,Medium
C02817,SaaS Customer 02817,2025-04-21,R01,Paid Search,Large
C02818,SaaS Customer 02818,2025-12-18,R07,Paid Search,Small
C02819,SaaS Customer 02819,2023-06-09,R03,Outbound,Medium
C02820,SaaS Customer 02820,2025-06-02,R03,Paid Search,Small
C02821,SaaS Customer 02821,2024-11-05,R01,Referral,Medium
C02822,SaaS Customer 02822,2025-11-01,R06,Partner,Medium
C02823,SaaS Customer 02823,2023-06-08,R07,Organic Search,Small
C02824,SaaS Customer 02824,2026-05-02,R01,Partner,Small
C02825,SaaS Customer 02825,2025-02-11,R01,Organic Search,Enterprise
C02826,SaaS Customer 02826,2025-11-17,R01,Organic Search,Small
C02827,SaaS Customer 02827,2024-03-27,R06,Organic Search,Small
C02828,SaaS Customer 02828,2026-03-23,R07,Organic Search,Small
C02829,SaaS Customer 02829,2025-02-20,R03,Paid Search,Medium
C02830,SaaS Customer 02830,2023-06-08,R03,Outbound,Small
C02831,SaaS Customer 02831,2026-02-25,R06,Paid Search,Large
C02832,SaaS Customer 02832,2025-09-20,R06,Referral,Medium
C02833,SaaS Customer 02833,2024-01-10,R02,Partner,Small
C02834,SaaS Customer 02834,2024-11-12,R01,Organic Search,Medium
C02835,SaaS Customer 02835,2024-04-29,R03,Organic Search,Small
C02836,SaaS Customer 02836,2024-11-09,R06,Outbound,Small
C02837,SaaS Customer 02837,2026-04-19,R06,Partner,Medium
C02838,SaaS Customer 02838,2026-01-26,R06,Outbound,Small
C02839,SaaS Customer 02839,2023-09-26,R06,Paid Search,Large
C02840,SaaS Customer 02840,2026-04-27,R02,Referral,Medium
C02841,SaaS Customer 02841,2024-06-30,R03,Referral,Small
C02842,SaaS Customer 02842,2025-05-29,R01,Outbound,Enterprise
C02843,SaaS Customer 02843,2025-08-11,R07,Organic Search,Medium
C02844,SaaS Customer 02844,2024-08-25,R05,Outbound,Small
C02845,SaaS Customer 02845,2024-07-23,R02,Paid Search,Medium
C02846,SaaS Customer 02846,2024-07-23,R01,Referral,Enterprise
C02847,SaaS Customer 02847,2025-12-12,R06,Partner,Medium
C02848,SaaS Customer 02848,2024-04-27,R06,Partner,Medium
C02849,SaaS Customer 02849,2023-12-16,R06,Paid Search,Medium
C02850,SaaS Customer 02850,2024-03-27,R01,Referral,Small
C02851,SaaS Customer 02851,2023-09-01,R07,Organic Search,Small
C02852,SaaS Customer 02852,2024-05-03,R06,Paid Search,Medium
C02853,SaaS Customer 02853,2023-05-23,R06,Partner,Large
C02854,SaaS Customer 02854,2023-04-23,R06,Referral,Large
C02855,SaaS Customer 02855,2025-06-22,R07,Paid Search,Small
C02856,SaaS Customer 02856,2023-04-07,R07,Referral,Small
C02857,SaaS Customer 02857,2024-12-10,R06,Paid Search,Small
C02858,SaaS Customer 02858,2025-08-31,R03,Partner,Small
C02859,SaaS Customer 02859,2025-06-23,R03,Referral,Medium
C02860,SaaS Customer 02860,2024-07-10,R06,Referral,Small
C02861,SaaS Customer 02861,2023-08-30,R06,Referral,Large
C02862,SaaS Customer 02862,2026-03-07,R01,Partner,Medium
C02863,SaaS Customer 02863,2025-11-08,R01,Organic Search,Medium
C02864,SaaS Customer 02864,2025-02-03,R07,Referral,Large
C02865,SaaS Customer 02865,2023-04-19,R07,Organic Search,Medium
C02866,SaaS Customer 02866,2023-02-13,R08,Organic Search,Large
C02867,SaaS Customer 02867,2024-01-29,R03,Referral,Large
C02868,SaaS Customer 02868,2023-07-16,R06,Paid Search,Medium
C02869,SaaS Customer 02869,2025-12-09,R06,Paid Search,Small
C02870,SaaS Customer 02870,2023-09-14,R03,Outbound,Small
C02871,SaaS Customer 02871,2023-12-19,R01,Organic Search,Large
C02872,SaaS Customer 02872,2026-05-02,R08,Organic Search,Small
C02873,SaaS Customer 02873,2025-10-18,R01,Organic Search,Enterprise
C02874,SaaS Customer 02874,2023-09-30,R06,Organic Search,Small
C02875,SaaS Customer 02875,2024-04-23,R06,Referral,Large
C02876,SaaS Customer 02876,2024-10-05,R06,Referral,Small
C02877,SaaS Customer 02877,2025-04-09,R02,Partner,Enterprise
C02878,SaaS Customer 02878,2026-03-14,R06,Organic Search,Small
C02879,SaaS Customer 02879,2025-12-23,R01,Partner,Small
C02880,SaaS Customer 02880,2026-05-04,R06,Organic Search,Large
C02881,SaaS Customer 02881,2023-02-20,R01,Referral,Small
C02882,SaaS Customer 02882,2023-10-22,R06,Partner,Small
C02883,SaaS Customer 02883,2024-12-03,R06,Organic Search,Large
C02884,SaaS Customer 02884,2023-03-03,R01,Referral,Large
C02885,SaaS Customer 02885,2024-03-19,R01,Referral,Small
C02886,SaaS Customer 02886,2023-07-11,R06,Paid Search,Medium
C02887,SaaS Customer 02887,2026-03-10,R01,Partner,Small
C02888,SaaS Customer 02888,2023-03-21,R01,Partner,Small
C02889,SaaS Customer 02889,2023-07-05,R04,Organic Search,Medium
C02890,SaaS Customer 02890,2023-09-01,R08,Organic Search,Small
C02891,SaaS Customer 02891,2023-07-05,R05,Referral,Medium
C02892,SaaS Customer 02892,2024-12-10,R03,Outbound,Small
C02893,SaaS Customer 02893,2024-03-30,R08,Partner,Large
C02894,SaaS Customer 02894,2026-02-12,R04,Partner,Medium
C02895,SaaS Customer 02895,2023-11-22,R03,Partner,Small
C02896,SaaS Customer 02896,2024-11-01,R03,Paid Search,Enterprise
C02897,SaaS Customer 02897,2025-04-03,R03,Organic Search,Large
C02898,SaaS Customer 02898,2025-02-20,R03,Paid Search,Small
C02899,SaaS Customer 02899,2025-09-20,R06,Outbound,Enterprise
C02900,SaaS Customer 02900,2023-09-09,R01,Referral,Small
C02901,SaaS Customer 02901,2024-09-25,R06,Outbound,Small
C02902,SaaS Customer 02902,2025-09-26,R01,Organic Search,Small
C02903,SaaS Customer 02903,2025-12-13,R03,Paid Search,Small
C02904,SaaS Customer 02904,2025-02-10,R01,Partner,Medium
C02905,SaaS Customer 02905,2025-03-24,R05,Organic Search,Medium
C02906,SaaS Customer 02906,2025-12-14,R06,Organic Search,Large
C02907,SaaS Customer 02907,2025-02-18,R03,Referral,Small
C02908,SaaS Customer 02908,2026-03-30,R01,Referral,Small
C02909,SaaS Customer 02909,2023-06-09,R01,Partner,Small
C02910,SaaS Customer 02910,2024-03-10,R06,Organic Search,Small
C02911,SaaS Customer 02911,2023-05-21,R02,Paid Search,Enterprise
C02912,SaaS Customer 02912,2023-04-24,R06,Organic Search,Medium
C02913,SaaS Customer 02913,2024-08-11,R03,Organic Search,Large
C02914,SaaS Customer 02914,2023-10-09,R01,Partner,Large
C02915,SaaS Customer 02915,2024-05-23,R06,Paid Search,Small
C02916,SaaS Customer 02916,2024-06-30,R04,Outbound,Small
C02917,SaaS Customer 02917,2025-02-13,R01,Paid Search,Medium
C02918,SaaS Customer 02918,2026-03-26,R08,Organic Search,Large
C02919,SaaS Customer 02919,2025-11-26,R01,Organic Search,Small
C02920,SaaS Customer 02920,2024-04-17,R03,Referral,Small
C02921,SaaS Customer 02921,2024-02-11,R03,Organic Search,Medium
C02922,SaaS Customer 02922,2025-08-19,R04,Organic Search,Small
C02923,SaaS Customer 02923,2023-06-04,R06,Paid Search,Medium
C02924,SaaS Customer 02924,2024-11-05,R01,Organic Search,Small
C02925,SaaS Customer 02925,2024-06-11,R08,Partner,Medium
C02926,SaaS Customer 02926,2023-08-17,R06,Paid Search,Small
C02927,SaaS Customer 02927,2025-02-08,R08,Organic Search,Large
C02928,SaaS Customer 02928,2024-02-05,R06,Referral,Medium
C02929,SaaS Customer 02929,2023-08-20,R07,Paid Search,Small
C02930,SaaS Customer 02930,2025-03-26,R06,Partner,Large
C02931,SaaS Customer 02931,2023-08-06,R03,Organic Search,Large
C02932,SaaS Customer 02932,2025-04-19,R04,Partner,Medium
C02933,SaaS Customer 02933,2023-07-22,R06,Paid Search,Enterprise
C02934,SaaS Customer 02934,2024-06-26,R03,Paid Search,Large
C02935,SaaS Customer 02935,2025-10-05,R06,Paid Search,Small
C02936,SaaS Customer 02936,2023-10-13,R01,Outbound,Small
C02937,SaaS Customer 02937,2025-08-15,R06,Organic Search,Small
C02938,SaaS Customer 02938,2025-06-19,R01,Outbound,Medium
C02939,SaaS Customer 02939,2026-01-31,R08,Outbound,Enterprise
C02940,SaaS Customer 02940,2023-07-30,R01,Paid Search,Medium
C02941,SaaS Customer 02941,2025-06-11,R01,Paid Search,Small
C02942,SaaS Customer 02942,2026-03-14,R06,Paid Search,Enterprise
C02943,SaaS Customer 02943,2025-08-10,R06,Outbound,Medium
C02944,SaaS Customer 02944,2023-08-23,R06,Partner,Small
C02945,SaaS Customer 02945,2025-10-23,R08,Partner,Large
C02946,SaaS Customer 02946,2023-05-14,R02,Organic Search,Small
C02947,SaaS Customer 02947,2025-01-04,R06,Referral,Medium
C02948,SaaS Customer 02948,2024-09-13,R03,Organic Search,Medium
C02949,SaaS Customer 02949,2024-10-24,R05,Organic Search,Enterprise
C02950,SaaS Customer 02950,2024-10-10,R04,Organic Search,Small
C02951,SaaS Customer 02951,2023-02-09,R01,Paid Search,Small
C02952,SaaS Customer 02952,2024-09-26,R05,Outbound,Medium
C02953,SaaS Customer 02953,2026-03-15,R06,Referral,Large
C02954,SaaS Customer 02954,2024-06-28,R01,Organic Search,Small
C02955,SaaS Customer 02955,2023-12-12,R08,Paid Search,Small
C02956,SaaS Customer 02956,2026-05-26,R05,Referral,Enterprise
C02957,SaaS Customer 02957,2023-05-04,R01,Partner,Large
C02958,SaaS Customer 02958,2024-08-29,R06,Organic Search,Small
C02959,SaaS Customer 02959,2024-10-01,R01,Paid Search,Small
C02960,SaaS Customer 02960,2024-08-19,R01,Partner,Medium
C02961,SaaS Customer 02961,2026-02-24,R06,Outbound,Medium
C02962,SaaS Customer 02962,2024-06-10,R01,Referral,Medium
C02963,SaaS Customer 02963,2026-04-29,R01,Organic Search,Large
C02964,SaaS Customer 02964,2023-03-25,R06,Referral,Small
C02965,SaaS Customer 02965,2025-07-04,R01,Organic Search,Large
C02966,SaaS Customer 02966,2025-01-10,R06,Outbound,Small
C02967,SaaS Customer 02967,2023-10-28,R06,Paid Search,Large
C02968,SaaS Customer 02968,2023-10-12,R01,Organic Search,Small
C02969,SaaS Customer 02969,2025-06-17,R04,Paid Search,Small
C02970,SaaS Customer 02970,2025-03-06,R01,Organic Search,Small
C02971,SaaS Customer 02971,2025-02-01,R06,Organic Search,Small
C02972,SaaS Customer 02972,2023-03-05,R01,Partner,Small
C02973,SaaS Customer 02973,2025-01-16,R08,Referral,Medium
C02974,SaaS Customer 02974,2026-05-09,R01,Referral,Large
C02975,SaaS Customer 02975,2023-01-22,R06,Paid Search,Medium
C02976,SaaS Customer 02976,2024-08-08,R01,Organic Search,Medium
C02977,SaaS Customer 02977,2024-09-08,R01,Paid Search,Small
C02978,SaaS Customer 02978,2026-01-24,R04,Paid Search,Large
C02979,SaaS Customer 02979,2023-12-19,R05,Organic Search,Small
C02980,SaaS Customer 02980,2024-08-16,R08,Outbound,Small
C02981,SaaS Customer 02981,2025-06-14,R01,Outbound,Small
C02982,SaaS Customer 02982,2023-03-17,R01,Organic Search,Small
C02983,SaaS Customer 02983,2025-09-26,R03,Referral,Medium
C02984,SaaS Customer 02984,2025-10-23,R03,Partner,Small
C02985,SaaS Customer 02985,2025-06-17,R07,Organic Search,Small
C02986,SaaS Customer 02986,2025-03-19,R07,Partner,Large
C02987,SaaS Customer 02987,2025-07-22,R07,Organic Search,Small
C02988,SaaS Customer 02988,2025-09-02,R01,Organic Search,Medium
C02989,SaaS Customer 02989,2026-02-01,R03,Outbound,Small
C02990,SaaS Customer 02990,2024-06-18,R06,Partner,Large
C02991,SaaS Customer 02991,2024-07-23,R03,Organic Search,Medium
C02992,SaaS Customer 02992,2025-03-07,R06,Paid Search,Small
C02993,SaaS Customer 02993,2023-08-29,R01,Outbound,Large
C02994,SaaS Customer 02994,2025-12-04,R03,Paid Search,Small
C02995,SaaS Customer 02995,2025-08-19,R07,Outbound,Small
C02996,SaaS Customer 02996,2025-02-26,R02,Outbound,Medium
C02997,SaaS Customer 02997,2024-01-12,R08,Paid Search,Medium
C02998,SaaS Customer 02998,2024-03-09,R02,Referral,Small
C02999,SaaS Customer 02999,2024-06-26,R01,Referral,Small
C03000,SaaS Customer 03000,2025-04-06,R02,Referral,Small
C03001,SaaS Customer 03001,2025-08-28,R01,Paid Search,Medium
C03002,SaaS Customer 03002,2025-04-18,R04,Organic Search,Enterprise
C03003,SaaS Customer 03003,2026-03-06,R01,Organic Search,Small
C03004,SaaS Customer 03004,2026-04-13,R06,Partner,Enterprise
C03005,SaaS Customer 03005,2025-05-29,R07,Referral,Small
C03006,SaaS Customer 03006,2024-04-07,R03,Referral,Large
C03007,SaaS Customer 03007,2025-01-17,R01,Partner,Enterprise
C03008,SaaS Customer 03008,2024-06-14,R03,Organic Search,Medium
C03009,SaaS Customer 03009,2025-02-24,R06,Organic Search,Small
C03010,SaaS Customer 03010,2025-10-10,R06,Referral,Small
C03011,SaaS Customer 03011,2024-04-05,R01,Partner,Small
C03012,SaaS Customer 03012,2024-09-23,R05,Referral,Medium
C03013,SaaS Customer 03013,2023-02-26,R04,Organic Search,Enterprise
C03014,SaaS Customer 03014,2025-07-08,R03,Paid Search,Small
C03015,SaaS Customer 03015,2024-09-03,R01,Outbound,Small
C03016,SaaS Customer 03016,2024-07-27,R08,Organic Search,Small
C03017,SaaS Customer 03017,2024-10-26,R01,Organic Search,Medium
C03018,SaaS Customer 03018,2023-09-26,R01,Partner,Medium
C03019,SaaS Customer 03019,2025-01-16,R01,Partner,Small
C03020,SaaS Customer 03020,2025-07-19,R05,Outbound,Large
C03021,SaaS Customer 03021,2024-03-12,R04,Outbound,Small
C03022,SaaS Customer 03022,2023-06-13,R02,Referral,Medium
C03023,SaaS Customer 03023,2024-04-27,R03,Organic Search,Medium
C03024,SaaS Customer 03024,2023-09-05,R06,Paid Search,Small
C03025,SaaS Customer 03025,2024-04-11,R02,Outbound,Medium
C03026,SaaS Customer 03026,2025-02-21,R07,Paid Search,Medium
C03027,SaaS Customer 03027,2023-05-22,R02,Outbound,Medium
C03028,SaaS Customer 03028,2025-07-21,R01,Partner,Large
C03029,SaaS Customer 03029,2023-10-08,R08,Organic Search,Medium
C03030,SaaS Customer 03030,2026-01-21,R06,Paid Search,Small
C03031,SaaS Customer 03031,2025-07-03,R03,Referral,Enterprise
C03032,SaaS Customer 03032,2023-12-07,R07,Organic Search,Enterprise
C03033,SaaS Customer 03033,2024-12-03,R04,Paid Search,Small
C03034,SaaS Customer 03034,2023-05-19,R03,Referral,Enterprise
C03035,SaaS Customer 03035,2023-05-05,R06,Organic Search,Large
C03036,SaaS Customer 03036,2026-04-08,R06,Paid Search,Small
C03037,SaaS Customer 03037,2025-09-28,R02,Referral,Medium
C03038,SaaS Customer 03038,2023-07-12,R06,Referral,Small
C03039,SaaS Customer 03039,2023-12-19,R03,Partner,Medium
C03040,SaaS Customer 03040,2023-09-04,R01,Outbound,Enterprise
C03041,SaaS Customer 03041,2024-05-08,R08,Outbound,Small
C03042,SaaS Customer 03042,2023-12-30,R05,Paid Search,Medium
C03043,SaaS Customer 03043,2024-02-14,R06,Organic Search,Small
C03044,SaaS Customer 03044,2024-10-22,R06,Referral,Medium
C03045,SaaS Customer 03045,2023-08-24,R05,Organic Search,Large
C03046,SaaS Customer 03046,2026-01-06,R02,Referral,Small
C03047,SaaS Customer 03047,2025-06-27,R08,Partner,Medium
C03048,SaaS Customer 03048,2025-08-07,R06,Paid Search,Small
C03049,SaaS Customer 03049,2023-07-31,R06,Partner,Large
C03050,SaaS Customer 03050,2025-06-02,R04,Partner,Medium
C03051,SaaS Customer 03051,2025-11-09,R02,Outbound,Medium
C03052,SaaS Customer 03052,2023-08-07,R01,Organic Search,Small
C03053,SaaS Customer 03053,2025-07-26,R03,Outbound,Medium
C03054,SaaS Customer 03054,2024-03-22,R01,Organic Search,Medium
C03055,SaaS Customer 03055,2025-09-09,R06,Referral,Medium
C03056,SaaS Customer 03056,2024-08-20,R07,Outbound,Medium
C03057,SaaS Customer 03057,2025-09-28,R02,Paid Search,Large
C03058,SaaS Customer 03058,2023-07-03,R03,Organic Search,Small
C03059,SaaS Customer 03059,2024-04-30,R06,Referral,Small
C03060,SaaS Customer 03060,2023-12-08,R01,Referral,Enterprise
C03061,SaaS Customer 03061,2023-11-06,R07,Paid Search,Small
C03062,SaaS Customer 03062,2024-01-20,R03,Partner,Large
C03063,SaaS Customer 03063,2024-04-22,R01,Referral,Medium
C03064,SaaS Customer 03064,2023-06-08,R01,Organic Search,Enterprise
C03065,SaaS Customer 03065,2025-06-01,R08,Partner,Medium
C03066,SaaS Customer 03066,2024-11-17,R02,Paid Search,Large
C03067,SaaS Customer 03067,2025-10-31,R06,Organic Search,Medium
C03068,SaaS Customer 03068,2025-05-29,R01,Referral,Medium
C03069,SaaS Customer 03069,2023-07-06,R01,Paid Search,Small
C03070,SaaS Customer 03070,2023-03-29,R07,Outbound,Small
C03071,SaaS Customer 03071,2024-06-11,R01,Partner,Small
C03072,SaaS Customer 03072,2024-08-23,R01,Partner,Enterprise
C03073,SaaS Customer 03073,2023-10-27,R04,Paid Search,Small
C03074,SaaS Customer 03074,2025-09-03,R07,Paid Search,Large
C03075,SaaS Customer 03075,2024-12-26,R03,Referral,Medium
C03076,SaaS Customer 03076,2025-07-22,R01,Referral,Small
C03077,SaaS Customer 03077,2023-05-17,R08,Referral,Enterprise
C03078,SaaS Customer 03078,2025-10-14,R06,Paid Search,Small
C03079,SaaS Customer 03079,2023-09-15,R07,Organic Search,Medium
C03080,SaaS Customer 03080,2024-07-13,R06,Organic Search,Medium
C03081,SaaS Customer 03081,2024-07-02,R06,Referral,Small
C03082,SaaS Customer 03082,2025-10-21,R03,Paid Search,Small
C03083,SaaS Customer 03083,2023-12-12,R03,Paid Search,Medium
C03084,SaaS Customer 03084,2023-10-28,R06,Paid Search,Small
C03085,SaaS Customer 03085,2024-02-28,R06,Paid Search,Large
C03086,SaaS Customer 03086,2024-03-26,R08,Referral,Medium
C03087,SaaS Customer 03087,2023-08-15,R05,Partner,Small
C03088,SaaS Customer 03088,2023-08-09,R02,Outbound,Small
C03089,SaaS Customer 03089,2023-10-16,R04,Organic Search,Small
C03090,SaaS Customer 03090,2024-08-06,R06,Partner,Large
C03091,SaaS Customer 03091,2024-03-04,R03,Organic Search,Medium
C03092,SaaS Customer 03092,2024-05-04,R06,Referral,Small
C03093,SaaS Customer 03093,2025-06-16,R05,Partner,Medium
C03094,SaaS Customer 03094,2023-10-28,R01,Paid Search,Medium
C03095,SaaS Customer 03095,2026-02-09,R05,Referral,Medium
C03096,SaaS Customer 03096,2025-07-27,R06,Paid Search,Small
C03097,SaaS Customer 03097,2023-08-07,R07,Organic Search,Small
C03098,SaaS Customer 03098,2024-01-27,R03,Paid Search,Small
C03099,SaaS Customer 03099,2023-08-18,R05,Organic Search,Medium
C03100,SaaS Customer 03100,2023-12-07,R04,Outbound,Medium
C03101,SaaS Customer 03101,2024-04-01,R05,Referral,Small
C03102,SaaS Customer 03102,2023-06-13,R01,Referral,Small
C03103,SaaS Customer 03103,2023-01-19,R07,Outbound,Medium
C03104,SaaS Customer 03104,2024-07-01,R07,Referral,Small
C03105,SaaS Customer 03105,2025-05-24,R05,Paid Search,Medium
C03106,SaaS Customer 03106,2024-01-14,R05,Organic Search,Medium
C03107,SaaS Customer 03107,2025-12-09,R01,Paid Search,Small
C03108,SaaS Customer 03108,2024-04-05,R06,Outbound,Medium
C03109,SaaS Customer 03109,2026-01-29,R03,Outbound,Small
C03110,SaaS Customer 03110,2023-10-22,R06,Referral,Medium
C03111,SaaS Customer 03111,2024-11-04,R01,Organic Search,Small
C03112,SaaS Customer 03112,2025-08-10,R06,Organic Search,Small
C03113,SaaS Customer 03113,2023-03-15,R02,Outbound,Medium
C03114,SaaS Customer 03114,2026-03-06,R06,Organic Search,Small
C03115,SaaS Customer 03115,2024-03-31,R06,Partner,Medium
C03116,SaaS Customer 03116,2024-09-13,R01,Paid Search,Large
C03117,SaaS Customer 03117,2025-02-23,R04,Paid Search,Enterprise
C03118,SaaS Customer 03118,2025-03-13,R06,Referral,Small
C03119,SaaS Customer 03119,2023-01-30,R06,Outbound,Small
C03120,SaaS Customer 03120,2025-12-18,R01,Referral,Small
C03121,SaaS Customer 03121,2025-02-17,R04,Paid Search,Large
C03122,SaaS Customer 03122,2026-05-31,R03,Paid Search,Small
C03123,SaaS Customer 03123,2024-08-11,R06,Outbound,Small
C03124,SaaS Customer 03124,2025-02-04,R06,Partner,Large
C03125,SaaS Customer 03125,2024-07-04,R01,Paid Search,Small
C03126,SaaS Customer 03126,2026-01-15,R06,Referral,Medium
C03127,SaaS Customer 03127,2025-11-04,R06,Organic Search,Medium
C03128,SaaS Customer 03128,2026-02-07,R06,Organic Search,Medium
C03129,SaaS Customer 03129,2024-09-21,R01,Outbound,Large
C03130,SaaS Customer 03130,2025-09-14,R02,Partner,Small
C03131,SaaS Customer 03131,2024-03-23,R03,Organic Search,Medium
C03132,SaaS Customer 03132,2024-07-29,R01,Paid Search,Medium
C03133,SaaS Customer 03133,2025-08-06,R03,Outbound,Small
C03134,SaaS Customer 03134,2023-04-12,R01,Partner,Large
C03135,SaaS Customer 03135,2025-06-05,R01,Partner,Large
C03136,SaaS Customer 03136,2023-01-20,R06,Organic Search,Enterprise
C03137,SaaS Customer 03137,2024-12-25,R02,Outbound,Medium
C03138,SaaS Customer 03138,2024-08-18,R06,Outbound,Small
C03139,SaaS Customer 03139,2024-08-07,R01,Partner,Medium
C03140,SaaS Customer 03140,2024-09-08,R05,Paid Search,Small
C03141,SaaS Customer 03141,2024-09-05,R03,Referral,Small
C03142,SaaS Customer 03142,2024-05-23,R06,Referral,Small
C03143,SaaS Customer 03143,2024-07-17,R06,Referral,Small
C03144,SaaS Customer 03144,2024-12-10,R03,Outbound,Small
C03145,SaaS Customer 03145,2025-08-10,R06,Partner,Large
C03146,SaaS Customer 03146,2024-11-20,R01,Paid Search,Small
C03147,SaaS Customer 03147,2025-03-12,R05,Paid Search,Medium
C03148,SaaS Customer 03148,2025-11-10,R01,Referral,Large
C03149,SaaS Customer 03149,2026-05-19,R03,Organic Search,Medium
C03150,SaaS Customer 03150,2023-05-16,R01,Organic Search,Small
C03151,SaaS Customer 03151,2025-06-08,R07,Referral,Medium
C03152,SaaS Customer 03152,2023-10-09,R04,Paid Search,Large
C03153,SaaS Customer 03153,2023-09-03,R06,Referral,Large
C03154,SaaS Customer 03154,2025-09-16,R03,Organic Search,Small
C03155,SaaS Customer 03155,2023-03-27,R02,Paid Search,Small
C03156,SaaS Customer 03156,2025-11-24,R01,Organic Search,Medium
C03157,SaaS Customer 03157,2025-08-19,R07,Referral,Small
C03158,SaaS Customer 03158,2026-05-26,R06,Referral,Large
C03159,SaaS Customer 03159,2025-04-13,R01,Paid Search,Medium
C03160,SaaS Customer 03160,2025-12-25,R06,Paid Search,Large
C03161,SaaS Customer 03161,2023-05-28,R03,Organic Search,Enterprise
C03162,SaaS Customer 03162,2026-01-15,R01,Referral,Medium
C03163,SaaS Customer 03163,2023-07-20,R04,Outbound,Large
C03164,SaaS Customer 03164,2024-01-28,R01,Referral,Medium
C03165,SaaS Customer 03165,2023-06-09,R01,Organic Search,Small
C03166,SaaS Customer 03166,2024-05-16,R06,Partner,Large
C03167,SaaS Customer 03167,2025-07-23,R02,Paid Search,Medium
C03168,SaaS Customer 03168,2023-12-01,R07,Organic Search,Enterprise
C03169,SaaS Customer 03169,2025-10-23,R06,Organic Search,Small
C03170,SaaS Customer 03170,2025-01-26,R06,Organic Search,Small
C03171,SaaS Customer 03171,2025-02-23,R06,Organic Search,Large
C03172,SaaS Customer 03172,2026-03-17,R07,Referral,Small
C03173,SaaS Customer 03173,2024-06-22,R03,Paid Search,Medium
C03174,SaaS Customer 03174,2024-03-06,R05,Referral,Medium
C03175,SaaS Customer 03175,2026-05-26,R04,Outbound,Small
C03176,SaaS Customer 03176,2024-11-26,R07,Partner,Small
C03177,SaaS Customer 03177,2025-02-06,R01,Paid Search,Large
C03178,SaaS Customer 03178,2024-01-05,R05,Referral,Small
C03179,SaaS Customer 03179,2023-09-26,R06,Organic Search,Large
C03180,SaaS Customer 03180,2023-07-31,R03,Paid Search,Large
C03181,SaaS Customer 03181,2023-10-07,R07,Paid Search,Medium
C03182,SaaS Customer 03182,2023-09-01,R03,Referral,Small
C03183,SaaS Customer 03183,2025-07-20,R01,Referral,Small
C03184,SaaS Customer 03184,2023-03-14,R05,Referral,Large
C03185,SaaS Customer 03185,2025-02-24,R03,Referral,Small
C03186,SaaS Customer 03186,2026-03-30,R01,Partner,Small
C03187,SaaS Customer 03187,2025-08-13,R01,Referral,Enterprise
C03188,SaaS Customer 03188,2024-05-17,R01,Outbound,Small
C03189,SaaS Customer 03189,2023-03-16,R06,Paid Search,Small
C03190,SaaS Customer 03190,2025-11-06,R07,Outbound,Enterprise
C03191,SaaS Customer 03191,2023-01-04,R05,Outbound,Small
C03192,SaaS Customer 03192,2025-04-30,R01,Partner,Small
C03193,SaaS Customer 03193,2025-04-17,R05,Organic Search,Medium
C03194,SaaS Customer 03194,2023-08-28,R07,Organic Search,Large
C03195,SaaS Customer 03195,2025-07-12,R06,Referral,Large
C03196,SaaS Customer 03196,2023-08-07,R02,Organic Search,Large
C03197,SaaS Customer 03197,2023-10-09,R01,Paid Search,Enterprise
C03198,SaaS Customer 03198,2025-10-10,R07,Partner,Small
C03199,SaaS Customer 03199,2026-05-06,R07,Outbound,Medium
C03200,SaaS Customer 03200,2023-11-27,R01,Referral,Small
C03201,SaaS Customer 03201,2026-02-23,R06,Referral,Enterprise
C03202,SaaS Customer 03202,2026-02-13,R01,Paid Search,Enterprise
C03203,SaaS Customer 03203,2025-08-18,R01,Organic Search,Small
C03204,SaaS Customer 03204,2023-06-24,R06,Referral,Large
C03205,SaaS Customer 03205,2024-01-09,R05,Organic Search,Medium
C03206,SaaS Customer 03206,2025-04-25,R03,Partner,Small
C03207,SaaS Customer 03207,2026-06-01,R07,Outbound,Medium
C03208,SaaS Customer 03208,2025-10-13,R06,Partner,Enterprise
C03209,SaaS Customer 03209,2024-06-08,R01,Partner,Small
C03210,SaaS Customer 03210,2023-10-21,R06,Referral,Small
C03211,SaaS Customer 03211,2026-04-13,R06,Referral,Enterprise
C03212,SaaS Customer 03212,2023-12-11,R05,Paid Search,Small
C03213,SaaS Customer 03213,2024-03-03,R08,Paid Search,Medium
C03214,SaaS Customer 03214,2026-04-18,R06,Organic Search,Medium
C03215,SaaS Customer 03215,2024-12-01,R01,Partner,Medium
C03216,SaaS Customer 03216,2023-11-27,R01,Paid Search,Small
C03217,SaaS Customer 03217,2023-01-07,R06,Paid Search,Small
C03218,SaaS Customer 03218,2024-06-20,R08,Referral,Large
C03219,SaaS Customer 03219,2026-05-15,R01,Organic Search,Medium
C03220,SaaS Customer 03220,2024-06-23,R01,Partner,Medium
C03221,SaaS Customer 03221,2025-05-23,R06,Organic Search,Large
C03222,SaaS Customer 03222,2023-11-12,R01,Organic Search,Small
C03223,SaaS Customer 03223,2025-08-25,R01,Organic Search,Large
C03224,SaaS Customer 03224,2025-08-26,R07,Organic Search,Large
C03225,SaaS Customer 03225,2025-01-29,R06,Outbound,Enterprise
C03226,SaaS Customer 03226,2025-08-21,R07,Outbound,Small
C03227,SaaS Customer 03227,2024-12-23,R06,Referral,Small
C03228,SaaS Customer 03228,2024-04-17,R03,Partner,Medium
C03229,SaaS Customer 03229,2025-07-09,R07,Referral,Enterprise
C03230,SaaS Customer 03230,2025-11-08,R02,Outbound,Enterprise
C03231,SaaS Customer 03231,2025-11-15,R02,Partner,Small
C03232,SaaS Customer 03232,2023-09-23,R07,Organic Search,Medium
C03233,SaaS Customer 03233,2025-04-24,R06,Referral,Small
C03234,SaaS Customer 03234,2023-01-06,R07,Outbound,Medium
C03235,SaaS Customer 03235,2024-12-14,R01,Organic Search,Large
C03236,SaaS Customer 03236,2024-12-13,R08,Paid Search,Large
C03237,SaaS Customer 03237,2024-03-29,R06,Paid Search,Small
C03238,SaaS Customer 03238,2026-05-25,R06,Paid Search,Enterprise
C03239,SaaS Customer 03239,2026-01-06,R07,Referral,Small
C03240,SaaS Customer 03240,2023-02-18,R03,Paid Search,Medium
C03241,SaaS Customer 03241,2023-09-18,R06,Outbound,Medium
C03242,SaaS Customer 03242,2023-09-17,R06,Referral,Medium
C03243,SaaS Customer 03243,2026-01-25,R06,Organic Search,Large
C03244,SaaS Customer 03244,2024-10-09,R07,Referral,Medium
C03245,SaaS Customer 03245,2025-06-28,R06,Referral,Small
C03246,SaaS Customer 03246,2025-10-07,R01,Partner,Small
C03247,SaaS Customer 03247,2025-08-15,R01,Paid Search,Medium
C03248,SaaS Customer 03248,2023-04-22,R08,Referral,Medium
C03249,SaaS Customer 03249,2023-06-25,R08,Paid Search,Medium
C03250,SaaS Customer 03250,2024-05-08,R08,Organic Search,Small
C03251,SaaS Customer 03251,2024-02-27,R01,Paid Search,Small
C03252,SaaS Customer 03252,2025-07-21,R03,Organic Search,Large
C03253,SaaS Customer 03253,2023-07-14,R06,Referral,Medium
C03254,SaaS Customer 03254,2024-04-08,R06,Organic Search,Medium
C03255,SaaS Customer 03255,2023-10-23,R01,Partner,Medium
C03256,SaaS Customer 03256,2023-08-24,R06,Paid Search,Small
C03257,SaaS Customer 03257,2023-08-04,R01,Referral,Small
C03258,SaaS Customer 03258,2023-09-01,R04,Paid Search,Small
C03259,SaaS Customer 03259,2024-12-05,R01,Outbound,Medium
C03260,SaaS Customer 03260,2024-05-26,R01,Outbound,Small
C03261,SaaS Customer 03261,2024-06-27,R01,Organic Search,Small
C03262,SaaS Customer 03262,2024-08-21,R07,Referral,Enterprise
C03263,SaaS Customer 03263,2025-07-13,R06,Organic Search,Small
C03264,SaaS Customer 03264,2025-12-11,R08,Referral,Medium
C03265,SaaS Customer 03265,2024-10-18,R04,Partner,Small
C03266,SaaS Customer 03266,2025-03-12,R03,Paid Search,Small
C03267,SaaS Customer 03267,2025-07-10,R03,Organic Search,Small
C03268,SaaS Customer 03268,2025-05-11,R06,Paid Search,Large
C03269,SaaS Customer 03269,2023-06-17,R03,Referral,Medium
C03270,SaaS Customer 03270,2026-05-11,R06,Referral,Medium
C03271,SaaS Customer 03271,2023-07-25,R06,Organic Search,Enterprise
C03272,SaaS Customer 03272,2024-05-28,R07,Paid Search,Small
C03273,SaaS Customer 03273,2025-03-25,R02,Paid Search,Medium
C03274,SaaS Customer 03274,2024-05-18,R04,Partner,Small
C03275,SaaS Customer 03275,2023-10-31,R01,Organic Search,Medium
C03276,SaaS Customer 03276,2026-02-26,R01,Paid Search,Large
C03277,SaaS Customer 03277,2023-03-31,R06,Outbound,Small
C03278,SaaS Customer 03278,2023-11-03,R05,Paid Search,Enterprise
C03279,SaaS Customer 03279,2026-05-24,R06,Referral,Medium
C03280,SaaS Customer 03280,2025-06-29,R01,Paid Search,Small
C03281,SaaS Customer 03281,2023-04-19,R08,Paid Search,Small
C03282,SaaS Customer 03282,2025-07-30,R08,Partner,Medium
C03283,SaaS Customer 03283,2026-04-24,R04,Organic Search,Medium
C03284,SaaS Customer 03284,2023-05-03,R07,Organic Search,Small
C03285,SaaS Customer 03285,2024-05-31,R02,Outbound,Medium
C03286,SaaS Customer 03286,2024-08-07,R06,Outbound,Small
C03287,SaaS Customer 03287,2023-06-13,R07,Referral,Enterprise
C03288,SaaS Customer 03288,2023-09-08,R06,Organic Search,Small
C03289,SaaS Customer 03289,2023-08-05,R06,Organic Search,Medium
C03290,SaaS Customer 03290,2023-08-20,R04,Organic Search,Large
C03291,SaaS Customer 03291,2024-05-18,R06,Outbound,Medium
C03292,SaaS Customer 03292,2024-08-01,R06,Referral,Large
C03293,SaaS Customer 03293,2023-10-25,R01,Partner,Enterprise
C03294,SaaS Customer 03294,2023-12-28,R01,Outbound,Small
C03295,SaaS Customer 03295,2023-08-28,R06,Organic Search,Small
C03296,SaaS Customer 03296,2025-09-20,R06,Partner,Medium
C03297,SaaS Customer 03297,2023-09-22,R04,Organic Search,Small
C03298,SaaS Customer 03298,2026-02-06,R07,Paid Search,Medium
C03299,SaaS Customer 03299,2024-11-03,R06,Outbound,Small
C03300,SaaS Customer 03300,2025-09-28,R03,Outbound,Enterprise
C03301,SaaS Customer 03301,2025-03-05,R03,Organic Search,Medium
C03302,SaaS Customer 03302,2023-11-29,R06,Organic Search,Medium
C03303,SaaS Customer 03303,2025-01-20,R06,Partner,Medium
C03304,SaaS Customer 03304,2023-12-09,R05,Organic Search,Enterprise
C03305,SaaS Customer 03305,2023-05-28,R04,Partner,Large
C03306,SaaS Customer 03306,2023-11-14,R06,Partner,Large
C03307,SaaS Customer 03307,2023-12-10,R06,Paid Search,Large
C03308,SaaS Customer 03308,2023-06-18,R06,Paid Search,Small
C03309,SaaS Customer 03309,2023-01-30,R01,Organic Search,Small
C03310,SaaS Customer 03310,2026-03-23,R06,Outbound,Small
C03311,SaaS Customer 03311,2024-10-02,R04,Paid Search,Medium
C03312,SaaS Customer 03312,2024-05-16,R01,Partner,Medium
C03313,SaaS Customer 03313,2026-03-06,R06,Paid Search,Small
C03314,SaaS Customer 03314,2023-10-08,R06,Referral,Enterprise
C03315,SaaS Customer 03315,2024-05-17,R04,Organic Search,Small
C03316,SaaS Customer 03316,2025-11-22,R06,Organic Search,Large
C03317,SaaS Customer 03317,2025-02-27,R02,Referral,Medium
C03318,SaaS Customer 03318,2024-05-13,R01,Referral,Small
C03319,SaaS Customer 03319,2023-11-16,R03,Organic Search,Small
C03320,SaaS Customer 03320,2023-02-13,R03,Paid Search,Medium
C03321,SaaS Customer 03321,2023-04-17,R06,Outbound,Large
C03322,SaaS Customer 03322,2023-07-22,R07,Organic Search,Small
C03323,SaaS Customer 03323,2025-09-08,R06,Organic Search,Medium
C03324,SaaS Customer 03324,2025-03-08,R01,Paid Search,Medium
C03325,SaaS Customer 03325,2024-06-24,R03,Paid Search,Small
C03326,SaaS Customer 03326,2025-09-04,R01,Partner,Medium
C03327,SaaS Customer 03327,2023-07-20,R06,Referral,Medium
C03328,SaaS Customer 03328,2023-09-21,R02,Partner,Large
C03329,SaaS Customer 03329,2024-05-05,R04,Partner,Medium
C03330,SaaS Customer 03330,2026-02-18,R06,Paid Search,Small
C03331,SaaS Customer 03331,2025-02-05,R06,Referral,Large
C03332,SaaS Customer 03332,2025-11-28,R02,Organic Search,Small
C03333,SaaS Customer 03333,2023-11-06,R03,Paid Search,Enterprise
C03334,SaaS Customer 03334,2025-11-24,R06,Referral,Medium
C03335,SaaS Customer 03335,2023-04-01,R05,Paid Search,Small
C03336,SaaS Customer 03336,2023-10-12,R01,Organic Search,Large
C03337,SaaS Customer 03337,2024-10-14,R07,Paid Search,Small
C03338,SaaS Customer 03338,2023-03-05,R04,Referral,Large
C03339,SaaS Customer 03339,2025-12-07,R04,Organic Search,Enterprise
C03340,SaaS Customer 03340,2025-12-18,R01,Referral,Medium
C03341,SaaS Customer 03341,2024-11-06,R03,Referral,Medium
C03342,SaaS Customer 03342,2024-01-17,R03,Partner,Medium
C03343,SaaS Customer 03343,2023-05-04,R02,Organic Search,Medium
C03344,SaaS Customer 03344,2025-02-11,R05,Referral,Small
C03345,SaaS Customer 03345,2024-11-02,R04,Organic Search,Enterprise
C03346,SaaS Customer 03346,2025-08-06,R07,Outbound,Small
C03347,SaaS Customer 03347,2025-01-21,R08,Referral,Small
C03348,SaaS Customer 03348,2023-06-10,R01,Organic Search,Small
C03349,SaaS Customer 03349,2023-06-01,R01,Referral,Enterprise
C03350,SaaS Customer 03350,2025-09-01,R06,Paid Search,Enterprise
C03351,SaaS Customer 03351,2023-07-18,R08,Paid Search,Small
C03352,SaaS Customer 03352,2026-03-17,R07,Paid Search,Small
C03353,SaaS Customer 03353,2023-05-13,R01,Partner,Large
C03354,SaaS Customer 03354,2025-06-28,R02,Referral,Medium
C03355,SaaS Customer 03355,2026-05-02,R01,Outbound,Enterprise
C03356,SaaS Customer 03356,2024-07-04,R06,Organic Search,Large
C03357,SaaS Customer 03357,2023-03-12,R05,Partner,Large
C03358,SaaS Customer 03358,2025-12-30,R04,Referral,Small
C03359,SaaS Customer 03359,2023-08-22,R05,Referral,Medium
C03360,SaaS Customer 03360,2024-10-20,R02,Paid Search,Enterprise
C03361,SaaS Customer 03361,2026-05-13,R06,Paid Search,Small
C03362,SaaS Customer 03362,2025-07-18,R01,Referral,Large
C03363,SaaS Customer 03363,2023-02-27,R06,Paid Search,Small
C03364,SaaS Customer 03364,2025-10-20,R06,Organic Search,Enterprise
C03365,SaaS Customer 03365,2023-07-21,R06,Partner,Medium
C03366,SaaS Customer 03366,2025-07-24,R03,Organic Search,Small
C03367,SaaS Customer 03367,2025-02-13,R06,Organic Search,Medium
C03368,SaaS Customer 03368,2023-12-26,R06,Organic Search,Small
C03369,SaaS Customer 03369,2024-06-12,R01,Referral,Small
C03370,SaaS Customer 03370,2023-05-28,R01,Outbound,Enterprise
C03371,SaaS Customer 03371,2026-05-16,R06,Paid Search,Small
C03372,SaaS Customer 03372,2023-10-25,R02,Organic Search,Enterprise
C03373,SaaS Customer 03373,2024-01-21,R01,Referral,Small
C03374,SaaS Customer 03374,2024-09-19,R01,Organic Search,Medium
C03375,SaaS Customer 03375,2025-04-19,R01,Outbound,Enterprise
C03376,SaaS Customer 03376,2024-09-22,R04,Partner,Medium
C03377,SaaS Customer 03377,2024-09-22,R06,Organic Search,Large
C03378,SaaS Customer 03378,2024-12-28,R01,Paid Search,Enterprise
C03379,SaaS Customer 03379,2025-12-06,R06,Paid Search,Medium
C03380,SaaS Customer 03380,2024-05-08,R02,Referral,Large
C03381,SaaS Customer 03381,2025-11-04,R03,Organic Search,Small
C03382,SaaS Customer 03382,2025-09-09,R01,Outbound,Medium
C03383,SaaS Customer 03383,2026-04-14,R06,Referral,Small
C03384,SaaS Customer 03384,2026-02-13,R08,Outbound,Large
C03385,SaaS Customer 03385,2025-09-23,R04,Outbound,Medium
C03386,SaaS Customer 03386,2023-11-04,R01,Organic Search,Medium
C03387,SaaS Customer 03387,2025-08-24,R02,Partner,Enterprise
C03388,SaaS Customer 03388,2025-07-08,R01,Referral,Small
C03389,SaaS Customer 03389,2023-12-28,R07,Paid Search,Enterprise
C03390,SaaS Customer 03390,2025-04-26,R01,Organic Search,Small
C03391,SaaS Customer 03391,2023-11-12,R08,Paid Search,Small
C03392,SaaS Customer 03392,2024-10-14,R05,Organic Search,Medium
C03393,SaaS Customer 03393,2025-09-21,R04,Outbound,Small
C03394,SaaS Customer 03394,2023-08-24,R07,Paid Search,Medium
C03395,SaaS Customer 03395,2024-02-25,R01,Referral,Large
C03396,SaaS Customer 03396,2025-09-19,R06,Outbound,Large
C03397,SaaS Customer 03397,2024-07-20,R01,Paid Search,Small
C03398,SaaS Customer 03398,2026-04-13,R07,Referral,Small
C03399,SaaS Customer 03399,2023-01-10,R04,Organic Search,Small
C03400,SaaS Customer 03400,2025-06-19,R01,Organic Search,Medium
C03401,SaaS Customer 03401,2025-10-13,R06,Organic Search,Small
C03402,SaaS Customer 03402,2026-02-19,R01,Paid Search,Small
C03403,SaaS Customer 03403,2023-07-15,R01,Paid Search,Large
C03404,SaaS Customer 03404,2026-05-13,R06,Paid Search,Enterprise
C03405,SaaS Customer 03405,2024-05-04,R04,Organic Search,Large
C03406,SaaS Customer 03406,2024-03-15,R07,Organic Search,Small
C03407,SaaS Customer 03407,2024-03-19,R06,Referral,Medium
C03408,SaaS Customer 03408,2025-03-07,R06,Organic Search,Small
C03409,SaaS Customer 03409,2025-04-02,R02,Referral,Small
C03410,SaaS Customer 03410,2024-08-14,R01,Outbound,Medium
C03411,SaaS Customer 03411,2023-03-30,R08,Referral,Enterprise
C03412,SaaS Customer 03412,2026-05-16,R01,Partner,Medium
C03413,SaaS Customer 03413,2023-10-05,R04,Partner,Small
C03414,SaaS Customer 03414,2023-04-28,R02,Partner,Medium
C03415,SaaS Customer 03415,2025-01-15,R02,Outbound,Enterprise
C03416,SaaS Customer 03416,2024-05-29,R06,Outbound,Small
C03417,SaaS Customer 03417,2025-02-07,R06,Paid Search,Large
C03418,SaaS Customer 03418,2025-12-28,R06,Partner,Small
C03419,SaaS Customer 03419,2023-05-02,R07,Referral,Small
C03420,SaaS Customer 03420,2023-12-21,R02,Organic Search,Large
C03421,SaaS Customer 03421,2024-10-06,R04,Partner,Small
C03422,SaaS Customer 03422,2025-09-10,R01,Partner,Large
C03423,SaaS Customer 03423,2025-01-19,R06,Referral,Small
C03424,SaaS Customer 03424,2024-04-22,R02,Paid Search,Medium
C03425,SaaS Customer 03425,2025-01-31,R05,Paid Search,Medium
C03426,SaaS Customer 03426,2026-05-08,R01,Organic Search,Large
C03427,SaaS Customer 03427,2024-08-22,R06,Partner,Large
C03428,SaaS Customer 03428,2026-01-07,R06,Outbound,Medium
C03429,SaaS Customer 03429,2025-08-31,R07,Outbound,Small
C03430,SaaS Customer 03430,2024-01-12,R01,Paid Search,Small
C03431,SaaS Customer 03431,2023-11-08,R08,Organic Search,Medium
C03432,SaaS Customer 03432,2025-08-19,R02,Referral,Medium
C03433,SaaS Customer 03433,2023-09-16,R02,Referral,Small
C03434,SaaS Customer 03434,2024-02-25,R02,Paid Search,Enterprise
C03435,SaaS Customer 03435,2023-10-21,R02,Paid Search,Small
C03436,SaaS Customer 03436,2025-01-26,R05,Organic Search,Small
C03437,SaaS Customer 03437,2024-01-03,R01,Referral,Large
C03438,SaaS Customer 03438,2025-04-01,R03,Partner,Medium
C03439,SaaS Customer 03439,2026-03-12,R06,Paid Search,Large
C03440,SaaS Customer 03440,2025-11-01,R06,Outbound,Small
C03441,SaaS Customer 03441,2026-03-29,R06,Partner,Small
C03442,SaaS Customer 03442,2023-01-31,R06,Outbound,Medium
C03443,SaaS Customer 03443,2024-07-22,R01,Paid Search,Small
C03444,SaaS Customer 03444,2023-10-02,R06,Paid Search,Medium
C03445,SaaS Customer 03445,2026-02-19,R01,Outbound,Small
C03446,SaaS Customer 03446,2025-06-07,R02,Outbound,Small
C03447,SaaS Customer 03447,2024-02-04,R01,Outbound,Small
C03448,SaaS Customer 03448,2024-12-04,R06,Referral,Small
C03449,SaaS Customer 03449,2025-01-25,R03,Paid Search,Small
C03450,SaaS Customer 03450,2024-09-10,R06,Organic Search,Large
C03451,SaaS Customer 03451,2024-08-14,R03,Paid Search,Medium
C03452,SaaS Customer 03452,2023-03-10,R04,Outbound,Small
C03453,SaaS Customer 03453,2024-07-18,R04,Paid Search,Medium
C03454,SaaS Customer 03454,2024-03-10,R01,Referral,Small
C03455,SaaS Customer 03455,2025-10-18,R03,Outbound,Medium
C03456,SaaS Customer 03456,2025-12-15,R06,Outbound,Large
C03457,SaaS Customer 03457,2025-07-25,R05,Outbound,Medium
C03458,SaaS Customer 03458,2023-02-08,R01,Partner,Medium
C03459,SaaS Customer 03459,2025-11-15,R06,Paid Search,Small
C03460,SaaS Customer 03460,2024-05-09,R02,Outbound,Small
C03461,SaaS Customer 03461,2024-06-03,R01,Organic Search,Large
C03462,SaaS Customer 03462,2026-03-25,R01,Organic Search,Medium
C03463,SaaS Customer 03463,2025-12-18,R04,Outbound,Medium
C03464,SaaS Customer 03464,2023-03-05,R03,Referral,Enterprise
C03465,SaaS Customer 03465,2024-03-25,R06,Partner,Small
C03466,SaaS Customer 03466,2025-07-24,R02,Organic Search,Large
C03467,SaaS Customer 03467,2024-11-03,R06,Partner,Medium
C03468,SaaS Customer 03468,2023-11-18,R02,Outbound,Small
C03469,SaaS Customer 03469,2024-10-16,R06,Partner,Small
C03470,SaaS Customer 03470,2025-12-17,R06,Paid Search,Medium
C03471,SaaS Customer 03471,2023-10-06,R03,Partner,Small
C03472,SaaS Customer 03472,2025-07-20,R01,Outbound,Medium
C03473,SaaS Customer 03473,2025-07-05,R05,Outbound,Medium
C03474,SaaS Customer 03474,2026-01-10,R08,Paid Search,Medium
C03475,SaaS Customer 03475,2024-01-07,R08,Partner,Medium
C03476,SaaS Customer 03476,2023-09-27,R01,Organic Search,Medium
C03477,SaaS Customer 03477,2024-11-14,R06,Paid Search,Medium
C03478,SaaS Customer 03478,2024-10-25,R03,Organic Search,Large
C03479,SaaS Customer 03479,2024-05-26,R01,Partner,Small
C03480,SaaS Customer 03480,2025-08-30,R06,Partner,Enterprise
C03481,SaaS Customer 03481,2025-09-24,R04,Paid Search,Small
C03482,SaaS Customer 03482,2023-11-03,R05,Organic Search,Small
C03483,SaaS Customer 03483,2025-09-19,R06,Organic Search,Medium
C03484,SaaS Customer 03484,2023-10-15,R03,Organic Search,Small
C03485,SaaS Customer 03485,2024-05-23,R06,Referral,Small
C03486,SaaS Customer 03486,2023-02-03,R03,Organic Search,Small
C03487,SaaS Customer 03487,2024-02-29,R01,Organic Search,Medium
C03488,SaaS Customer 03488,2026-04-11,R03,Outbound,Medium
C03489,SaaS Customer 03489,2024-07-06,R08,Organic Search,Small
C03490,SaaS Customer 03490,2025-06-05,R04,Outbound,Medium
C03491,SaaS Customer 03491,2023-05-15,R01,Partner,Small
C03492,SaaS Customer 03492,2025-03-04,R06,Referral,Enterprise
C03493,SaaS Customer 03493,2024-04-08,R08,Partner,Small
C03494,SaaS Customer 03494,2025-07-17,R07,Organic Search,Medium
C03495,SaaS Customer 03495,2026-03-04,R05,Referral,Medium
C03496,SaaS Customer 03496,2024-10-25,R03,Referral,Medium
C03497,SaaS Customer 03497,2023-05-09,R05,Paid Search,Enterprise
C03498,SaaS Customer 03498,2024-08-17,R06,Referral,Small
C03499,SaaS Customer 03499,2023-06-03,R07,Partner,Large
C03500,SaaS Customer 03500,2024-07-15,R06,Outbound,Medium
C03501,SaaS Customer 03501,2023-03-18,R04,Referral,Medium
C03502,SaaS Customer 03502,2025-03-10,R01,Organic Search,Small
C03503,SaaS Customer 03503,2024-01-23,R05,Outbound,Small
C03504,SaaS Customer 03504,2023-09-09,R01,Outbound,Small
C03505,SaaS Customer 03505,2023-01-22,R01,Referral,Small
C03506,SaaS Customer 03506,2026-01-13,R04,Organic Search,Enterprise
C03507,SaaS Customer 03507,2025-11-10,R06,Referral,Large
C03508,SaaS Customer 03508,2025-10-10,R07,Partner,Small
C03509,SaaS Customer 03509,2023-03-14,R06,Paid Search,Medium
C03510,SaaS Customer 03510,2024-03-12,R07,Outbound,Medium
C03511,SaaS Customer 03511,2026-04-27,R06,Partner,Small
C03512,SaaS Customer 03512,2024-12-23,R06,Outbound,Medium
C03513,SaaS Customer 03513,2023-06-10,R01,Referral,Medium
C03514,SaaS Customer 03514,2023-06-26,R06,Paid Search,Small
C03515,SaaS Customer 03515,2023-11-25,R01,Outbound,Medium
C03516,SaaS Customer 03516,2026-04-28,R01,Partner,Small
C03517,SaaS Customer 03517,2023-07-31,R01,Partner,Small
C03518,SaaS Customer 03518,2026-01-31,R06,Paid Search,Medium
C03519,SaaS Customer 03519,2025-04-26,R06,Organic Search,Medium
C03520,SaaS Customer 03520,2026-02-24,R08,Referral,Enterprise
C03521,SaaS Customer 03521,2025-10-27,R08,Paid Search,Small
C03522,SaaS Customer 03522,2024-02-19,R07,Outbound,Large
C03523,SaaS Customer 03523,2025-10-30,R01,Outbound,Enterprise
C03524,SaaS Customer 03524,2023-07-31,R07,Referral,Medium
C03525,SaaS Customer 03525,2023-12-30,R06,Organic Search,Enterprise
C03526,SaaS Customer 03526,2023-09-22,R07,Referral,Enterprise
C03527,SaaS Customer 03527,2023-06-16,R01,Organic Search,Large
C03528,SaaS Customer 03528,2023-04-23,R01,Referral,Enterprise
C03529,SaaS Customer 03529,2023-08-22,R07,Paid Search,Medium
C03530,SaaS Customer 03530,2023-05-30,R01,Outbound,Medium
C03531,SaaS Customer 03531,2024-04-19,R03,Paid Search,Enterprise
C03532,SaaS Customer 03532,2023-03-30,R04,Organic Search,Large
C03533,SaaS Customer 03533,2023-03-18,R01,Outbound,Small
C03534,SaaS Customer 03534,2026-05-20,R01,Partner,Small
C03535,SaaS Customer 03535,2023-04-20,R08,Outbound,Small
C03536,SaaS Customer 03536,2023-04-03,R07,Outbound,Large
C03537,SaaS Customer 03537,2023-02-07,R07,Partner,Small
C03538,SaaS Customer 03538,2023-06-15,R02,Paid Search,Small
C03539,SaaS Customer 03539,2024-10-20,R01,Partner,Medium
C03540,SaaS Customer 03540,2025-10-29,R03,Referral,Small
C03541,SaaS Customer 03541,2025-07-06,R04,Outbound,Enterprise
C03542,SaaS Customer 03542,2024-12-25,R01,Paid Search,Medium
C03543,SaaS Customer 03543,2023-04-17,R06,Referral,Small
C03544,SaaS Customer 03544,2025-08-24,R08,Paid Search,Small
C03545,SaaS Customer 03545,2023-02-16,R04,Partner,Large
C03546,SaaS Customer 03546,2025-02-26,R03,Referral,Medium
C03547,SaaS Customer 03547,2024-05-25,R03,Outbound,Medium
C03548,SaaS Customer 03548,2026-01-05,R01,Paid Search,Small
C03549,SaaS Customer 03549,2024-01-19,R02,Paid Search,Large
C03550,SaaS Customer 03550,2025-03-07,R04,Organic Search,Large
C03551,SaaS Customer 03551,2024-07-03,R03,Organic Search,Medium
C03552,SaaS Customer 03552,2024-10-13,R05,Paid Search,Medium
C03553,SaaS Customer 03553,2026-03-17,R07,Outbound,Enterprise
C03554,SaaS Customer 03554,2025-06-08,R01,Paid Search,Medium
C03555,SaaS Customer 03555,2024-06-01,R01,Paid Search,Medium
C03556,SaaS Customer 03556,2024-07-12,R01,Referral,Enterprise
C03557,SaaS Customer 03557,2025-05-29,R01,Organic Search,Large
C03558,SaaS Customer 03558,2024-03-07,R05,Organic Search,Large
C03559,SaaS Customer 03559,2023-07-29,R06,Outbound,Large
C03560,SaaS Customer 03560,2024-08-06,R07,Organic Search,Medium
C03561,SaaS Customer 03561,2023-03-27,R06,Paid Search,Medium
C03562,SaaS Customer 03562,2023-07-31,R03,Partner,Small
C03563,SaaS Customer 03563,2024-06-09,R01,Organic Search,Medium
C03564,SaaS Customer 03564,2025-09-21,R03,Paid Search,Small
C03565,SaaS Customer 03565,2025-09-02,R03,Organic Search,Small
C03566,SaaS Customer 03566,2023-11-22,R07,Paid Search,Enterprise
C03567,SaaS Customer 03567,2024-06-10,R04,Outbound,Small
C03568,SaaS Customer 03568,2023-07-11,R01,Paid Search,Large
C03569,SaaS Customer 03569,2025-07-31,R02,Paid Search,Small
C03570,SaaS Customer 03570,2023-11-04,R01,Paid Search,Small
C03571,SaaS Customer 03571,2025-09-24,R07,Outbound,Small
C03572,SaaS Customer 03572,2025-11-16,R01,Organic Search,Medium
C03573,SaaS Customer 03573,2025-05-09,R01,Outbound,Medium
C03574,SaaS Customer 03574,2024-02-17,R01,Paid Search,Small
C03575,SaaS Customer 03575,2026-04-04,R06,Outbound,Medium
C03576,SaaS Customer 03576,2025-05-06,R04,Paid Search,Medium
C03577,SaaS Customer 03577,2025-03-17,R06,Organic Search,Small
C03578,SaaS Customer 03578,2025-12-04,R03,Partner,Small
C03579,SaaS Customer 03579,2026-01-05,R01,Organic Search,Small
C03580,SaaS Customer 03580,2023-04-08,R07,Referral,Small
C03581,SaaS Customer 03581,2026-01-05,R01,Partner,Small
C03582,SaaS Customer 03582,2025-08-12,R01,Referral,Medium
C03583,SaaS Customer 03583,2023-09-15,R05,Organic Search,Medium
C03584,SaaS Customer 03584,2024-01-19,R01,Referral,Large
C03585,SaaS Customer 03585,2025-07-28,R01,Paid Search,Large
C03586,SaaS Customer 03586,2023-09-28,R06,Outbound,Medium
C03587,SaaS Customer 03587,2024-07-18,R04,Referral,Small
C03588,SaaS Customer 03588,2025-05-09,R02,Partner,Small
C03589,SaaS Customer 03589,2025-03-22,R03,Outbound,Medium
C03590,SaaS Customer 03590,2026-02-09,R06,Partner,Small
C03591,SaaS Customer 03591,2023-05-20,R01,Partner,Small
C03592,SaaS Customer 03592,2024-01-04,R01,Organic Search,Enterprise
C03593,SaaS Customer 03593,2026-05-14,R06,Referral,Small
C03594,SaaS Customer 03594,2024-12-10,R06,Paid Search,Small
C03595,SaaS Customer 03595,2023-11-07,R08,Organic Search,Enterprise
C03596,SaaS Customer 03596,2023-12-28,R03,Referral,Small
C03597,SaaS Customer 03597,2024-02-28,R01,Organic Search,Small
C03598,SaaS Customer 03598,2024-11-22,R05,Referral,Small
C03599,SaaS Customer 03599,2023-12-22,R06,Organic Search,Small
C03600,SaaS Customer 03600,2025-02-15,R01,Paid Search,Enterprise
C03601,SaaS Customer 03601,2024-07-09,R05,Outbound,Medium
C03602,SaaS Customer 03602,2025-01-31,R01,Organic Search,Medium
C03603,SaaS Customer 03603,2023-07-13,R07,Referral,Small
C03604,SaaS Customer 03604,2025-02-17,R06,Partner,Small
C03605,SaaS Customer 03605,2026-02-28,R03,Outbound,Medium
C03606,SaaS Customer 03606,2023-06-18,R08,Organic Search,Small
C03607,SaaS Customer 03607,2024-02-13,R08,Referral,Small
C03608,SaaS Customer 03608,2025-05-15,R01,Paid Search,Medium
C03609,SaaS Customer 03609,2025-02-09,R03,Paid Search,Large
C03610,SaaS Customer 03610,2025-04-22,R06,Paid Search,Large
C03611,SaaS Customer 03611,2024-11-29,R01,Paid Search,Large
C03612,SaaS Customer 03612,2025-05-01,R03,Partner,Medium
C03613,SaaS Customer 03613,2025-01-30,R02,Organic Search,Large
C03614,SaaS Customer 03614,2023-04-03,R08,Paid Search,Enterprise
C03615,SaaS Customer 03615,2025-07-26,R03,Partner,Small
C03616,SaaS Customer 03616,2024-07-11,R06,Paid Search,Small
C03617,SaaS Customer 03617,2023-03-06,R03,Organic Search,Small
C03618,SaaS Customer 03618,2024-05-25,R01,Paid Search,Enterprise
C03619,SaaS Customer 03619,2024-06-27,R07,Paid Search,Enterprise
C03620,SaaS Customer 03620,2023-04-19,R01,Referral,Large
C03621,SaaS Customer 03621,2026-05-28,R01,Outbound,Small
C03622,SaaS Customer 03622,2023-10-05,R03,Partner,Enterprise
C03623,SaaS Customer 03623,2024-02-17,R06,Referral,Small
C03624,SaaS Customer 03624,2024-07-04,R03,Organic Search,Small
C03625,SaaS Customer 03625,2025-11-04,R01,Outbound,Medium
C03626,SaaS Customer 03626,2025-07-16,R03,Paid Search,Large
C03627,SaaS Customer 03627,2025-08-20,R02,Paid Search,Large
C03628,SaaS Customer 03628,2023-10-23,R01,Organic Search,Small
C03629,SaaS Customer 03629,2025-11-21,R05,Organic Search,Small
C03630,SaaS Customer 03630,2025-11-01,R01,Referral,Medium
C03631,SaaS Customer 03631,2024-08-01,R02,Organic Search,Small
C03632,SaaS Customer 03632,2024-11-12,R06,Paid Search,Large
C03633,SaaS Customer 03633,2023-02-16,R06,Organic Search,Small
C03634,SaaS Customer 03634,2025-08-07,R02,Outbound,Small
C03635,SaaS Customer 03635,2026-04-14,R03,Referral,Small
C03636,SaaS Customer 03636,2024-08-12,R02,Outbound,Medium
C03637,SaaS Customer 03637,2024-11-05,R08,Outbound,Large
C03638,SaaS Customer 03638,2024-09-14,R01,Outbound,Small
C03639,SaaS Customer 03639,2023-04-14,R01,Paid Search,Small
C03640,SaaS Customer 03640,2025-02-12,R04,Organic Search,Enterprise
C03641,SaaS Customer 03641,2025-06-19,R01,Paid Search,Medium
C03642,SaaS Customer 03642,2026-03-04,R01,Paid Search,Small
C03643,SaaS Customer 03643,2026-03-06,R01,Referral,Small
C03644,SaaS Customer 03644,2024-09-05,R06,Organic Search,Enterprise
C03645,SaaS Customer 03645,2026-04-11,R06,Organic Search,Medium
C03646,SaaS Customer 03646,2024-10-21,R06,Referral,Small
C03647,SaaS Customer 03647,2025-03-12,R06,Organic Search,Small
C03648,SaaS Customer 03648,2025-01-21,R03,Organic Search,Small
C03649,SaaS Customer 03649,2026-05-31,R07,Organic Search,Small
C03650,SaaS Customer 03650,2025-07-09,R06,Referral,Small
C03651,SaaS Customer 03651,2023-05-30,R06,Organic Search,Small
C03652,SaaS Customer 03652,2023-03-31,R06,Organic Search,Small
C03653,SaaS Customer 03653,2024-05-26,R03,Organic Search,Small
C03654,SaaS Customer 03654,2024-10-05,R02,Referral,Medium
C03655,SaaS Customer 03655,2025-04-14,R03,Organic Search,Medium
C03656,SaaS Customer 03656,2024-08-24,R01,Organic Search,Large
C03657,SaaS Customer 03657,2024-10-04,R04,Outbound,Small
C03658,SaaS Customer 03658,2026-02-24,R01,Outbound,Large
C03659,SaaS Customer 03659,2024-02-22,R01,Organic Search,Large
C03660,SaaS Customer 03660,2024-09-07,R08,Organic Search,Enterprise
C03661,SaaS Customer 03661,2024-11-26,R06,Organic Search,Small
C03662,SaaS Customer 03662,2024-08-07,R05,Referral,Small
C03663,SaaS Customer 03663,2026-04-23,R03,Organic Search,Medium
C03664,SaaS Customer 03664,2026-04-15,R05,Outbound,Small
C03665,SaaS Customer 03665,2024-10-02,R07,Referral,Small
C03666,SaaS Customer 03666,2024-07-16,R06,Partner,Small
C03667,SaaS Customer 03667,2025-01-05,R06,Organic Search,Medium
C03668,SaaS Customer 03668,2023-08-14,R04,Outbound,Large
C03669,SaaS Customer 03669,2024-06-15,R03,Referral,Small
C03670,SaaS Customer 03670,2023-09-28,R06,Referral,Enterprise
C03671,SaaS Customer 03671,2023-06-29,R08,Organic Search,Large
C03672,SaaS Customer 03672,2023-04-29,R03,Referral,Small
C03673,SaaS Customer 03673,2025-01-02,R03,Referral,Small
C03674,SaaS Customer 03674,2023-01-01,R03,Outbound,Small
C03675,SaaS Customer 03675,2025-03-17,R03,Partner,Enterprise
C03676,SaaS Customer 03676,2024-06-23,R08,Paid Search,Large
C03677,SaaS Customer 03677,2024-04-02,R06,Paid Search,Medium
C03678,SaaS Customer 03678,2025-08-18,R03,Referral,Medium
C03679,SaaS Customer 03679,2024-11-03,R03,Outbound,Small
C03680,SaaS Customer 03680,2025-07-04,R03,Partner,Enterprise
C03681,SaaS Customer 03681,2025-06-04,R01,Organic Search,Enterprise
C03682,SaaS Customer 03682,2023-02-10,R04,Organic Search,Large
C03683,SaaS Customer 03683,2023-09-26,R06,Partner,Medium
C03684,SaaS Customer 03684,2024-12-12,R06,Outbound,Small
C03685,SaaS Customer 03685,2026-05-02,R01,Organic Search,Small
C03686,SaaS Customer 03686,2023-07-12,R06,Paid Search,Small
C03687,SaaS Customer 03687,2023-05-12,R06,Outbound,Medium
C03688,SaaS Customer 03688,2026-03-20,R02,Paid Search,Large
C03689,SaaS Customer 03689,2026-04-21,R06,Organic Search,Enterprise
C03690,SaaS Customer 03690,2023-07-28,R06,Paid Search,Small
C03691,SaaS Customer 03691,2024-05-16,R06,Paid Search,Small
C03692,SaaS Customer 03692,2025-02-21,R01,Organic Search,Small
C03693,SaaS Customer 03693,2023-09-01,R01,Referral,Enterprise
C03694,SaaS Customer 03694,2024-02-12,R04,Partner,Large
C03695,SaaS Customer 03695,2024-05-08,R01,Partner,Medium
C03696,SaaS Customer 03696,2025-03-11,R03,Partner,Medium
C03697,SaaS Customer 03697,2024-01-20,R06,Organic Search,Medium
C03698,SaaS Customer 03698,2024-05-29,R01,Organic Search,Small
C03699,SaaS Customer 03699,2023-12-28,R04,Organic Search,Small
C03700,SaaS Customer 03700,2025-08-06,R08,Organic Search,Small
C03701,SaaS Customer 03701,2023-07-10,R04,Referral,Small
C03702,SaaS Customer 03702,2023-10-15,R04,Organic Search,Medium
C03703,SaaS Customer 03703,2023-11-08,R05,Referral,Small
C03704,SaaS Customer 03704,2026-02-04,R01,Organic Search,Medium
C03705,SaaS Customer 03705,2026-03-24,R01,Organic Search,Medium
C03706,SaaS Customer 03706,2024-09-16,R06,Organic Search,Medium
C03707,SaaS Customer 03707,2023-07-15,R03,Paid Search,Enterprise
C03708,SaaS Customer 03708,2025-08-01,R02,Partner,Small
C03709,SaaS Customer 03709,2024-09-06,R01,Referral,Medium
C03710,SaaS Customer 03710,2025-11-26,R07,Organic Search,Small
C03711,SaaS Customer 03711,2024-03-25,R01,Partner,Large
C03712,SaaS Customer 03712,2026-05-31,R06,Referral,Medium
C03713,SaaS Customer 03713,2025-10-04,R03,Paid Search,Small
C03714,SaaS Customer 03714,2023-10-07,R06,Organic Search,Small
C03715,SaaS Customer 03715,2025-06-24,R02,Organic Search,Medium
C03716,SaaS Customer 03716,2023-12-25,R01,Organic Search,Medium
C03717,SaaS Customer 03717,2024-03-12,R05,Outbound,Medium
C03718,SaaS Customer 03718,2023-11-09,R06,Paid Search,Medium
C03719,SaaS Customer 03719,2025-05-01,R01,Partner,Medium
C03720,SaaS Customer 03720,2023-11-25,R03,Referral,Medium
C03721,SaaS Customer 03721,2025-03-08,R04,Paid Search,Small
C03722,SaaS Customer 03722,2024-12-27,R01,Partner,Medium
C03723,SaaS Customer 03723,2025-07-25,R05,Organic Search,Medium
C03724,SaaS Customer 03724,2026-05-24,R01,Paid Search,Large
C03725,SaaS Customer 03725,2023-01-12,R04,Organic Search,Medium
C03726,SaaS Customer 03726,2026-05-20,R01,Organic Search,Medium
C03727,SaaS Customer 03727,2023-05-17,R04,Paid Search,Enterprise
C03728,SaaS Customer 03728,2024-10-19,R03,Referral,Large
C03729,SaaS Customer 03729,2024-03-01,R04,Referral,Small
C03730,SaaS Customer 03730,2025-03-08,R03,Referral,Enterprise
C03731,SaaS Customer 03731,2025-06-19,R07,Organic Search,Small
C03732,SaaS Customer 03732,2025-12-09,R04,Outbound,Large
C03733,SaaS Customer 03733,2024-05-16,R06,Organic Search,Small
C03734,SaaS Customer 03734,2026-03-10,R01,Referral,Medium
C03735,SaaS Customer 03735,2024-02-07,R03,Referral,Enterprise
C03736,SaaS Customer 03736,2023-09-12,R01,Partner,Small
C03737,SaaS Customer 03737,2024-04-18,R03,Paid Search,Large
C03738,SaaS Customer 03738,2024-10-21,R06,Referral,Medium
C03739,SaaS Customer 03739,2025-04-13,R06,Referral,Small
C03740,SaaS Customer 03740,2025-11-05,R05,Organic Search,Enterprise
C03741,SaaS Customer 03741,2023-10-08,R06,Referral,Medium
C03742,SaaS Customer 03742,2024-01-14,R01,Organic Search,Large
C03743,SaaS Customer 03743,2026-03-17,R01,Paid Search,Large
C03744,SaaS Customer 03744,2024-07-02,R06,Partner,Small
C03745,SaaS Customer 03745,2023-10-29,R01,Referral,Small
C03746,SaaS Customer 03746,2026-05-15,R01,Paid Search,Small
C03747,SaaS Customer 03747,2024-07-14,R08,Organic Search,Medium
C03748,SaaS Customer 03748,2026-05-14,R08,Paid Search,Small
C03749,SaaS Customer 03749,2026-02-21,R06,Organic Search,Small
C03750,SaaS Customer 03750,2026-02-04,R03,Partner,Large
C03751,SaaS Customer 03751,2024-12-27,R06,Paid Search,Small
C03752,SaaS Customer 03752,2025-09-23,R01,Referral,Medium
C03753,SaaS Customer 03753,2026-04-13,R03,Organic Search,Medium
C03754,SaaS Customer 03754,2023-12-02,R03,Organic Search,Small
C03755,SaaS Customer 03755,2023-02-17,R07,Paid Search,Small
C03756,SaaS Customer 03756,2024-02-05,R07,Organic Search,Small
C03757,SaaS Customer 03757,2025-03-05,R06,Organic Search,Medium
C03758,SaaS Customer 03758,2024-11-14,R01,Paid Search,Small
C03759,SaaS Customer 03759,2023-04-11,R04,Paid Search,Large
C03760,SaaS Customer 03760,2024-11-30,R02,Organic Search,Large
C03761,SaaS Customer 03761,2023-08-06,R07,Partner,Small
C03762,SaaS Customer 03762,2024-09-22,R01,Outbound,Large
C03763,SaaS Customer 03763,2024-12-19,R01,Partner,Enterprise
C03764,SaaS Customer 03764,2025-03-05,R06,Paid Search,Small
C03765,SaaS Customer 03765,2024-05-29,R04,Organic Search,Enterprise
C03766,SaaS Customer 03766,2024-05-24,R06,Organic Search,Small
C03767,SaaS Customer 03767,2025-04-26,R01,Partner,Medium
C03768,SaaS Customer 03768,2025-07-23,R06,Referral,Small
C03769,SaaS Customer 03769,2025-10-05,R01,Organic Search,Large
C03770,SaaS Customer 03770,2024-02-21,R01,Organic Search,Large
C03771,SaaS Customer 03771,2024-06-13,R04,Paid Search,Enterprise
C03772,SaaS Customer 03772,2024-02-17,R01,Paid Search,Enterprise
C03773,SaaS Customer 03773,2024-10-20,R06,Outbound,Small
C03774,SaaS Customer 03774,2023-06-08,R01,Organic Search,Medium
C03775,SaaS Customer 03775,2024-06-20,R01,Organic Search,Small
C03776,SaaS Customer 03776,2023-08-24,R06,Paid Search,Small
C03777,SaaS Customer 03777,2024-10-26,R01,Organic Search,Small
C03778,SaaS Customer 03778,2025-11-27,R06,Organic Search,Enterprise
C03779,SaaS Customer 03779,2026-05-14,R06,Paid Search,Medium
C03780,SaaS Customer 03780,2024-07-10,R01,Paid Search,Small
C03781,SaaS Customer 03781,2023-03-12,R06,Organic Search,Enterprise
C03782,SaaS Customer 03782,2023-10-12,R02,Partner,Large
C03783,SaaS Customer 03783,2023-05-11,R03,Paid Search,Small
C03784,SaaS Customer 03784,2025-08-05,R01,Organic Search,Medium
C03785,SaaS Customer 03785,2026-05-13,R06,Outbound,Medium
C03786,SaaS Customer 03786,2024-11-22,R05,Paid Search,Medium
C03787,SaaS Customer 03787,2023-08-09,R04,Outbound,Medium
C03788,SaaS Customer 03788,2023-01-27,R08,Outbound,Medium
C03789,SaaS Customer 03789,2026-05-03,R03,Paid Search,Small
C03790,SaaS Customer 03790,2024-01-30,R07,Organic Search,Medium
C03791,SaaS Customer 03791,2023-05-20,R06,Referral,Small
C03792,SaaS Customer 03792,2023-08-09,R07,Paid Search,Small
C03793,SaaS Customer 03793,2023-11-15,R07,Organic Search,Small
C03794,SaaS Customer 03794,2025-03-29,R08,Partner,Medium
C03795,SaaS Customer 03795,2026-01-17,R01,Paid Search,Medium
C03796,SaaS Customer 03796,2023-12-10,R06,Outbound,Medium
C03797,SaaS Customer 03797,2025-05-07,R06,Referral,Small
C03798,SaaS Customer 03798,2023-03-23,R06,Outbound,Enterprise
C03799,SaaS Customer 03799,2023-01-13,R02,Referral,Small
C03800,SaaS Customer 03800,2023-03-10,R08,Partner,Small
C03801,SaaS Customer 03801,2026-02-26,R01,Paid Search,Small
C03802,SaaS Customer 03802,2024-12-26,R04,Outbound,Medium
C03803,SaaS Customer 03803,2025-10-01,R04,Outbound,Medium
C03804,SaaS Customer 03804,2023-01-28,R01,Referral,Small
C03805,SaaS Customer 03805,2023-01-28,R06,Referral,Large
C03806,SaaS Customer 03806,2025-11-25,R01,Partner,Large
C03807,SaaS Customer 03807,2023-05-09,R06,Organic Search,Medium
C03808,SaaS Customer 03808,2023-07-13,R07,Outbound,Medium
C03809,SaaS Customer 03809,2024-10-09,R03,Organic Search,Enterprise
C03810,SaaS Customer 03810,2025-01-26,R06,Organic Search,Enterprise
C03811,SaaS Customer 03811,2023-10-13,R01,Paid Search,Medium
C03812,SaaS Customer 03812,2024-07-08,R07,Partner,Large
C03813,SaaS Customer 03813,2025-04-22,R08,Partner,Large
C03814,SaaS Customer 03814,2024-07-06,R01,Organic Search,Enterprise
C03815,SaaS Customer 03815,2024-04-22,R06,Organic Search,Small
C03816,SaaS Customer 03816,2023-03-31,R04,Organic Search,Enterprise
C03817,SaaS Customer 03817,2024-07-17,R05,Paid Search,Medium
C03818,SaaS Customer 03818,2025-09-28,R06,Organic Search,Medium
C03819,SaaS Customer 03819,2025-02-21,R04,Referral,Small
C03820,SaaS Customer 03820,2026-01-19,R06,Organic Search,Small
C03821,SaaS Customer 03821,2023-06-07,R01,Paid Search,Large
C03822,SaaS Customer 03822,2023-01-14,R03,Paid Search,Medium
C03823,SaaS Customer 03823,2024-11-15,R07,Partner,Small
C03824,SaaS Customer 03824,2023-08-11,R01,Outbound,Medium
C03825,SaaS Customer 03825,2025-01-11,R06,Organic Search,Small
C03826,SaaS Customer 03826,2026-02-02,R01,Paid Search,Medium
C03827,SaaS Customer 03827,2024-02-25,R07,Referral,Medium
C03828,SaaS Customer 03828,2024-11-16,R05,Organic Search,Medium
C03829,SaaS Customer 03829,2025-04-30,R03,Referral,Small
C03830,SaaS Customer 03830,2023-07-07,R02,Outbound,Small
C03831,SaaS Customer 03831,2026-01-24,R03,Partner,Small
C03832,SaaS Customer 03832,2023-09-11,R08,Outbound,Medium
C03833,SaaS Customer 03833,2025-10-05,R04,Paid Search,Enterprise
C03834,SaaS Customer 03834,2025-04-03,R04,Paid Search,Large
C03835,SaaS Customer 03835,2023-06-25,R06,Organic Search,Large
C03836,SaaS Customer 03836,2025-06-23,R03,Organic Search,Small
C03837,SaaS Customer 03837,2023-09-03,R03,Organic Search,Small
C03838,SaaS Customer 03838,2025-01-18,R03,Paid Search,Large
C03839,SaaS Customer 03839,2026-04-12,R01,Paid Search,Medium
C03840,SaaS Customer 03840,2026-04-04,R06,Organic Search,Small
C03841,SaaS Customer 03841,2025-12-23,R07,Partner,Medium
C03842,SaaS Customer 03842,2024-09-08,R07,Organic Search,Medium
C03843,SaaS Customer 03843,2024-11-29,R07,Paid Search,Small
C03844,SaaS Customer 03844,2024-01-10,R04,Organic Search,Small
C03845,SaaS Customer 03845,2026-02-23,R02,Referral,Medium
C03846,SaaS Customer 03846,2024-08-18,R06,Partner,Small
C03847,SaaS Customer 03847,2025-08-20,R08,Referral,Medium
C03848,SaaS Customer 03848,2024-03-24,R06,Organic Search,Large
C03849,SaaS Customer 03849,2025-07-13,R04,Paid Search,Enterprise
C03850,SaaS Customer 03850,2023-10-08,R06,Outbound,Small
C03851,SaaS Customer 03851,2025-07-04,R06,Organic Search,Small
C03852,SaaS Customer 03852,2023-02-27,R07,Paid Search,Medium
C03853,SaaS Customer 03853,2023-05-11,R06,Organic Search,Small
C03854,SaaS Customer 03854,2024-03-15,R03,Organic Search,Large
C03855,SaaS Customer 03855,2024-08-24,R02,Paid Search,Medium
C03856,SaaS Customer 03856,2025-06-06,R04,Organic Search,Small
C03857,SaaS Customer 03857,2024-03-24,R03,Partner,Large
C03858,SaaS Customer 03858,2023-01-24,R08,Outbound,Small
C03859,SaaS Customer 03859,2024-02-11,R04,Organic Search,Medium
C03860,SaaS Customer 03860,2024-07-02,R04,Organic Search,Enterprise
C03861,SaaS Customer 03861,2024-11-09,R03,Referral,Small
C03862,SaaS Customer 03862,2025-03-14,R06,Paid Search,Small
C03863,SaaS Customer 03863,2023-11-06,R04,Outbound,Large
C03864,SaaS Customer 03864,2025-01-31,R01,Paid Search,Medium
C03865,SaaS Customer 03865,2025-02-27,R07,Partner,Small
C03866,SaaS Customer 03866,2025-08-27,R03,Outbound,Small
C03867,SaaS Customer 03867,2024-10-13,R03,Organic Search,Small
C03868,SaaS Customer 03868,2025-10-08,R01,Referral,Medium
C03869,SaaS Customer 03869,2023-10-04,R05,Partner,Small
C03870,SaaS Customer 03870,2025-06-07,R06,Referral,Small
C03871,SaaS Customer 03871,2023-02-27,R07,Organic Search,Small
C03872,SaaS Customer 03872,2023-05-09,R01,Paid Search,Medium
C03873,SaaS Customer 03873,2025-12-15,R08,Organic Search,Large
C03874,SaaS Customer 03874,2024-08-15,R06,Outbound,Medium
C03875,SaaS Customer 03875,2025-02-13,R02,Organic Search,Medium
C03876,SaaS Customer 03876,2025-01-23,R01,Organic Search,Large
C03877,SaaS Customer 03877,2025-05-17,R02,Outbound,Small
C03878,SaaS Customer 03878,2023-11-03,R07,Paid Search,Small
C03879,SaaS Customer 03879,2023-08-11,R02,Partner,Small
C03880,SaaS Customer 03880,2023-02-23,R04,Paid Search,Small
C03881,SaaS Customer 03881,2025-12-15,R06,Partner,Enterprise
C03882,SaaS Customer 03882,2023-10-07,R07,Organic Search,Small
C03883,SaaS Customer 03883,2024-12-18,R06,Paid Search,Large
C03884,SaaS Customer 03884,2024-07-21,R06,Partner,Small
C03885,SaaS Customer 03885,2023-07-22,R01,Paid Search,Medium
C03886,SaaS Customer 03886,2024-05-31,R07,Organic Search,Small
C03887,SaaS Customer 03887,2023-04-14,R02,Organic Search,Small
C03888,SaaS Customer 03888,2023-08-09,R01,Referral,Small
C03889,SaaS Customer 03889,2023-06-24,R08,Organic Search,Medium
C03890,SaaS Customer 03890,2025-10-25,R01,Paid Search,Medium
C03891,SaaS Customer 03891,2024-12-09,R01,Paid Search,Large
C03892,SaaS Customer 03892,2026-03-01,R06,Paid Search,Large
C03893,SaaS Customer 03893,2024-06-28,R03,Referral,Medium
C03894,SaaS Customer 03894,2023-09-09,R01,Paid Search,Enterprise
C03895,SaaS Customer 03895,2025-01-29,R06,Outbound,Small
C03896,SaaS Customer 03896,2026-03-06,R06,Referral,Small
C03897,SaaS Customer 03897,2024-10-26,R06,Referral,Small
C03898,SaaS Customer 03898,2023-01-23,R01,Referral,Medium
C03899,SaaS Customer 03899,2024-01-14,R05,Organic Search,Medium
C03900,SaaS Customer 03900,2026-02-28,R06,Outbound,Medium
C03901,SaaS Customer 03901,2024-10-08,R01,Referral,Large
C03902,SaaS Customer 03902,2026-04-03,R01,Partner,Small
C03903,SaaS Customer 03903,2024-09-27,R01,Organic Search,Large
C03904,SaaS Customer 03904,2023-01-16,R04,Organic Search,Medium
C03905,SaaS Customer 03905,2025-12-25,R01,Partner,Medium
C03906,SaaS Customer 03906,2025-08-10,R06,Paid Search,Small
C03907,SaaS Customer 03907,2025-06-11,R08,Referral,Small
C03908,SaaS Customer 03908,2026-04-25,R01,Paid Search,Small
C03909,SaaS Customer 03909,2023-09-02,R06,Partner,Large
C03910,SaaS Customer 03910,2026-02-04,R01,Organic Search,Medium
C03911,SaaS Customer 03911,2023-10-18,R01,Organic Search,Small
C03912,SaaS Customer 03912,2026-04-26,R06,Organic Search,Large
C03913,SaaS Customer 03913,2023-08-27,R03,Referral,Medium
C03914,SaaS Customer 03914,2024-11-17,R08,Partner,Enterprise
C03915,SaaS Customer 03915,2025-09-12,R05,Outbound,Medium
C03916,SaaS Customer 03916,2023-04-08,R01,Referral,Medium
C03917,SaaS Customer 03917,2023-03-25,R04,Referral,Medium
C03918,SaaS Customer 03918,2025-11-26,R01,Paid Search,Medium
C03919,SaaS Customer 03919,2023-03-17,R07,Referral,Medium
C03920,SaaS Customer 03920,2025-02-05,R06,Outbound,Small
C03921,SaaS Customer 03921,2026-03-16,R03,Referral,Enterprise
C03922,SaaS Customer 03922,2025-02-06,R04,Organic Search,Medium
C03923,SaaS Customer 03923,2024-08-23,R06,Partner,Medium
C03924,SaaS Customer 03924,2024-06-04,R06,Organic Search,Medium
C03925,SaaS Customer 03925,2025-03-07,R01,Organic Search,Medium
C03926,SaaS Customer 03926,2024-12-14,R01,Referral,Small
C03927,SaaS Customer 03927,2024-09-18,R01,Referral,Small
C03928,SaaS Customer 03928,2023-07-11,R03,Organic Search,Small
C03929,SaaS Customer 03929,2025-04-07,R04,Organic Search,Small
C03930,SaaS Customer 03930,2025-07-12,R01,Outbound,Small
C03931,SaaS Customer 03931,2025-06-03,R03,Organic Search,Large
C03932,SaaS Customer 03932,2023-04-04,R04,Organic Search,Small
C03933,SaaS Customer 03933,2025-05-27,R01,Referral,Large
C03934,SaaS Customer 03934,2025-06-29,R07,Referral,Large
C03935,SaaS Customer 03935,2023-08-17,R06,Partner,Small
C03936,SaaS Customer 03936,2025-11-25,R03,Partner,Medium
C03937,SaaS Customer 03937,2024-10-15,R04,Paid Search,Medium
C03938,SaaS Customer 03938,2024-08-12,R03,Organic Search,Enterprise
C03939,SaaS Customer 03939,2025-06-20,R07,Referral,Medium
C03940,SaaS Customer 03940,2024-09-28,R05,Referral,Small
C03941,SaaS Customer 03941,2024-11-10,R04,Paid Search,Small
C03942,SaaS Customer 03942,2024-01-25,R07,Organic Search,Large
C03943,SaaS Customer 03943,2026-03-03,R06,Organic Search,Small
C03944,SaaS Customer 03944,2026-04-24,R06,Organic Search,Large
C03945,SaaS Customer 03945,2023-06-12,R01,Paid Search,Small
C03946,SaaS Customer 03946,2025-07-03,R01,Organic Search,Medium
C03947,SaaS Customer 03947,2023-01-30,R06,Referral,Medium
C03948,SaaS Customer 03948,2024-04-05,R04,Organic Search,Small
C03949,SaaS Customer 03949,2026-04-25,R06,Referral,Small
C03950,SaaS Customer 03950,2023-08-07,R06,Partner,Small
C03951,SaaS Customer 03951,2024-04-15,R02,Referral,Large
C03952,SaaS Customer 03952,2023-10-02,R02,Outbound,Medium
C03953,SaaS Customer 03953,2025-06-27,R04,Paid Search,Small
C03954,SaaS Customer 03954,2024-08-01,R02,Organic Search,Medium
C03955,SaaS Customer 03955,2025-01-10,R06,Referral,Small
C03956,SaaS Customer 03956,2026-03-22,R06,Organic Search,Medium
C03957,SaaS Customer 03957,2024-10-12,R04,Organic Search,Large
C03958,SaaS Customer 03958,2025-07-05,R06,Organic Search,Large
C03959,SaaS Customer 03959,2023-05-03,R04,Outbound,Large
C03960,SaaS Customer 03960,2023-09-26,R06,Organic Search,Small
C03961,SaaS Customer 03961,2026-03-27,R01,Paid Search,Small
C03962,SaaS Customer 03962,2025-12-08,R06,Paid Search,Large
C03963,SaaS Customer 03963,2025-03-30,R06,Partner,Small
C03964,SaaS Customer 03964,2024-04-16,R02,Paid Search,Small
C03965,SaaS Customer 03965,2023-09-07,R05,Outbound,Small
C03966,SaaS Customer 03966,2025-11-28,R07,Referral,Large
C03967,SaaS Customer 03967,2025-09-07,R02,Paid Search,Medium
C03968,SaaS Customer 03968,2023-10-29,R06,Paid Search,Enterprise
C03969,SaaS Customer 03969,2025-01-06,R08,Referral,Small
C03970,SaaS Customer 03970,2025-02-11,R07,Referral,Small
C03971,SaaS Customer 03971,2024-08-18,R03,Paid Search,Small
C03972,SaaS Customer 03972,2026-03-02,R06,Paid Search,Large
C03973,SaaS Customer 03973,2023-06-04,R08,Organic Search,Small
C03974,SaaS Customer 03974,2023-11-18,R05,Organic Search,Enterprise
C03975,SaaS Customer 03975,2023-04-29,R01,Organic Search,Medium
C03976,SaaS Customer 03976,2025-05-14,R01,Organic Search,Large
C03977,SaaS Customer 03977,2025-03-14,R06,Organic Search,Large
C03978,SaaS Customer 03978,2026-05-17,R03,Outbound,Medium
C03979,SaaS Customer 03979,2024-11-07,R02,Referral,Large
C03980,SaaS Customer 03980,2023-07-07,R03,Referral,Small
C03981,SaaS Customer 03981,2024-07-16,R06,Partner,Large
C03982,SaaS Customer 03982,2023-04-21,R04,Partner,Large
C03983,SaaS Customer 03983,2025-04-17,R07,Organic Search,Medium
C03984,SaaS Customer 03984,2025-04-21,R06,Referral,Small
C03985,SaaS Customer 03985,2025-12-06,R08,Paid Search,Enterprise
C03986,SaaS Customer 03986,2024-02-28,R07,Partner,Enterprise
C03987,SaaS Customer 03987,2024-01-23,R02,Outbound,Medium
C03988,SaaS Customer 03988,2023-03-30,R06,Outbound,Enterprise
C03989,SaaS Customer 03989,2024-06-02,R01,Organic Search,Medium
C03990,SaaS Customer 03990,2024-08-16,R08,Referral,Small
C03991,SaaS Customer 03991,2025-07-30,R02,Organic Search,Medium
C03992,SaaS Customer 03992,2025-07-29,R06,Organic Search,Small
C03993,SaaS Customer 03993,2023-06-25,R07,Organic Search,Medium
C03994,SaaS Customer 03994,2023-12-22,R01,Organic Search,Medium
C03995,SaaS Customer 03995,2024-09-30,R07,Referral,Small
C03996,SaaS Customer 03996,2024-02-23,R01,Paid Search,Small
C03997,SaaS Customer 03997,2023-02-01,R04,Organic Search,Medium
C03998,SaaS Customer 03998,2025-11-21,R04,Outbound,Large
C03999,SaaS Customer 03999,2025-07-01,R03,Partner,Enterprise
C04000,SaaS Customer 04000,2024-10-11,R05,Paid Search,Small
C04001,SaaS Customer 04001,2024-02-01,R07,Partner,Large
C04002,SaaS Customer 04002,2025-11-17,R03,Partner,Small
C04003,SaaS Customer 04003,2023-02-14,R05,Paid Search,Small
C04004,SaaS Customer 04004,2024-07-11,R07,Partner,Medium
C04005,SaaS Customer 04005,2025-09-26,R06,Outbound,Medium
C04006,SaaS Customer 04006,2026-04-04,R01,Paid Search,Large
C04007,SaaS Customer 04007,2023-11-10,R08,Paid Search,Small
C04008,SaaS Customer 04008,2025-03-23,R01,Organic Search,Small
C04009,SaaS Customer 04009,2023-08-25,R05,Outbound,Medium
C04010,SaaS Customer 04010,2023-05-25,R05,Paid Search,Small
C04011,SaaS Customer 04011,2024-03-16,R06,Organic Search,Small
C04012,SaaS Customer 04012,2026-01-09,R01,Outbound,Small
C04013,SaaS Customer 04013,2025-05-10,R01,Partner,Small
C04014,SaaS Customer 04014,2024-09-02,R06,Organic Search,Large
C04015,SaaS Customer 04015,2023-12-19,R01,Organic Search,Small
C04016,SaaS Customer 04016,2023-06-26,R04,Paid Search,Medium
C04017,SaaS Customer 04017,2023-12-04,R06,Outbound,Medium
C04018,SaaS Customer 04018,2023-07-10,R06,Paid Search,Medium
C04019,SaaS Customer 04019,2023-08-22,R01,Organic Search,Medium
C04020,SaaS Customer 04020,2025-05-08,R02,Partner,Medium
C04021,SaaS Customer 04021,2023-06-15,R08,Paid Search,Large
C04022,SaaS Customer 04022,2023-03-01,R04,Organic Search,Small
C04023,SaaS Customer 04023,2024-11-07,R01,Outbound,Large
C04024,SaaS Customer 04024,2023-12-24,R01,Organic Search,Small
C04025,SaaS Customer 04025,2024-07-21,R03,Outbound,Medium
C04026,SaaS Customer 04026,2023-06-24,R08,Referral,Medium
C04027,SaaS Customer 04027,2023-09-20,R02,Organic Search,Small
C04028,SaaS Customer 04028,2024-07-04,R01,Referral,Small
C04029,SaaS Customer 04029,2025-05-11,R04,Referral,Small
C04030,SaaS Customer 04030,2024-06-01,R01,Partner,Small
C04031,SaaS Customer 04031,2024-11-07,R02,Partner,Medium
C04032,SaaS Customer 04032,2024-10-13,R08,Organic Search,Small
C04033,SaaS Customer 04033,2023-12-02,R06,Organic Search,Large
C04034,SaaS Customer 04034,2023-12-15,R01,Referral,Large
C04035,SaaS Customer 04035,2024-06-15,R04,Organic Search,Small
C04036,SaaS Customer 04036,2023-02-09,R01,Organic Search,Small
C04037,SaaS Customer 04037,2025-05-05,R01,Paid Search,Small
C04038,SaaS Customer 04038,2025-02-05,R05,Organic Search,Large
C04039,SaaS Customer 04039,2024-01-18,R04,Referral,Small
C04040,SaaS Customer 04040,2024-04-11,R06,Referral,Small
C04041,SaaS Customer 04041,2024-02-15,R07,Referral,Enterprise
C04042,SaaS Customer 04042,2025-03-23,R02,Organic Search,Medium
C04043,SaaS Customer 04043,2025-08-06,R07,Paid Search,Small
C04044,SaaS Customer 04044,2023-05-16,R04,Referral,Large
C04045,SaaS Customer 04045,2024-05-30,R02,Paid Search,Enterprise
C04046,SaaS Customer 04046,2023-01-18,R07,Referral,Medium
C04047,SaaS Customer 04047,2024-07-18,R01,Partner,Small
C04048,SaaS Customer 04048,2023-11-06,R05,Paid Search,Medium
C04049,SaaS Customer 04049,2024-02-24,R06,Organic Search,Small
C04050,SaaS Customer 04050,2024-07-23,R02,Partner,Medium
C04051,SaaS Customer 04051,2024-02-09,R07,Organic Search,Small
C04052,SaaS Customer 04052,2024-05-06,R02,Outbound,Medium
C04053,SaaS Customer 04053,2025-08-12,R06,Partner,Large
C04054,SaaS Customer 04054,2025-10-08,R01,Organic Search,Enterprise
C04055,SaaS Customer 04055,2023-01-08,R01,Referral,Large
C04056,SaaS Customer 04056,2024-04-16,R03,Paid Search,Small
C04057,SaaS Customer 04057,2025-11-22,R07,Organic Search,Small
C04058,SaaS Customer 04058,2024-10-23,R01,Outbound,Medium
C04059,SaaS Customer 04059,2023-09-14,R07,Referral,Small
C04060,SaaS Customer 04060,2025-01-10,R01,Partner,Small
C04061,SaaS Customer 04061,2023-06-30,R04,Referral,Large
C04062,SaaS Customer 04062,2023-01-28,R03,Partner,Small
C04063,SaaS Customer 04063,2025-02-28,R01,Paid Search,Small
C04064,SaaS Customer 04064,2024-10-04,R08,Organic Search,Medium
C04065,SaaS Customer 04065,2025-08-02,R03,Organic Search,Enterprise
C04066,SaaS Customer 04066,2024-03-06,R06,Paid Search,Medium
C04067,SaaS Customer 04067,2025-12-02,R05,Paid Search,Small
C04068,SaaS Customer 04068,2024-06-09,R04,Referral,Medium
C04069,SaaS Customer 04069,2025-07-10,R06,Paid Search,Large
C04070,SaaS Customer 04070,2023-05-06,R07,Partner,Small
C04071,SaaS Customer 04071,2023-05-02,R06,Referral,Medium
C04072,SaaS Customer 04072,2025-09-03,R05,Outbound,Medium
C04073,SaaS Customer 04073,2025-11-06,R06,Paid Search,Medium
C04074,SaaS Customer 04074,2026-03-22,R06,Outbound,Small
C04075,SaaS Customer 04075,2024-02-10,R03,Referral,Large
C04076,SaaS Customer 04076,2023-01-28,R06,Organic Search,Small
C04077,SaaS Customer 04077,2026-05-07,R04,Paid Search,Small
C04078,SaaS Customer 04078,2025-01-20,R06,Organic Search,Small
C04079,SaaS Customer 04079,2023-11-05,R08,Referral,Medium
C04080,SaaS Customer 04080,2025-08-11,R08,Partner,Small
C04081,SaaS Customer 04081,2026-02-02,R06,Paid Search,Large
C04082,SaaS Customer 04082,2023-12-22,R06,Referral,Large
C04083,SaaS Customer 04083,2025-08-18,R06,Paid Search,Small
C04084,SaaS Customer 04084,2025-09-09,R01,Paid Search,Large
C04085,SaaS Customer 04085,2024-09-18,R04,Outbound,Enterprise
C04086,SaaS Customer 04086,2025-02-28,R02,Outbound,Small
C04087,SaaS Customer 04087,2023-12-03,R01,Referral,Medium
C04088,SaaS Customer 04088,2026-03-05,R08,Organic Search,Enterprise
C04089,SaaS Customer 04089,2026-05-11,R07,Organic Search,Large
C04090,SaaS Customer 04090,2026-05-09,R04,Organic Search,Medium
C04091,SaaS Customer 04091,2025-07-08,R02,Paid Search,Large
C04092,SaaS Customer 04092,2023-02-22,R06,Organic Search,Medium
C04093,SaaS Customer 04093,2024-04-02,R03,Outbound,Small
C04094,SaaS Customer 04094,2024-07-09,R06,Referral,Small
C04095,SaaS Customer 04095,2026-04-12,R08,Paid Search,Medium
C04096,SaaS Customer 04096,2024-11-13,R03,Organic Search,Small
C04097,SaaS Customer 04097,2024-10-31,R02,Paid Search,Small
C04098,SaaS Customer 04098,2023-07-03,R02,Paid Search,Small
C04099,SaaS Customer 04099,2025-09-17,R01,Referral,Large
C04100,SaaS Customer 04100,2024-02-24,R03,Organic Search,Medium
C04101,SaaS Customer 04101,2023-04-25,R01,Referral,Small
C04102,SaaS Customer 04102,2026-05-17,R01,Organic Search,Small
C04103,SaaS Customer 04103,2023-08-26,R02,Organic Search,Small
C04104,SaaS Customer 04104,2023-01-21,R01,Outbound,Small
C04105,SaaS Customer 04105,2023-04-08,R06,Organic Search,Medium
C04106,SaaS Customer 04106,2024-07-18,R01,Organic Search,Small
C04107,SaaS Customer 04107,2023-05-09,R07,Partner,Enterprise
C04108,SaaS Customer 04108,2025-11-17,R01,Paid Search,Small
C04109,SaaS Customer 04109,2024-10-01,R01,Organic Search,Small
C04110,SaaS Customer 04110,2024-02-09,R01,Organic Search,Large
C04111,SaaS Customer 04111,2023-01-04,R06,Organic Search,Small
C04112,SaaS Customer 04112,2024-08-21,R02,Partner,Small
C04113,SaaS Customer 04113,2023-07-08,R04,Organic Search,Small
C04114,SaaS Customer 04114,2026-05-05,R01,Referral,Medium
C04115,SaaS Customer 04115,2023-12-30,R08,Outbound,Small
C04116,SaaS Customer 04116,2024-08-15,R01,Organic Search,Large
C04117,SaaS Customer 04117,2023-01-24,R03,Paid Search,Medium
C04118,SaaS Customer 04118,2023-06-13,R07,Organic Search,Large
C04119,SaaS Customer 04119,2023-09-16,R02,Paid Search,Medium
C04120,SaaS Customer 04120,2023-03-06,R02,Organic Search,Large
C04121,SaaS Customer 04121,2025-06-25,R06,Referral,Medium
C04122,SaaS Customer 04122,2026-03-25,R02,Paid Search,Medium
C04123,SaaS Customer 04123,2026-05-14,R01,Paid Search,Medium
C04124,SaaS Customer 04124,2023-11-28,R03,Referral,Medium
C04125,SaaS Customer 04125,2025-09-11,R01,Referral,Small
C04126,SaaS Customer 04126,2024-09-21,R07,Paid Search,Medium
C04127,SaaS Customer 04127,2023-02-27,R06,Organic Search,Small
C04128,SaaS Customer 04128,2023-04-24,R05,Outbound,Medium
C04129,SaaS Customer 04129,2024-11-14,R01,Paid Search,Small
C04130,SaaS Customer 04130,2024-06-12,R06,Referral,Small
C04131,SaaS Customer 04131,2023-01-11,R06,Referral,Small
C04132,SaaS Customer 04132,2026-03-06,R01,Partner,Small
C04133,SaaS Customer 04133,2025-06-30,R07,Organic Search,Small
C04134,SaaS Customer 04134,2024-09-19,R05,Organic Search,Small
C04135,SaaS Customer 04135,2026-05-16,R06,Paid Search,Medium
C04136,SaaS Customer 04136,2026-04-26,R02,Partner,Small
C04137,SaaS Customer 04137,2026-04-30,R01,Referral,Enterprise
C04138,SaaS Customer 04138,2023-11-20,R06,Referral,Large
C04139,SaaS Customer 04139,2026-01-04,R06,Outbound,Small
C04140,SaaS Customer 04140,2024-09-21,R03,Outbound,Small
C04141,SaaS Customer 04141,2025-06-25,R01,Referral,Medium
C04142,SaaS Customer 04142,2025-12-08,R06,Organic Search,Small
C04143,SaaS Customer 04143,2023-07-23,R01,Paid Search,Medium
C04144,SaaS Customer 04144,2024-07-13,R03,Partner,Medium
C04145,SaaS Customer 04145,2023-06-10,R06,Partner,Medium
C04146,SaaS Customer 04146,2023-12-15,R01,Organic Search,Small
C04147,SaaS Customer 04147,2024-05-31,R01,Partner,Medium
C04148,SaaS Customer 04148,2025-12-03,R01,Paid Search,Small
C04149,SaaS Customer 04149,2025-12-12,R07,Paid Search,Large
C04150,SaaS Customer 04150,2024-05-01,R03,Referral,Enterprise
C04151,SaaS Customer 04151,2024-02-15,R06,Paid Search,Small
C04152,SaaS Customer 04152,2024-10-24,R08,Partner,Large
C04153,SaaS Customer 04153,2026-02-12,R06,Partner,Large
C04154,SaaS Customer 04154,2026-05-03,R04,Partner,Medium
C04155,SaaS Customer 04155,2023-10-11,R04,Organic Search,Small
C04156,SaaS Customer 04156,2023-08-21,R03,Partner,Large
C04157,SaaS Customer 04157,2025-06-01,R06,Paid Search,Small
C04158,SaaS Customer 04158,2024-01-12,R08,Partner,Small
C04159,SaaS Customer 04159,2023-09-07,R06,Organic Search,Medium
C04160,SaaS Customer 04160,2023-02-08,R03,Outbound,Medium
C04161,SaaS Customer 04161,2024-05-18,R03,Referral,Small
C04162,SaaS Customer 04162,2024-05-04,R07,Paid Search,Enterprise
C04163,SaaS Customer 04163,2024-12-03,R01,Paid Search,Small
C04164,SaaS Customer 04164,2023-09-07,R07,Paid Search,Medium
C04165,SaaS Customer 04165,2025-06-10,R02,Referral,Medium
C04166,SaaS Customer 04166,2025-04-28,R06,Partner,Small
C04167,SaaS Customer 04167,2024-07-31,R06,Referral,Large
C04168,SaaS Customer 04168,2023-08-15,R04,Outbound,Medium
C04169,SaaS Customer 04169,2024-09-24,R01,Paid Search,Medium
C04170,SaaS Customer 04170,2025-04-22,R07,Referral,Medium
C04171,SaaS Customer 04171,2024-04-10,R03,Paid Search,Enterprise
C04172,SaaS Customer 04172,2023-11-25,R03,Partner,Enterprise
C04173,SaaS Customer 04173,2024-09-24,R04,Paid Search,Small
C04174,SaaS Customer 04174,2024-03-19,R03,Referral,Small
C04175,SaaS Customer 04175,2024-05-14,R06,Organic Search,Medium
C04176,SaaS Customer 04176,2024-03-11,R01,Organic Search,Enterprise
C04177,SaaS Customer 04177,2024-01-14,R03,Paid Search,Large
C04178,SaaS Customer 04178,2025-06-13,R07,Outbound,Small
C04179,SaaS Customer 04179,2024-07-28,R01,Paid Search,Large
C04180,SaaS Customer 04180,2024-08-05,R04,Paid Search,Small
C04181,SaaS Customer 04181,2025-03-26,R06,Paid Search,Small
C04182,SaaS Customer 04182,2024-03-26,R07,Paid Search,Medium
C04183,SaaS Customer 04183,2023-05-07,R06,Outbound,Small
C04184,SaaS Customer 04184,2025-11-30,R06,Outbound,Medium
C04185,SaaS Customer 04185,2023-03-11,R01,Referral,Small
C04186,SaaS Customer 04186,2024-12-14,R03,Referral,Large
C04187,SaaS Customer 04187,2023-11-28,R08,Organic Search,Enterprise
C04188,SaaS Customer 04188,2023-09-24,R07,Organic Search,Small
C04189,SaaS Customer 04189,2023-02-22,R05,Partner,Medium
C04190,SaaS Customer 04190,2026-01-28,R04,Partner,Medium
C04191,SaaS Customer 04191,2024-06-19,R04,Organic Search,Small
C04192,SaaS Customer 04192,2024-03-03,R01,Referral,Large
C04193,SaaS Customer 04193,2025-07-14,R07,Organic Search,Medium
C04194,SaaS Customer 04194,2023-02-18,R06,Organic Search,Small
C04195,SaaS Customer 04195,2024-12-05,R04,Paid Search,Large
C04196,SaaS Customer 04196,2024-09-09,R02,Referral,Medium
C04197,SaaS Customer 04197,2024-11-21,R03,Referral,Small
C04198,SaaS Customer 04198,2023-06-04,R01,Partner,Small
C04199,SaaS Customer 04199,2026-04-03,R06,Referral,Large
C04200,SaaS Customer 04200,2023-10-25,R05,Referral,Enterprise
C04201,SaaS Customer 04201,2025-04-26,R01,Paid Search,Small
C04202,SaaS Customer 04202,2025-07-21,R06,Referral,Small
C04203,SaaS Customer 04203,2024-03-05,R08,Organic Search,Small
C04204,SaaS Customer 04204,2023-06-13,R01,Paid Search,Medium
C04205,SaaS Customer 04205,2024-01-06,R04,Organic Search,Small
C04206,SaaS Customer 04206,2025-10-04,R04,Paid Search,Medium
C04207,SaaS Customer 04207,2026-02-05,R01,Partner,Small
C04208,SaaS Customer 04208,2026-03-15,R05,Organic Search,Medium
C04209,SaaS Customer 04209,2023-10-10,R06,Paid Search,Medium
C04210,SaaS Customer 04210,2025-01-26,R01,Partner,Medium
C04211,SaaS Customer 04211,2023-07-08,R01,Partner,Small
C04212,SaaS Customer 04212,2025-06-05,R07,Organic Search,Medium
C04213,SaaS Customer 04213,2024-06-03,R03,Organic Search,Medium
C04214,SaaS Customer 04214,2025-06-09,R06,Paid Search,Medium
C04215,SaaS Customer 04215,2025-05-05,R06,Referral,Small
C04216,SaaS Customer 04216,2026-05-24,R06,Outbound,Small
C04217,SaaS Customer 04217,2024-09-01,R06,Paid Search,Medium
C04218,SaaS Customer 04218,2024-03-02,R07,Referral,Small
C04219,SaaS Customer 04219,2024-10-19,R06,Partner,Medium
C04220,SaaS Customer 04220,2023-07-23,R04,Outbound,Small
C04221,SaaS Customer 04221,2023-05-20,R03,Organic Search,Small
C04222,SaaS Customer 04222,2024-10-09,R03,Partner,Medium
C04223,SaaS Customer 04223,2025-10-27,R03,Partner,Small
C04224,SaaS Customer 04224,2024-10-27,R01,Paid Search,Small
C04225,SaaS Customer 04225,2025-09-02,R03,Organic Search,Large
C04226,SaaS Customer 04226,2023-08-11,R03,Organic Search,Medium
C04227,SaaS Customer 04227,2024-07-14,R01,Paid Search,Enterprise
C04228,SaaS Customer 04228,2025-02-04,R02,Referral,Small
C04229,SaaS Customer 04229,2024-03-09,R06,Referral,Large
C04230,SaaS Customer 04230,2023-01-18,R05,Organic Search,Large
C04231,SaaS Customer 04231,2023-04-02,R06,Outbound,Small
C04232,SaaS Customer 04232,2026-03-03,R05,Paid Search,Medium
C04233,SaaS Customer 04233,2025-01-25,R07,Outbound,Medium
C04234,SaaS Customer 04234,2023-11-27,R06,Organic Search,Medium
C04235,SaaS Customer 04235,2023-11-20,R01,Referral,Small
C04236,SaaS Customer 04236,2023-02-19,R08,Outbound,Enterprise
C04237,SaaS Customer 04237,2026-03-25,R01,Referral,Medium
C04238,SaaS Customer 04238,2023-05-16,R06,Referral,Enterprise
C04239,SaaS Customer 04239,2025-08-05,R06,Paid Search,Large
C04240,SaaS Customer 04240,2023-10-27,R03,Referral,Large
C04241,SaaS Customer 04241,2024-02-23,R06,Partner,Medium
C04242,SaaS Customer 04242,2023-12-08,R03,Paid Search,Medium
C04243,SaaS Customer 04243,2025-10-26,R01,Outbound,Large
C04244,SaaS Customer 04244,2023-02-10,R01,Paid Search,Medium
C04245,SaaS Customer 04245,2024-03-15,R01,Paid Search,Small
C04246,SaaS Customer 04246,2023-12-15,R01,Outbound,Medium
C04247,SaaS Customer 04247,2023-12-07,R06,Paid Search,Small
C04248,SaaS Customer 04248,2023-08-29,R04,Organic Search,Enterprise
C04249,SaaS Customer 04249,2026-02-12,R04,Paid Search,Medium
C04250,SaaS Customer 04250,2024-04-17,R06,Referral,Medium
C04251,SaaS Customer 04251,2024-06-05,R01,Outbound,Small
C04252,SaaS Customer 04252,2024-04-25,R02,Organic Search,Medium
C04253,SaaS Customer 04253,2026-05-08,R06,Partner,Small
C04254,SaaS Customer 04254,2024-02-28,R07,Partner,Medium
C04255,SaaS Customer 04255,2024-03-02,R03,Referral,Medium
C04256,SaaS Customer 04256,2024-02-14,R01,Referral,Medium
C04257,SaaS Customer 04257,2024-02-13,R06,Outbound,Small
C04258,SaaS Customer 04258,2023-04-22,R07,Paid Search,Medium
C04259,SaaS Customer 04259,2025-01-24,R03,Paid Search,Medium
C04260,SaaS Customer 04260,2023-02-01,R02,Partner,Large
C04261,SaaS Customer 04261,2023-10-09,R01,Paid Search,Large
C04262,SaaS Customer 04262,2023-09-10,R06,Paid Search,Large
C04263,SaaS Customer 04263,2023-12-30,R07,Organic Search,Small
C04264,SaaS Customer 04264,2025-08-02,R06,Organic Search,Small
C04265,SaaS Customer 04265,2025-01-18,R03,Outbound,Enterprise
C04266,SaaS Customer 04266,2026-05-21,R06,Organic Search,Enterprise
C04267,SaaS Customer 04267,2024-03-14,R06,Partner,Small
C04268,SaaS Customer 04268,2026-03-04,R04,Referral,Medium
C04269,SaaS Customer 04269,2023-02-26,R06,Organic Search,Medium
C04270,SaaS Customer 04270,2024-09-21,R03,Organic Search,Small
C04271,SaaS Customer 04271,2025-09-23,R03,Paid Search,Enterprise
C04272,SaaS Customer 04272,2024-10-25,R05,Paid Search,Enterprise
C04273,SaaS Customer 04273,2026-03-10,R04,Paid Search,Enterprise
C04274,SaaS Customer 04274,2024-01-28,R08,Partner,Small
C04275,SaaS Customer 04275,2023-02-11,R04,Organic Search,Medium
C04276,SaaS Customer 04276,2025-08-23,R03,Organic Search,Large
C04277,SaaS Customer 04277,2023-03-26,R03,Organic Search,Medium
C04278,SaaS Customer 04278,2025-08-12,R05,Paid Search,Medium
C04279,SaaS Customer 04279,2025-07-04,R03,Paid Search,Medium
C04280,SaaS Customer 04280,2025-11-19,R06,Outbound,Small
C04281,SaaS Customer 04281,2024-08-20,R03,Organic Search,Medium
C04282,SaaS Customer 04282,2026-01-22,R03,Partner,Large
C04283,SaaS Customer 04283,2023-07-31,R06,Partner,Small
C04284,SaaS Customer 04284,2024-06-26,R01,Referral,Small
C04285,SaaS Customer 04285,2023-06-02,R06,Partner,Medium
C04286,SaaS Customer 04286,2025-08-15,R04,Organic Search,Medium
C04287,SaaS Customer 04287,2025-06-10,R04,Partner,Small
C04288,SaaS Customer 04288,2025-10-03,R06,Paid Search,Small
C04289,SaaS Customer 04289,2025-08-11,R06,Referral,Large
C04290,SaaS Customer 04290,2024-01-20,R07,Organic Search,Small
C04291,SaaS Customer 04291,2023-03-26,R03,Referral,Medium
C04292,SaaS Customer 04292,2026-03-05,R03,Partner,Medium
C04293,SaaS Customer 04293,2024-09-07,R06,Partner,Medium
C04294,SaaS Customer 04294,2023-04-28,R05,Organic Search,Medium
C04295,SaaS Customer 04295,2026-03-02,R06,Referral,Medium
C04296,SaaS Customer 04296,2026-05-25,R05,Referral,Medium
C04297,SaaS Customer 04297,2024-07-09,R06,Paid Search,Medium
C04298,SaaS Customer 04298,2025-08-19,R01,Paid Search,Medium
C04299,SaaS Customer 04299,2023-02-15,R05,Organic Search,Medium
C04300,SaaS Customer 04300,2023-04-27,R01,Paid Search,Medium
C04301,SaaS Customer 04301,2023-12-12,R03,Referral,Medium
C04302,SaaS Customer 04302,2025-03-29,R06,Paid Search,Medium
C04303,SaaS Customer 04303,2023-06-16,R04,Referral,Small
C04304,SaaS Customer 04304,2023-02-12,R03,Referral,Medium
C04305,SaaS Customer 04305,2025-04-14,R07,Referral,Small
C04306,SaaS Customer 04306,2025-08-19,R06,Referral,Large
C04307,SaaS Customer 04307,2025-07-11,R04,Partner,Medium
C04308,SaaS Customer 04308,2025-09-24,R08,Partner,Small
C04309,SaaS Customer 04309,2025-09-28,R03,Organic Search,Medium
C04310,SaaS Customer 04310,2025-01-21,R06,Referral,Small
C04311,SaaS Customer 04311,2024-10-10,R01,Outbound,Enterprise
C04312,SaaS Customer 04312,2025-12-05,R02,Paid Search,Enterprise
C04313,SaaS Customer 04313,2024-03-10,R03,Outbound,Large
C04314,SaaS Customer 04314,2023-05-03,R01,Outbound,Medium
C04315,SaaS Customer 04315,2025-07-27,R04,Paid Search,Enterprise
C04316,SaaS Customer 04316,2023-12-11,R01,Referral,Medium
C04317,SaaS Customer 04317,2026-05-06,R06,Partner,Large
C04318,SaaS Customer 04318,2024-05-31,R01,Organic Search,Small
C04319,SaaS Customer 04319,2025-11-29,R01,Organic Search,Large
C04320,SaaS Customer 04320,2023-02-22,R08,Paid Search,Medium
C04321,SaaS Customer 04321,2025-04-02,R06,Referral,Small
C04322,SaaS Customer 04322,2024-07-13,R08,Paid Search,Enterprise
C04323,SaaS Customer 04323,2024-07-31,R04,Referral,Medium
C04324,SaaS Customer 04324,2023-11-27,R01,Partner,Large
C04325,SaaS Customer 04325,2026-04-27,R05,Referral,Small
C04326,SaaS Customer 04326,2024-05-05,R05,Paid Search,Medium
C04327,SaaS Customer 04327,2025-11-27,R01,Paid Search,Medium
C04328,SaaS Customer 04328,2024-06-14,R07,Organic Search,Small
C04329,SaaS Customer 04329,2023-03-02,R06,Organic Search,Large
C04330,SaaS Customer 04330,2026-01-02,R06,Organic Search,Medium
C04331,SaaS Customer 04331,2023-08-20,R04,Organic Search,Small
C04332,SaaS Customer 04332,2023-12-04,R06,Organic Search,Medium
C04333,SaaS Customer 04333,2025-12-10,R02,Partner,Small
C04334,SaaS Customer 04334,2026-01-20,R08,Paid Search,Large
C04335,SaaS Customer 04335,2026-02-18,R03,Organic Search,Large
C04336,SaaS Customer 04336,2024-06-15,R01,Outbound,Medium
C04337,SaaS Customer 04337,2025-08-02,R01,Partner,Medium
C04338,SaaS Customer 04338,2024-02-14,R06,Outbound,Small
C04339,SaaS Customer 04339,2025-07-13,R08,Partner,Small
C04340,SaaS Customer 04340,2024-09-19,R07,Organic Search,Large
C04341,SaaS Customer 04341,2023-03-06,R06,Outbound,Small
C04342,SaaS Customer 04342,2024-06-05,R08,Outbound,Small
C04343,SaaS Customer 04343,2024-08-06,R06,Partner,Small
C04344,SaaS Customer 04344,2023-11-18,R03,Partner,Medium
C04345,SaaS Customer 04345,2024-04-12,R06,Paid Search,Large
C04346,SaaS Customer 04346,2024-09-19,R01,Paid Search,Small
C04347,SaaS Customer 04347,2023-03-04,R01,Referral,Small
C04348,SaaS Customer 04348,2023-07-09,R03,Partner,Small
C04349,SaaS Customer 04349,2025-08-14,R01,Organic Search,Small
C04350,SaaS Customer 04350,2024-03-15,R08,Organic Search,Small
C04351,SaaS Customer 04351,2025-01-29,R08,Organic Search,Large
C04352,SaaS Customer 04352,2024-12-07,R03,Organic Search,Medium
C04353,SaaS Customer 04353,2024-11-18,R06,Paid Search,Small
C04354,SaaS Customer 04354,2024-05-30,R03,Outbound,Medium
C04355,SaaS Customer 04355,2024-08-26,R01,Organic Search,Large
C04356,SaaS Customer 04356,2025-10-25,R03,Paid Search,Small
C04357,SaaS Customer 04357,2026-04-19,R01,Organic Search,Small
C04358,SaaS Customer 04358,2023-11-17,R03,Partner,Large
C04359,SaaS Customer 04359,2025-04-15,R01,Partner,Small
C04360,SaaS Customer 04360,2026-04-25,R01,Partner,Large
C04361,SaaS Customer 04361,2023-01-10,R01,Outbound,Large
C04362,SaaS Customer 04362,2025-09-06,R07,Outbound,Large
C04363,SaaS Customer 04363,2024-09-12,R01,Referral,Small
C04364,SaaS Customer 04364,2026-04-22,R03,Referral,Small
C04365,SaaS Customer 04365,2024-12-22,R04,Paid Search,Large
C04366,SaaS Customer 04366,2025-11-11,R03,Partner,Medium
C04367,SaaS Customer 04367,2023-07-27,R04,Paid Search,Small
C04368,SaaS Customer 04368,2023-06-27,R01,Referral,Medium
C04369,SaaS Customer 04369,2026-03-02,R06,Organic Search,Small
C04370,SaaS Customer 04370,2024-10-19,R05,Organic Search,Medium
C04371,SaaS Customer 04371,2024-11-27,R06,Organic Search,Enterprise
C04372,SaaS Customer 04372,2023-08-01,R05,Partner,Medium
C04373,SaaS Customer 04373,2023-10-10,R03,Referral,Medium
C04374,SaaS Customer 04374,2025-10-18,R03,Organic Search,Enterprise
C04375,SaaS Customer 04375,2024-01-14,R01,Partner,Medium
C04376,SaaS Customer 04376,2024-12-30,R04,Paid Search,Small
C04377,SaaS Customer 04377,2024-01-31,R01,Referral,Medium
C04378,SaaS Customer 04378,2023-11-25,R03,Organic Search,Small
C04379,SaaS Customer 04379,2023-07-27,R06,Organic Search,Small
C04380,SaaS Customer 04380,2026-03-06,R01,Partner,Medium
C04381,SaaS Customer 04381,2026-03-19,R01,Partner,Small
C04382,SaaS Customer 04382,2023-05-24,R06,Referral,Small
C04383,SaaS Customer 04383,2024-03-16,R03,Partner,Medium
C04384,SaaS Customer 04384,2024-12-04,R06,Outbound,Small
C04385,SaaS Customer 04385,2024-04-23,R08,Paid Search,Medium
C04386,SaaS Customer 04386,2025-06-18,R08,Paid Search,Small
C04387,SaaS Customer 04387,2023-11-21,R03,Outbound,Medium
C04388,SaaS Customer 04388,2023-03-15,R02,Organic Search,Large
C04389,SaaS Customer 04389,2024-02-25,R06,Referral,Small
C04390,SaaS Customer 04390,2025-01-16,R06,Organic Search,Large
C04391,SaaS Customer 04391,2023-08-14,R06,Paid Search,Small
C04392,SaaS Customer 04392,2025-10-15,R03,Organic Search,Small
C04393,SaaS Customer 04393,2023-01-16,R01,Partner,Small
C04394,SaaS Customer 04394,2023-03-26,R01,Referral,Small
C04395,SaaS Customer 04395,2024-09-27,R01,Organic Search,Small
C04396,SaaS Customer 04396,2024-10-01,R01,Organic Search,Large
C04397,SaaS Customer 04397,2024-01-04,R07,Paid Search,Large
C04398,SaaS Customer 04398,2023-11-19,R01,Organic Search,Enterprise
C04399,SaaS Customer 04399,2023-03-29,R06,Paid Search,Enterprise
C04400,SaaS Customer 04400,2025-04-07,R08,Outbound,Medium
C04401,SaaS Customer 04401,2024-04-18,R03,Organic Search,Small
C04402,SaaS Customer 04402,2023-05-29,R04,Paid Search,Small
C04403,SaaS Customer 04403,2024-05-13,R06,Paid Search,Medium
C04404,SaaS Customer 04404,2026-03-15,R03,Paid Search,Large
C04405,SaaS Customer 04405,2023-11-23,R04,Organic Search,Small
C04406,SaaS Customer 04406,2026-01-21,R06,Referral,Small
C04407,SaaS Customer 04407,2023-11-19,R06,Partner,Medium
C04408,SaaS Customer 04408,2023-08-21,R06,Referral,Large
C04409,SaaS Customer 04409,2023-11-22,R08,Paid Search,Medium
C04410,SaaS Customer 04410,2024-02-08,R03,Partner,Medium
C04411,SaaS Customer 04411,2023-05-31,R06,Outbound,Medium
C04412,SaaS Customer 04412,2025-01-03,R06,Outbound,Small
C04413,SaaS Customer 04413,2024-02-21,R06,Outbound,Medium
C04414,SaaS Customer 04414,2025-06-15,R06,Organic Search,Large
C04415,SaaS Customer 04415,2024-09-04,R06,Outbound,Large
C04416,SaaS Customer 04416,2024-07-06,R07,Referral,Medium
C04417,SaaS Customer 04417,2024-08-10,R03,Referral,Small
C04418,SaaS Customer 04418,2023-07-15,R06,Referral,Small
C04419,SaaS Customer 04419,2025-06-08,R02,Outbound,Small
C04420,SaaS Customer 04420,2023-05-10,R06,Paid Search,Small
C04421,SaaS Customer 04421,2025-06-19,R06,Referral,Small
C04422,SaaS Customer 04422,2026-06-01,R06,Referral,Medium
C04423,SaaS Customer 04423,2025-08-11,R03,Referral,Large
C04424,SaaS Customer 04424,2024-07-22,R04,Referral,Large
C04425,SaaS Customer 04425,2024-01-28,R03,Organic Search,Medium
C04426,SaaS Customer 04426,2025-12-24,R01,Paid Search,Enterprise
C04427,SaaS Customer 04427,2023-11-17,R02,Paid Search,Enterprise
C04428,SaaS Customer 04428,2024-08-25,R07,Referral,Small
C04429,SaaS Customer 04429,2025-08-20,R02,Referral,Small
C04430,SaaS Customer 04430,2026-02-25,R08,Referral,Small
C04431,SaaS Customer 04431,2026-02-23,R02,Referral,Large
C04432,SaaS Customer 04432,2023-04-20,R06,Partner,Small
C04433,SaaS Customer 04433,2026-01-26,R05,Organic Search,Small
C04434,SaaS Customer 04434,2023-05-23,R06,Partner,Medium
C04435,SaaS Customer 04435,2024-12-30,R06,Outbound,Medium
C04436,SaaS Customer 04436,2026-03-06,R06,Partner,Medium
C04437,SaaS Customer 04437,2025-03-28,R07,Outbound,Large
C04438,SaaS Customer 04438,2026-03-28,R05,Outbound,Medium
C04439,SaaS Customer 04439,2024-03-05,R01,Paid Search,Large
C04440,SaaS Customer 04440,2024-01-28,R02,Referral,Small
C04441,SaaS Customer 04441,2024-02-12,R06,Partner,Large
C04442,SaaS Customer 04442,2024-03-19,R04,Paid Search,Medium
C04443,SaaS Customer 04443,2025-05-02,R05,Organic Search,Small
C04444,SaaS Customer 04444,2024-07-18,R06,Organic Search,Enterprise
C04445,SaaS Customer 04445,2025-07-09,R03,Organic Search,Enterprise
C04446,SaaS Customer 04446,2024-06-03,R06,Partner,Large
C04447,SaaS Customer 04447,2024-01-20,R06,Organic Search,Enterprise
C04448,SaaS Customer 04448,2023-08-26,R06,Paid Search,Small
C04449,SaaS Customer 04449,2024-11-18,R06,Partner,Small
C04450,SaaS Customer 04450,2026-01-26,R07,Paid Search,Small
C04451,SaaS Customer 04451,2025-12-07,R06,Outbound,Large
C04452,SaaS Customer 04452,2023-11-13,R08,Paid Search,Large
C04453,SaaS Customer 04453,2024-08-19,R01,Organic Search,Enterprise
C04454,SaaS Customer 04454,2025-05-30,R06,Outbound,Large
C04455,SaaS Customer 04455,2025-02-03,R06,Referral,Medium
C04456,SaaS Customer 04456,2023-03-25,R04,Referral,Small
C04457,SaaS Customer 04457,2025-01-07,R02,Referral,Small
C04458,SaaS Customer 04458,2023-02-18,R05,Organic Search,Medium
C04459,SaaS Customer 04459,2023-05-26,R03,Referral,Large
C04460,SaaS Customer 04460,2025-03-26,R07,Organic Search,Small
C04461,SaaS Customer 04461,2023-05-08,R03,Paid Search,Enterprise
C04462,SaaS Customer 04462,2024-02-28,R01,Organic Search,Medium
C04463,SaaS Customer 04463,2025-01-04,R05,Referral,Small
C04464,SaaS Customer 04464,2025-03-29,R03,Organic Search,Large
C04465,SaaS Customer 04465,2024-07-10,R01,Organic Search,Medium
C04466,SaaS Customer 04466,2023-04-28,R05,Organic Search,Large
C04467,SaaS Customer 04467,2025-09-24,R05,Referral,Small
C04468,SaaS Customer 04468,2026-03-31,R01,Paid Search,Small
C04469,SaaS Customer 04469,2026-01-14,R06,Partner,Small
C04470,SaaS Customer 04470,2025-07-23,R05,Paid Search,Medium
C04471,SaaS Customer 04471,2024-05-16,R06,Referral,Large
C04472,SaaS Customer 04472,2025-12-29,R03,Organic Search,Enterprise
C04473,SaaS Customer 04473,2024-09-01,R02,Outbound,Large
C04474,SaaS Customer 04474,2023-06-20,R08,Paid Search,Small
C04475,SaaS Customer 04475,2025-11-27,R05,Organic Search,Enterprise
C04476,SaaS Customer 04476,2024-02-04,R01,Organic Search,Small
C04477,SaaS Customer 04477,2026-03-17,R06,Organic Search,Small
C04478,SaaS Customer 04478,2024-04-04,R01,Paid Search,Large
C04479,SaaS Customer 04479,2025-12-21,R06,Organic Search,Large
C04480,SaaS Customer 04480,2024-11-01,R06,Outbound,Enterprise
C04481,SaaS Customer 04481,2024-08-06,R08,Partner,Large
C04482,SaaS Customer 04482,2024-01-06,R08,Organic Search,Small
C04483,SaaS Customer 04483,2025-11-08,R02,Paid Search,Small
C04484,SaaS Customer 04484,2023-03-17,R06,Organic Search,Small
C04485,SaaS Customer 04485,2024-08-08,R03,Organic Search,Medium
C04486,SaaS Customer 04486,2024-04-05,R06,Paid Search,Medium
C04487,SaaS Customer 04487,2024-11-09,R06,Organic Search,Small
C04488,SaaS Customer 04488,2023-11-14,R01,Organic Search,Medium
C04489,SaaS Customer 04489,2025-04-09,R01,Outbound,Medium
C04490,SaaS Customer 04490,2024-04-26,R01,Referral,Medium
C04491,SaaS Customer 04491,2023-08-23,R01,Outbound,Small
C04492,SaaS Customer 04492,2023-09-03,R02,Organic Search,Small
C04493,SaaS Customer 04493,2025-05-19,R07,Outbound,Medium
C04494,SaaS Customer 04494,2023-11-23,R04,Paid Search,Medium
C04495,SaaS Customer 04495,2024-01-19,R06,Organic Search,Small
C04496,SaaS Customer 04496,2025-02-21,R06,Referral,Small
C04497,SaaS Customer 04497,2024-02-16,R06,Organic Search,Enterprise
C04498,SaaS Customer 04498,2024-04-29,R03,Paid Search,Large
C04499,SaaS Customer 04499,2023-11-02,R07,Referral,Small
C04500,SaaS Customer 04500,2024-03-07,R06,Partner,Medium
C04501,SaaS Customer 04501,2025-05-14,R06,Partner,Medium
C04502,SaaS Customer 04502,2024-10-28,R07,Paid Search,Small
C04503,SaaS Customer 04503,2026-05-29,R06,Organic Search,Small
C04504,SaaS Customer 04504,2025-08-21,R04,Outbound,Enterprise
C04505,SaaS Customer 04505,2023-01-22,R07,Organic Search,Medium
C04506,SaaS Customer 04506,2024-04-17,R04,Organic Search,Small
C04507,SaaS Customer 04507,2023-12-28,R06,Organic Search,Large
C04508,SaaS Customer 04508,2025-01-03,R01,Outbound,Medium
C04509,SaaS Customer 04509,2023-11-28,R01,Referral,Medium
C04510,SaaS Customer 04510,2026-04-20,R04,Paid Search,Small
C04511,SaaS Customer 04511,2024-01-09,R01,Outbound,Small
C04512,SaaS Customer 04512,2024-10-13,R08,Organic Search,Small
C04513,SaaS Customer 04513,2023-06-03,R01,Outbound,Enterprise
C04514,SaaS Customer 04514,2026-02-09,R06,Organic Search,Medium
C04515,SaaS Customer 04515,2026-02-11,R02,Paid Search,Large
C04516,SaaS Customer 04516,2025-09-17,R08,Organic Search,Small
C04517,SaaS Customer 04517,2024-03-14,R03,Outbound,Large
C04518,SaaS Customer 04518,2023-03-15,R01,Outbound,Medium
C04519,SaaS Customer 04519,2025-06-06,R01,Partner,Medium
C04520,SaaS Customer 04520,2024-06-19,R05,Organic Search,Small
C04521,SaaS Customer 04521,2026-05-20,R08,Organic Search,Medium
C04522,SaaS Customer 04522,2025-05-21,R08,Paid Search,Small
C04523,SaaS Customer 04523,2024-11-03,R03,Paid Search,Small
C04524,SaaS Customer 04524,2026-05-16,R04,Organic Search,Large
C04525,SaaS Customer 04525,2025-09-25,R01,Partner,Small
C04526,SaaS Customer 04526,2024-07-26,R04,Partner,Small
C04527,SaaS Customer 04527,2023-01-24,R06,Outbound,Enterprise
C04528,SaaS Customer 04528,2023-04-26,R02,Paid Search,Small
C04529,SaaS Customer 04529,2024-07-07,R06,Paid Search,Medium
C04530,SaaS Customer 04530,2024-12-02,R07,Partner,Large
C04531,SaaS Customer 04531,2023-02-07,R01,Organic Search,Large
C04532,SaaS Customer 04532,2023-06-07,R01,Partner,Small
C04533,SaaS Customer 04533,2025-05-28,R01,Referral,Medium
C04534,SaaS Customer 04534,2025-07-26,R01,Organic Search,Medium
C04535,SaaS Customer 04535,2023-02-07,R01,Paid Search,Small
C04536,SaaS Customer 04536,2024-09-25,R06,Outbound,Large
C04537,SaaS Customer 04537,2023-04-12,R01,Paid Search,Enterprise
C04538,SaaS Customer 04538,2025-06-21,R06,Partner,Small
C04539,SaaS Customer 04539,2025-11-06,R07,Referral,Small
C04540,SaaS Customer 04540,2025-12-20,R07,Partner,Large
C04541,SaaS Customer 04541,2025-01-16,R06,Organic Search,Medium
C04542,SaaS Customer 04542,2025-02-23,R01,Referral,Large
C04543,SaaS Customer 04543,2026-03-02,R01,Outbound,Small
C04544,SaaS Customer 04544,2025-02-03,R01,Organic Search,Small
C04545,SaaS Customer 04545,2024-07-10,R08,Organic Search,Medium
C04546,SaaS Customer 04546,2025-07-30,R08,Referral,Enterprise
C04547,SaaS Customer 04547,2025-01-07,R03,Partner,Small
C04548,SaaS Customer 04548,2025-11-17,R03,Paid Search,Large
C04549,SaaS Customer 04549,2024-10-16,R04,Partner,Small
C04550,SaaS Customer 04550,2025-12-20,R02,Referral,Small
C04551,SaaS Customer 04551,2023-02-25,R08,Paid Search,Medium
C04552,SaaS Customer 04552,2023-02-15,R01,Organic Search,Small
C04553,SaaS Customer 04553,2023-05-04,R03,Organic Search,Medium
C04554,SaaS Customer 04554,2024-11-25,R03,Paid Search,Small
C04555,SaaS Customer 04555,2025-06-03,R01,Outbound,Medium
C04556,SaaS Customer 04556,2023-09-27,R03,Partner,Small
C04557,SaaS Customer 04557,2023-07-14,R07,Paid Search,Large
C04558,SaaS Customer 04558,2025-12-09,R01,Outbound,Enterprise
C04559,SaaS Customer 04559,2025-07-25,R05,Paid Search,Small
C04560,SaaS Customer 04560,2025-03-20,R03,Paid Search,Medium
C04561,SaaS Customer 04561,2024-09-01,R01,Organic Search,Enterprise
C04562,SaaS Customer 04562,2024-06-08,R01,Referral,Small
C04563,SaaS Customer 04563,2023-01-26,R02,Referral,Large
C04564,SaaS Customer 04564,2023-08-23,R01,Referral,Medium
C04565,SaaS Customer 04565,2026-01-24,R03,Paid Search,Large
C04566,SaaS Customer 04566,2024-02-28,R06,Paid Search,Small
C04567,SaaS Customer 04567,2025-05-29,R06,Organic Search,Small
C04568,SaaS Customer 04568,2025-05-28,R08,Outbound,Small
C04569,SaaS Customer 04569,2024-01-22,R03,Organic Search,Small
C04570,SaaS Customer 04570,2023-09-13,R06,Partner,Small
C04571,SaaS Customer 04571,2025-05-13,R06,Referral,Enterprise
C04572,SaaS Customer 04572,2023-04-27,R01,Organic Search,Small
C04573,SaaS Customer 04573,2024-09-09,R02,Paid Search,Small
C04574,SaaS Customer 04574,2026-01-13,R04,Organic Search,Small
C04575,SaaS Customer 04575,2025-06-06,R06,Partner,Small
C04576,SaaS Customer 04576,2025-08-11,R04,Outbound,Medium
C04577,SaaS Customer 04577,2023-04-14,R01,Paid Search,Small
C04578,SaaS Customer 04578,2023-09-07,R08,Outbound,Large
C04579,SaaS Customer 04579,2023-12-10,R01,Organic Search,Large
C04580,SaaS Customer 04580,2023-12-31,R08,Paid Search,Small
C04581,SaaS Customer 04581,2023-08-31,R06,Outbound,Large
C04582,SaaS Customer 04582,2026-04-28,R06,Outbound,Small
C04583,SaaS Customer 04583,2023-07-25,R06,Paid Search,Medium
C04584,SaaS Customer 04584,2025-06-02,R01,Referral,Enterprise
C04585,SaaS Customer 04585,2025-01-02,R06,Outbound,Large
C04586,SaaS Customer 04586,2025-01-31,R06,Referral,Small
C04587,SaaS Customer 04587,2023-09-25,R06,Partner,Medium
C04588,SaaS Customer 04588,2024-01-19,R02,Organic Search,Small
C04589,SaaS Customer 04589,2025-01-26,R01,Organic Search,Medium
C04590,SaaS Customer 04590,2024-01-09,R03,Partner,Medium
C04591,SaaS Customer 04591,2025-05-16,R04,Paid Search,Small
C04592,SaaS Customer 04592,2023-02-19,R05,Organic Search,Enterprise
C04593,SaaS Customer 04593,2023-04-01,R06,Paid Search,Medium
C04594,SaaS Customer 04594,2025-06-28,R06,Paid Search,Small
C04595,SaaS Customer 04595,2025-02-08,R06,Paid Search,Large
C04596,SaaS Customer 04596,2023-02-23,R02,Paid Search,Large
C04597,SaaS Customer 04597,2026-01-27,R04,Paid Search,Small
C04598,SaaS Customer 04598,2023-01-07,R03,Organic Search,Medium
C04599,SaaS Customer 04599,2026-04-07,R01,Outbound,Large
C04600,SaaS Customer 04600,2025-06-29,R01,Partner,Enterprise
C04601,SaaS Customer 04601,2026-05-18,R03,Organic Search,Small
C04602,SaaS Customer 04602,2026-03-30,R02,Paid Search,Medium
C04603,SaaS Customer 04603,2024-01-26,R05,Paid Search,Large
C04604,SaaS Customer 04604,2025-08-02,R01,Partner,Enterprise
C04605,SaaS Customer 04605,2023-09-21,R02,Partner,Small
C04606,SaaS Customer 04606,2024-08-11,R01,Partner,Medium
C04607,SaaS Customer 04607,2023-10-27,R06,Referral,Large
C04608,SaaS Customer 04608,2024-08-29,R05,Organic Search,Small
C04609,SaaS Customer 04609,2025-12-24,R03,Paid Search,Medium
C04610,SaaS Customer 04610,2024-06-28,R01,Organic Search,Medium
C04611,SaaS Customer 04611,2023-04-26,R08,Paid Search,Medium
C04612,SaaS Customer 04612,2024-02-10,R05,Paid Search,Large
C04613,SaaS Customer 04613,2025-09-08,R06,Referral,Small
C04614,SaaS Customer 04614,2024-10-13,R05,Organic Search,Large
C04615,SaaS Customer 04615,2024-11-30,R06,Partner,Small
C04616,SaaS Customer 04616,2024-06-22,R07,Paid Search,Large
C04617,SaaS Customer 04617,2024-01-01,R03,Paid Search,Small
C04618,SaaS Customer 04618,2025-01-16,R06,Referral,Small
C04619,SaaS Customer 04619,2025-03-01,R01,Organic Search,Enterprise
C04620,SaaS Customer 04620,2026-01-25,R06,Paid Search,Large
C04621,SaaS Customer 04621,2025-02-09,R03,Paid Search,Small
C04622,SaaS Customer 04622,2026-05-26,R01,Referral,Small
C04623,SaaS Customer 04623,2025-10-28,R08,Organic Search,Medium
C04624,SaaS Customer 04624,2023-04-09,R07,Outbound,Enterprise
C04625,SaaS Customer 04625,2024-05-04,R02,Outbound,Small
C04626,SaaS Customer 04626,2024-04-25,R08,Referral,Enterprise
C04627,SaaS Customer 04627,2023-01-04,R03,Paid Search,Small
C04628,SaaS Customer 04628,2023-08-14,R04,Referral,Medium
C04629,SaaS Customer 04629,2025-08-09,R07,Organic Search,Small
C04630,SaaS Customer 04630,2024-03-15,R02,Outbound,Small
C04631,SaaS Customer 04631,2023-07-04,R04,Partner,Enterprise
C04632,SaaS Customer 04632,2023-12-25,R06,Organic Search,Small
C04633,SaaS Customer 04633,2023-12-09,R01,Paid Search,Enterprise
C04634,SaaS Customer 04634,2023-08-06,R03,Referral,Small
C04635,SaaS Customer 04635,2023-05-07,R02,Outbound,Small
C04636,SaaS Customer 04636,2025-08-11,R06,Partner,Enterprise
C04637,SaaS Customer 04637,2025-10-26,R01,Paid Search,Medium
C04638,SaaS Customer 04638,2024-09-11,R01,Referral,Small
C04639,SaaS Customer 04639,2025-02-07,R06,Referral,Medium
C04640,SaaS Customer 04640,2026-02-21,R01,Referral,Small
C04641,SaaS Customer 04641,2025-11-17,R03,Paid Search,Large
C04642,SaaS Customer 04642,2023-02-10,R06,Partner,Small
C04643,SaaS Customer 04643,2026-04-04,R06,Outbound,Medium
C04644,SaaS Customer 04644,2023-03-25,R01,Organic Search,Small
C04645,SaaS Customer 04645,2023-02-03,R07,Paid Search,Medium
C04646,SaaS Customer 04646,2024-05-18,R06,Organic Search,Enterprise
C04647,SaaS Customer 04647,2025-07-19,R03,Paid Search,Large
C04648,SaaS Customer 04648,2023-04-11,R06,Referral,Small
C04649,SaaS Customer 04649,2024-01-01,R06,Organic Search,Small
C04650,SaaS Customer 04650,2023-11-24,R06,Partner,Small
C04651,SaaS Customer 04651,2024-05-10,R05,Organic Search,Large
C04652,SaaS Customer 04652,2026-05-15,R06,Outbound,Small
C04653,SaaS Customer 04653,2024-02-18,R08,Referral,Medium
C04654,SaaS Customer 04654,2023-09-18,R05,Partner,Small
C04655,SaaS Customer 04655,2023-06-02,R06,Referral,Enterprise
C04656,SaaS Customer 04656,2023-09-05,R06,Organic Search,Medium
C04657,SaaS Customer 04657,2023-06-16,R07,Referral,Medium
C04658,SaaS Customer 04658,2024-12-16,R08,Referral,Enterprise
C04659,SaaS Customer 04659,2024-06-08,R01,Organic Search,Enterprise
C04660,SaaS Customer 04660,2024-09-13,R01,Outbound,Medium
C04661,SaaS Customer 04661,2025-11-04,R05,Organic Search,Large
C04662,SaaS Customer 04662,2024-12-25,R04,Partner,Medium
C04663,SaaS Customer 04663,2023-07-13,R05,Organic Search,Medium
C04664,SaaS Customer 04664,2024-04-15,R06,Referral,Small
C04665,SaaS Customer 04665,2024-01-26,R08,Organic Search,Medium
C04666,SaaS Customer 04666,2025-10-28,R03,Organic Search,Medium
C04667,SaaS Customer 04667,2024-01-19,R06,Paid Search,Small
C04668,SaaS Customer 04668,2023-06-22,R01,Outbound,Small
C04669,SaaS Customer 04669,2025-07-07,R05,Organic Search,Large
C04670,SaaS Customer 04670,2024-06-18,R01,Partner,Small
C04671,SaaS Customer 04671,2023-04-30,R04,Partner,Medium
C04672,SaaS Customer 04672,2025-05-10,R05,Referral,Medium
C04673,SaaS Customer 04673,2023-09-20,R06,Paid Search,Small
C04674,SaaS Customer 04674,2025-12-19,R06,Partner,Small
C04675,SaaS Customer 04675,2025-11-04,R03,Outbound,Small
C04676,SaaS Customer 04676,2024-04-06,R01,Paid Search,Small
C04677,SaaS Customer 04677,2024-11-24,R01,Paid Search,Medium
C04678,SaaS Customer 04678,2024-12-09,R08,Outbound,Large
C04679,SaaS Customer 04679,2025-03-26,R07,Paid Search,Large
C04680,SaaS Customer 04680,2023-03-28,R03,Paid Search,Small
C04681,SaaS Customer 04681,2024-02-10,R02,Paid Search,Medium
C04682,SaaS Customer 04682,2023-08-01,R03,Referral,Small
C04683,SaaS Customer 04683,2025-05-20,R06,Outbound,Large
C04684,SaaS Customer 04684,2023-03-28,R03,Partner,Small
C04685,SaaS Customer 04685,2024-10-07,R01,Partner,Medium
C04686,SaaS Customer 04686,2025-06-27,R03,Paid Search,Medium
C04687,SaaS Customer 04687,2026-03-29,R02,Organic Search,Small
C04688,SaaS Customer 04688,2023-12-26,R03,Organic Search,Enterprise
C04689,SaaS Customer 04689,2023-01-10,R01,Organic Search,Small
C04690,SaaS Customer 04690,2025-06-22,R06,Organic Search,Small
C04691,SaaS Customer 04691,2023-01-02,R04,Partner,Medium
C04692,SaaS Customer 04692,2023-03-24,R02,Organic Search,Medium
C04693,SaaS Customer 04693,2026-05-21,R05,Organic Search,Small
C04694,SaaS Customer 04694,2025-12-12,R04,Paid Search,Small
C04695,SaaS Customer 04695,2025-06-02,R06,Organic Search,Small
C04696,SaaS Customer 04696,2025-11-08,R08,Organic Search,Large
C04697,SaaS Customer 04697,2023-04-05,R01,Organic Search,Medium
C04698,SaaS Customer 04698,2023-04-21,R07,Organic Search,Small
C04699,SaaS Customer 04699,2024-01-11,R06,Partner,Small
C04700,SaaS Customer 04700,2023-01-30,R06,Referral,Large
C04701,SaaS Customer 04701,2026-01-13,R03,Outbound,Large
C04702,SaaS Customer 04702,2023-03-12,R03,Referral,Small
C04703,SaaS Customer 04703,2024-11-09,R01,Partner,Medium
C04704,SaaS Customer 04704,2025-12-01,R08,Outbound,Small
C04705,SaaS Customer 04705,2025-07-06,R06,Partner,Small
C04706,SaaS Customer 04706,2023-10-20,R03,Partner,Large
C04707,SaaS Customer 04707,2024-08-09,R05,Paid Search,Large
C04708,SaaS Customer 04708,2024-11-15,R01,Paid Search,Small
C04709,SaaS Customer 04709,2025-08-16,R01,Paid Search,Large
C04710,SaaS Customer 04710,2024-06-15,R06,Organic Search,Medium
C04711,SaaS Customer 04711,2023-12-22,R04,Referral,Large
C04712,SaaS Customer 04712,2025-09-19,R06,Organic Search,Large
C04713,SaaS Customer 04713,2026-01-11,R06,Referral,Medium
C04714,SaaS Customer 04714,2024-09-02,R06,Outbound,Enterprise
C04715,SaaS Customer 04715,2023-02-04,R06,Paid Search,Small
C04716,SaaS Customer 04716,2024-09-16,R01,Organic Search,Medium
C04717,SaaS Customer 04717,2026-01-14,R06,Paid Search,Small
C04718,SaaS Customer 04718,2026-05-19,R06,Paid Search,Large
C04719,SaaS Customer 04719,2024-05-15,R02,Outbound,Small
C04720,SaaS Customer 04720,2023-07-07,R01,Referral,Medium
C04721,SaaS Customer 04721,2024-12-15,R01,Referral,Large
C04722,SaaS Customer 04722,2025-11-02,R01,Partner,Small
C04723,SaaS Customer 04723,2026-03-25,R04,Referral,Small
C04724,SaaS Customer 04724,2023-03-06,R01,Referral,Small
C04725,SaaS Customer 04725,2023-12-29,R06,Organic Search,Medium
C04726,SaaS Customer 04726,2024-08-19,R01,Organic Search,Small
C04727,SaaS Customer 04727,2023-05-03,R01,Organic Search,Small
C04728,SaaS Customer 04728,2026-01-11,R03,Paid Search,Medium
C04729,SaaS Customer 04729,2023-05-20,R01,Outbound,Enterprise
C04730,SaaS Customer 04730,2025-04-10,R08,Partner,Large
C04731,SaaS Customer 04731,2026-02-20,R02,Paid Search,Small
C04732,SaaS Customer 04732,2025-05-05,R01,Outbound,Large
C04733,SaaS Customer 04733,2025-08-10,R01,Organic Search,Large
C04734,SaaS Customer 04734,2023-11-25,R03,Organic Search,Large
C04735,SaaS Customer 04735,2025-10-29,R06,Outbound,Medium
C04736,SaaS Customer 04736,2024-06-06,R06,Outbound,Small
C04737,SaaS Customer 04737,2023-03-18,R03,Referral,Medium
C04738,SaaS Customer 04738,2024-04-02,R06,Organic Search,Medium
C04739,SaaS Customer 04739,2024-03-12,R04,Outbound,Small
C04740,SaaS Customer 04740,2024-10-12,R07,Referral,Small
C04741,SaaS Customer 04741,2023-11-27,R05,Referral,Small
C04742,SaaS Customer 04742,2024-07-30,R02,Organic Search,Medium
C04743,SaaS Customer 04743,2024-06-18,R06,Partner,Small
C04744,SaaS Customer 04744,2024-02-12,R06,Referral,Medium
C04745,SaaS Customer 04745,2025-05-18,R04,Outbound,Large
C04746,SaaS Customer 04746,2024-01-17,R08,Partner,Small
C04747,SaaS Customer 04747,2025-08-13,R07,Partner,Small
C04748,SaaS Customer 04748,2023-11-10,R01,Referral,Small
C04749,SaaS Customer 04749,2025-12-15,R06,Partner,Small
C04750,SaaS Customer 04750,2024-03-31,R06,Paid Search,Large
C04751,SaaS Customer 04751,2023-02-20,R05,Organic Search,Medium
C04752,SaaS Customer 04752,2023-07-07,R04,Organic Search,Large
C04753,SaaS Customer 04753,2025-10-03,R07,Referral,Enterprise
C04754,SaaS Customer 04754,2025-12-24,R06,Organic Search,Small
C04755,SaaS Customer 04755,2023-09-22,R05,Organic Search,Medium
C04756,SaaS Customer 04756,2025-01-21,R01,Outbound,Medium
C04757,SaaS Customer 04757,2024-12-17,R04,Referral,Medium
C04758,SaaS Customer 04758,2023-06-16,R07,Organic Search,Small
C04759,SaaS Customer 04759,2024-07-18,R06,Paid Search,Small
C04760,SaaS Customer 04760,2025-05-15,R01,Referral,Medium
C04761,SaaS Customer 04761,2026-04-21,R07,Paid Search,Medium
C04762,SaaS Customer 04762,2025-11-23,R06,Paid Search,Small
C04763,SaaS Customer 04763,2023-05-03,R05,Paid Search,Small
C04764,SaaS Customer 04764,2023-10-24,R01,Organic Search,Medium
C04765,SaaS Customer 04765,2024-06-29,R05,Referral,Large
C04766,SaaS Customer 04766,2023-07-07,R01,Organic Search,Medium
C04767,SaaS Customer 04767,2024-12-13,R03,Paid Search,Small
C04768,SaaS Customer 04768,2023-01-11,R06,Organic Search,Small
C04769,SaaS Customer 04769,2023-05-22,R07,Organic Search,Large
C04770,SaaS Customer 04770,2023-02-28,R03,Organic Search,Large
C04771,SaaS Customer 04771,2024-01-04,R07,Outbound,Small
C04772,SaaS Customer 04772,2025-08-09,R07,Organic Search,Medium
C04773,SaaS Customer 04773,2023-08-10,R01,Organic Search,Medium
C04774,SaaS Customer 04774,2026-05-17,R01,Organic Search,Medium
C04775,SaaS Customer 04775,2023-12-03,R06,Referral,Small
C04776,SaaS Customer 04776,2023-02-26,R06,Paid Search,Medium
C04777,SaaS Customer 04777,2024-02-23,R03,Outbound,Enterprise
C04778,SaaS Customer 04778,2025-07-22,R06,Referral,Small
C04779,SaaS Customer 04779,2023-05-14,R06,Partner,Small
C04780,SaaS Customer 04780,2023-03-31,R06,Partner,Small
C04781,SaaS Customer 04781,2025-11-25,R06,Organic Search,Small
C04782,SaaS Customer 04782,2025-01-08,R01,Outbound,Enterprise
C04783,SaaS Customer 04783,2024-03-04,R01,Outbound,Enterprise
C04784,SaaS Customer 04784,2025-08-01,R01,Organic Search,Small
C04785,SaaS Customer 04785,2025-11-19,R08,Partner,Large
C04786,SaaS Customer 04786,2024-03-24,R07,Organic Search,Small
C04787,SaaS Customer 04787,2024-12-01,R06,Partner,Medium
C04788,SaaS Customer 04788,2023-01-14,R01,Referral,Medium
C04789,SaaS Customer 04789,2024-01-18,R05,Outbound,Small
C04790,SaaS Customer 04790,2025-01-12,R01,Paid Search,Medium
C04791,SaaS Customer 04791,2023-09-03,R03,Referral,Medium
C04792,SaaS Customer 04792,2026-05-22,R02,Referral,Small
C04793,SaaS Customer 04793,2026-04-26,R06,Organic Search,Enterprise
C04794,SaaS Customer 04794,2023-11-18,R01,Partner,Small
C04795,SaaS Customer 04795,2024-05-09,R06,Partner,Small
C04796,SaaS Customer 04796,2023-08-25,R08,Referral,Enterprise
C04797,SaaS Customer 04797,2024-09-20,R06,Outbound,Medium
C04798,SaaS Customer 04798,2023-06-04,R01,Organic Search,Small
C04799,SaaS Customer 04799,2024-05-02,R07,Organic Search,Small
C04800,SaaS Customer 04800,2024-11-23,R06,Organic Search,Small
C04801,SaaS Customer 04801,2025-02-02,R04,Organic Search,Small
C04802,SaaS Customer 04802,2025-01-14,R06,Paid Search,Small
C04803,SaaS Customer 04803,2023-10-04,R07,Outbound,Medium
C04804,SaaS Customer 04804,2025-09-15,R04,Paid Search,Medium
C04805,SaaS Customer 04805,2025-05-13,R05,Referral,Large
C04806,SaaS Customer 04806,2025-07-28,R04,Paid Search,Enterprise
C04807,SaaS Customer 04807,2024-08-06,R01,Paid Search,Small
C04808,SaaS Customer 04808,2026-01-18,R06,Referral,Enterprise
C04809,SaaS Customer 04809,2024-05-01,R01,Partner,Large
C04810,SaaS Customer 04810,2025-10-02,R03,Paid Search,Enterprise
C04811,SaaS Customer 04811,2023-09-12,R03,Outbound,Medium
C04812,SaaS Customer 04812,2023-11-05,R02,Paid Search,Small
C04813,SaaS Customer 04813,2024-10-19,R03,Organic Search,Small
C04814,SaaS Customer 04814,2024-11-24,R06,Paid Search,Large
C04815,SaaS Customer 04815,2025-07-20,R03,Referral,Medium
C04816,SaaS Customer 04816,2024-01-07,R01,Paid Search,Large
C04817,SaaS Customer 04817,2025-12-25,R07,Referral,Medium
C04818,SaaS Customer 04818,2024-02-16,R08,Partner,Small
C04819,SaaS Customer 04819,2024-10-28,R04,Paid Search,Small
C04820,SaaS Customer 04820,2026-03-09,R03,Outbound,Enterprise
C04821,SaaS Customer 04821,2024-11-04,R01,Paid Search,Small
C04822,SaaS Customer 04822,2025-05-01,R01,Paid Search,Medium
C04823,SaaS Customer 04823,2026-02-07,R03,Organic Search,Enterprise
C04824,SaaS Customer 04824,2026-05-01,R08,Paid Search,Small
C04825,SaaS Customer 04825,2024-09-15,R06,Paid Search,Small
C04826,SaaS Customer 04826,2024-06-04,R03,Organic Search,Medium
C04827,SaaS Customer 04827,2023-09-03,R08,Partner,Large
C04828,SaaS Customer 04828,2024-11-01,R03,Organic Search,Medium
C04829,SaaS Customer 04829,2026-02-20,R02,Organic Search,Small
C04830,SaaS Customer 04830,2024-08-30,R03,Partner,Small
C04831,SaaS Customer 04831,2024-03-10,R01,Organic Search,Small
C04832,SaaS Customer 04832,2023-05-14,R07,Partner,Small
C04833,SaaS Customer 04833,2024-05-01,R03,Referral,Small
C04834,SaaS Customer 04834,2023-10-23,R06,Paid Search,Large
C04835,SaaS Customer 04835,2026-05-03,R03,Organic Search,Small
C04836,SaaS Customer 04836,2024-10-20,R07,Paid Search,Large
C04837,SaaS Customer 04837,2023-06-20,R06,Organic Search,Enterprise
C04838,SaaS Customer 04838,2023-03-26,R04,Partner,Medium
C04839,SaaS Customer 04839,2025-11-27,R01,Referral,Medium
C04840,SaaS Customer 04840,2026-03-08,R07,Partner,Small
C04841,SaaS Customer 04841,2025-08-10,R05,Paid Search,Medium
C04842,SaaS Customer 04842,2023-06-04,R02,Outbound,Small
C04843,SaaS Customer 04843,2023-05-03,R07,Organic Search,Small
C04844,SaaS Customer 04844,2023-09-05,R01,Outbound,Medium
C04845,SaaS Customer 04845,2025-07-26,R03,Referral,Small
C04846,SaaS Customer 04846,2025-08-13,R05,Paid Search,Small
C04847,SaaS Customer 04847,2025-11-11,R03,Organic Search,Medium
C04848,SaaS Customer 04848,2023-05-01,R04,Organic Search,Medium
C04849,SaaS Customer 04849,2023-07-11,R02,Outbound,Small
C04850,SaaS Customer 04850,2026-01-28,R01,Organic Search,Small
C04851,SaaS Customer 04851,2026-03-05,R01,Outbound,Small
C04852,SaaS Customer 04852,2025-06-24,R01,Paid Search,Medium
C04853,SaaS Customer 04853,2023-05-13,R08,Paid Search,Medium
C04854,SaaS Customer 04854,2023-03-27,R05,Partner,Small
C04855,SaaS Customer 04855,2023-03-11,R04,Organic Search,Medium
C04856,SaaS Customer 04856,2025-05-13,R03,Paid Search,Enterprise
C04857,SaaS Customer 04857,2025-11-21,R06,Outbound,Medium
C04858,SaaS Customer 04858,2025-02-27,R01,Organic Search,Medium
C04859,SaaS Customer 04859,2023-11-24,R02,Outbound,Medium
C04860,SaaS Customer 04860,2025-08-03,R06,Outbound,Large
C04861,SaaS Customer 04861,2023-03-15,R04,Organic Search,Enterprise
C04862,SaaS Customer 04862,2025-10-30,R06,Partner,Small
C04863,SaaS Customer 04863,2026-01-18,R07,Organic Search,Small
C04864,SaaS Customer 04864,2025-06-15,R06,Partner,Small
C04865,SaaS Customer 04865,2026-01-02,R01,Outbound,Large
C04866,SaaS Customer 04866,2025-01-01,R01,Outbound,Small
C04867,SaaS Customer 04867,2024-08-07,R01,Outbound,Large
C04868,SaaS Customer 04868,2024-02-07,R06,Organic Search,Small
C04869,SaaS Customer 04869,2026-02-24,R07,Partner,Medium
C04870,SaaS Customer 04870,2025-05-20,R07,Organic Search,Small
C04871,SaaS Customer 04871,2023-08-26,R02,Outbound,Medium
C04872,SaaS Customer 04872,2026-04-09,R07,Organic Search,Medium
C04873,SaaS Customer 04873,2023-03-15,R05,Organic Search,Large
C04874,SaaS Customer 04874,2025-01-03,R06,Organic Search,Medium
C04875,SaaS Customer 04875,2023-08-26,R05,Organic Search,Medium
C04876,SaaS Customer 04876,2025-04-09,R01,Organic Search,Large
C04877,SaaS Customer 04877,2024-05-29,R01,Organic Search,Enterprise
C04878,SaaS Customer 04878,2024-06-29,R08,Outbound,Large
C04879,SaaS Customer 04879,2025-04-18,R03,Referral,Large
C04880,SaaS Customer 04880,2025-08-01,R03,Organic Search,Medium
C04881,SaaS Customer 04881,2024-04-19,R03,Referral,Large
C04882,SaaS Customer 04882,2026-05-30,R03,Paid Search,Medium
C04883,SaaS Customer 04883,2024-09-14,R08,Referral,Enterprise
C04884,SaaS Customer 04884,2023-07-20,R01,Paid Search,Large
C04885,SaaS Customer 04885,2023-01-08,R01,Partner,Small
C04886,SaaS Customer 04886,2023-09-10,R06,Paid Search,Small
C04887,SaaS Customer 04887,2025-05-12,R05,Organic Search,Large
C04888,SaaS Customer 04888,2024-11-04,R01,Partner,Medium
C04889,SaaS Customer 04889,2024-02-26,R01,Referral,Medium
C04890,SaaS Customer 04890,2024-08-23,R01,Referral,Enterprise
C04891,SaaS Customer 04891,2025-11-11,R02,Paid Search,Medium
C04892,SaaS Customer 04892,2024-12-14,R01,Partner,Small
C04893,SaaS Customer 04893,2023-03-14,R01,Referral,Medium
C04894,SaaS Customer 04894,2023-03-03,R06,Organic Search,Small
C04895,SaaS Customer 04895,2024-08-24,R07,Organic Search,Medium
C04896,SaaS Customer 04896,2024-05-19,R07,Paid Search,Large
C04897,SaaS Customer 04897,2025-11-27,R03,Organic Search,Small
C04898,SaaS Customer 04898,2024-12-28,R03,Paid Search,Large
C04899,SaaS Customer 04899,2025-08-02,R08,Organic Search,Large
C04900,SaaS Customer 04900,2024-12-31,R06,Partner,Small
C04901,SaaS Customer 04901,2024-03-06,R05,Referral,Large
C04902,SaaS Customer 04902,2025-03-31,R02,Referral,Large
C04903,SaaS Customer 04903,2025-02-14,R03,Partner,Medium
C04904,SaaS Customer 04904,2025-06-17,R04,Paid Search,Small
C04905,SaaS Customer 04905,2023-08-25,R05,Outbound,Small
C04906,SaaS Customer 04906,2025-03-11,R01,Referral,Medium
C04907,SaaS Customer 04907,2023-12-23,R08,Partner,Small
C04908,SaaS Customer 04908,2025-09-13,R05,Organic Search,Small
C04909,SaaS Customer 04909,2025-09-23,R05,Partner,Enterprise
C04910,SaaS Customer 04910,2025-02-18,R01,Partner,Medium
C04911,SaaS Customer 04911,2026-03-27,R06,Referral,Large
C04912,SaaS Customer 04912,2024-11-01,R06,Referral,Enterprise
C04913,SaaS Customer 04913,2023-02-01,R01,Outbound,Small
C04914,SaaS Customer 04914,2025-01-26,R06,Outbound,Small
C04915,SaaS Customer 04915,2025-08-28,R06,Partner,Medium
C04916,SaaS Customer 04916,2023-05-07,R06,Outbound,Medium
C04917,SaaS Customer 04917,2023-05-11,R01,Outbound,Small
C04918,SaaS Customer 04918,2023-12-07,R07,Organic Search,Large
C04919,SaaS Customer 04919,2025-11-19,R04,Partner,Small
C04920,SaaS Customer 04920,2024-10-20,R01,Organic Search,Medium
C04921,SaaS Customer 04921,2026-05-03,R01,Paid Search,Medium
C04922,SaaS Customer 04922,2025-12-25,R01,Paid Search,Medium
C04923,SaaS Customer 04923,2024-11-23,R02,Paid Search,Small
C04924,SaaS Customer 04924,2025-04-27,R04,Organic Search,Small
C04925,SaaS Customer 04925,2024-02-18,R06,Organic Search,Large
C04926,SaaS Customer 04926,2023-04-23,R01,Organic Search,Enterprise
C04927,SaaS Customer 04927,2024-05-12,R08,Partner,Medium
C04928,SaaS Customer 04928,2025-01-09,R01,Outbound,Small
C04929,SaaS Customer 04929,2023-08-16,R06,Outbound,Medium
C04930,SaaS Customer 04930,2023-10-04,R07,Paid Search,Small
C04931,SaaS Customer 04931,2023-01-19,R06,Organic Search,Small
C04932,SaaS Customer 04932,2025-07-05,R06,Outbound,Small
C04933,SaaS Customer 04933,2026-01-27,R06,Organic Search,Small
C04934,SaaS Customer 04934,2025-10-29,R01,Outbound,Small
C04935,SaaS Customer 04935,2024-04-19,R01,Referral,Small
C04936,SaaS Customer 04936,2025-01-10,R03,Paid Search,Large
C04937,SaaS Customer 04937,2026-04-14,R01,Organic Search,Medium
C04938,SaaS Customer 04938,2025-01-08,R03,Organic Search,Medium
C04939,SaaS Customer 04939,2024-01-05,R01,Partner,Small
C04940,SaaS Customer 04940,2024-02-27,R07,Paid Search,Large
C04941,SaaS Customer 04941,2025-06-26,R07,Referral,Small
C04942,SaaS Customer 04942,2024-07-10,R06,Partner,Small
C04943,SaaS Customer 04943,2025-11-10,R06,Paid Search,Medium
C04944,SaaS Customer 04944,2025-12-14,R01,Organic Search,Medium
C04945,SaaS Customer 04945,2023-02-14,R01,Paid Search,Large
C04946,SaaS Customer 04946,2025-06-21,R06,Organic Search,Small
C04947,SaaS Customer 04947,2024-04-06,R06,Referral,Small
C04948,SaaS Customer 04948,2024-10-10,R03,Partner,Small
C04949,SaaS Customer 04949,2023-11-27,R04,Referral,Medium
C04950,SaaS Customer 04950,2024-04-04,R04,Paid Search,Small
C04951,SaaS Customer 04951,2024-02-17,R01,Organic Search,Small
C04952,SaaS Customer 04952,2023-03-04,R03,Referral,Small
C04953,SaaS Customer 04953,2025-09-03,R03,Referral,Enterprise
C04954,SaaS Customer 04954,2023-06-28,R06,Referral,Small
C04955,SaaS Customer 04955,2024-04-13,R08,Partner,Small
C04956,SaaS Customer 04956,2023-08-29,R05,Outbound,Enterprise
C04957,SaaS Customer 04957,2023-07-20,R06,Organic Search,Large
C04958,SaaS Customer 04958,2024-04-10,R06,Paid Search,Medium
C04959,SaaS Customer 04959,2026-02-20,R01,Referral,Medium
C04960,SaaS Customer 04960,2026-03-24,R06,Organic Search,Small
C04961,SaaS Customer 04961,2024-04-21,R04,Referral,Large
C04962,SaaS Customer 04962,2024-09-22,R05,Paid Search,Small
C04963,SaaS Customer 04963,2026-05-15,R01,Organic Search,Enterprise
C04964,SaaS Customer 04964,2023-10-21,R07,Organic Search,Small
C04965,SaaS Customer 04965,2026-03-24,R08,Referral,Medium
C04966,SaaS Customer 04966,2023-05-12,R01,Referral,Medium
C04967,SaaS Customer 04967,2023-10-09,R01,Paid Search,Small
C04968,SaaS Customer 04968,2024-02-27,R01,Organic Search,Small
C04969,SaaS Customer 04969,2023-02-16,R06,Organic Search,Large
C04970,SaaS Customer 04970,2025-10-15,R06,Organic Search,Small
C04971,SaaS Customer 04971,2025-12-03,R01,Referral,Enterprise
C04972,SaaS Customer 04972,2024-04-23,R06,Organic Search,Small
C04973,SaaS Customer 04973,2025-11-09,R03,Organic Search,Medium
C04974,SaaS Customer 04974,2025-08-22,R04,Organic Search,Medium
C04975,SaaS Customer 04975,2025-09-27,R03,Partner,Medium
C04976,SaaS Customer 04976,2025-09-28,R04,Referral,Medium
C04977,SaaS Customer 04977,2024-12-16,R04,Partner,Large
C04978,SaaS Customer 04978,2023-05-19,R02,Partner,Medium
C04979,SaaS Customer 04979,2026-02-26,R03,Outbound,Medium
C04980,SaaS Customer 04980,2025-01-29,R07,Paid Search,Medium
C04981,SaaS Customer 04981,2026-01-29,R04,Outbound,Small
C04982,SaaS Customer 04982,2026-04-11,R07,Partner,Small
C04983,SaaS Customer 04983,2023-08-22,R05,Organic Search,Small
C04984,SaaS Customer 04984,2024-05-16,R06,Referral,Medium
C04985,SaaS Customer 04985,2023-08-29,R02,Partner,Enterprise
C04986,SaaS Customer 04986,2023-03-05,R06,Partner,Small
C04987,SaaS Customer 04987,2026-04-21,R02,Organic Search,Medium
C04988,SaaS Customer 04988,2026-02-26,R01,Paid Search,Small
C04989,SaaS Customer 04989,2026-03-08,R01,Outbound,Medium
C04990,SaaS Customer 04990,2026-01-07,R01,Organic Search,Large
C04991,SaaS Customer 04991,2025-03-20,R08,Organic Search,Large
C04992,SaaS Customer 04992,2024-10-13,R08,Organic Search,Medium
C04993,SaaS Customer 04993,2026-05-22,R06,Paid Search,Large
C04994,SaaS Customer 04994,2024-11-20,R01,Referral,Small
C04995,SaaS Customer 04995,2025-03-12,R07,Partner,Medium
C04996,SaaS Customer 04996,2023-09-22,R06,Outbound,Small
C04997,SaaS Customer 04997,2025-07-20,R03,Paid Search,Enterprise
C04998,SaaS Customer 04998,2025-10-19,R04,Paid Search,Large
C04999,SaaS Customer 04999,2025-04-26,R06,Organic Search,Small
C05000,SaaS Customer 05000,2024-09-14,R01,Organic Search,Small
