subscription_id,customer_id,subscription_start_date,initial_plan_id,billing_cycle,churn_date,subscription_status
S-C00001,C00001,2023-04-01,P02,Annual,,Active
S-C00002,C00002,2025-08-01,P01,Monthly,,Active
S-C00003,C00003,2025-03-01,P01,Monthly,2025-07-01,Churned
S-C00004,C00004,2024-07-01,P02,Monthly,2026-01-01,Churned
S-C00005,C00005,2024-06-01,P02,Monthly,,Active
S-C00006,C00006,2025-12-01,P02,Annual,,Active
S-C00007,C00007,2023-04-01,P01,Monthly,,Active
S-C00008,C00008,2025-05-01,P02,Monthly,,Active
S-C00009,C00009,2023-09-01,P02,Monthly,2025-04-01,Churned
S-C00010,C00010,2023-04-01,P01,Annual,,Active
S-C00011,C00011,2024-10-01,P03,Monthly,,Active
S-C00012,C00012,2026-05-01,P03,Monthly,,Active
S-C00013,C00013,2025-07-01,P01,Monthly,,Active
S-C00014,C00014,2025-08-01,P01,Annual,,Active
S-C00015,C00015,2025-06-01,P01,Monthly,,Active
S-C00016,C00016,2025-09-01,P03,Monthly,,Active
S-C00017,C00017,2024-10-01,P01,Annual,,Active
S-C00018,C00018,2023-06-01,P01,Monthly,2025-08-01,Churned
S-C00019,C00019,2025-11-01,P02,Annual,,Active
S-C00020,C00020,2024-07-01,P02,Monthly,2025-05-01,Churned
S-C00021,C00021,2024-09-01,P01,Monthly,2026-06-01,Churned
S-C00022,C00022,2024-04-01,P02,Monthly,,Active
S-C00023,C00023,2023-08-01,P02,Monthly,2024-03-01,Churned
S-C00024,C00024,2026-03-01,P01,Annual,,Active
S-C00025,C00025,2025-09-01,P03,Annual,,Active
S-C00026,C00026,2025-03-01,P03,Monthly,,Active
S-C00027,C00027,2024-05-01,P01,Annual,2025-04-01,Churned
S-C00028,C00028,2025-10-01,P01,Monthly,,Active
S-C00029,C00029,2024-11-01,P04,Monthly,,Active
S-C00030,C00030,2024-07-01,P03,Annual,2025-06-01,Churned
S-C00031,C00031,2024-07-01,P02,Monthly,2025-12-01,Churned
S-C00032,C00032,2023-10-01,P01,Monthly,2024-05-01,Churned
S-C00033,C00033,2023-04-01,P03,Monthly,,Active
S-C00034,C00034,2024-11-01,P01,Monthly,,Active
S-C00035,C00035,2026-01-01,P02,Monthly,2026-07-01,Churned
S-C00036,C00036,2023-03-01,P01,Monthly,2025-12-01,Churned
S-C00037,C00037,2025-12-01,P04,Monthly,,Active
S-C00038,C00038,2025-10-01,P01,Monthly,,Active
S-C00039,C00039,2023-12-01,P01,Monthly,2025-06-01,Churned
S-C00040,C00040,2025-02-01,P01,Annual,,Active
S-C00041,C00041,2023-07-01,P02,Annual,,Active
S-C00042,C00042,2025-08-01,P02,Monthly,,Active
S-C00043,C00043,2025-05-01,P01,Monthly,,Active
S-C00044,C00044,2024-03-01,P01,Annual,2026-07-01,Churned
S-C00045,C00045,2023-03-01,P03,Monthly,2026-02-01,Churned
S-C00046,C00046,2026-04-01,P01,Monthly,,Active
S-C00047,C00047,2024-07-01,P02,Monthly,,Active
S-C00048,C00048,2026-01-01,P01,Annual,,Active
S-C00049,C00049,2025-04-01,P03,Monthly,,Active
S-C00050,C00050,2025-08-01,P04,Monthly,,Active
S-C00051,C00051,2025-08-01,P01,Annual,,Active
S-C00052,C00052,2023-08-01,P01,Monthly,,Active
S-C00053,C00053,2024-03-01,P01,Annual,2025-08-01,Churned
S-C00054,C00054,2024-08-01,P03,Monthly,,Active
S-C00055,C00055,2024-09-01,P02,Monthly,,Active
S-C00056,C00056,2023-02-01,P02,Monthly,2024-11-01,Churned
S-C00057,C00057,2024-11-01,P02,Monthly,,Active
S-C00058,C00058,2023-07-01,P01,Monthly,2023-10-01,Churned
S-C00059,C00059,2025-07-01,P01,Monthly,,Active
S-C00060,C00060,2025-05-01,P02,Monthly,2026-05-01,Churned
S-C00061,C00061,2026-02-01,P02,Monthly,2026-07-01,Churned
S-C00062,C00062,2025-07-01,P02,Monthly,,Active
S-C00063,C00063,2024-04-01,P03,Monthly,,Active
S-C00064,C00064,2026-04-01,P01,Annual,,Active
S-C00065,C00065,2024-05-01,P02,Monthly,2025-04-01,Churned
S-C00066,C00066,2024-02-01,P02,Annual,,Active
S-C00067,C00067,2026-02-01,P02,Annual,,Active
S-C00068,C00068,2024-04-01,P03,Annual,2025-06-01,Churned
S-C00069,C00069,2023-04-01,P01,Monthly,,Active
S-C00070,C00070,2024-08-01,P01,Monthly,2025-06-01,Churned
S-C00071,C00071,2025-09-01,P04,Annual,,Active
S-C00072,C00072,2023-08-01,P01,Monthly,,Active
S-C00073,C00073,2024-07-01,P02,Monthly,,Active
S-C00074,C00074,2023-06-01,P03,Annual,2024-02-01,Churned
S-C00075,C00075,2025-05-01,P02,Monthly,,Active
S-C00076,C00076,2024-08-01,P02,Annual,,Active
S-C00077,C00077,2024-02-01,P03,Annual,,Active
S-C00078,C00078,2023-10-01,P01,Annual,2024-11-01,Churned
S-C00079,C00079,2024-12-01,P02,Monthly,,Active
S-C00080,C00080,2025-04-01,P02,Monthly,2025-08-01,Churned
S-C00081,C00081,2026-03-01,P03,Monthly,,Active
S-C00082,C00082,2024-06-01,P02,Monthly,2025-04-01,Churned
S-C00083,C00083,2023-07-01,P04,Annual,,Active
S-C00084,C00084,2025-11-01,P03,Monthly,,Active
S-C00085,C00085,2025-02-01,P02,Monthly,2025-07-01,Churned
S-C00086,C00086,2025-05-01,P02,Monthly,,Active
S-C00087,C00087,2023-05-01,P04,Annual,2023-09-01,Churned
S-C00088,C00088,2024-01-01,P02,Annual,,Active
S-C00089,C00089,2025-08-01,P03,Monthly,,Active
S-C00090,C00090,2025-11-01,P01,Annual,,Active
S-C00091,C00091,2024-06-01,P03,Annual,,Active
S-C00092,C00092,2025-10-01,P01,Monthly,,Active
S-C00093,C00093,2025-11-01,P02,Annual,,Active
S-C00094,C00094,2024-04-01,P01,Monthly,2026-07-01,Churned
S-C00095,C00095,2026-01-01,P03,Monthly,,Active
S-C00096,C00096,2023-12-01,P03,Annual,,Active
S-C00097,C00097,2023-10-01,P02,Monthly,2024-05-01,Churned
S-C00098,C00098,2025-05-01,P01,Monthly,,Active
S-C00099,C00099,2025-03-01,P02,Monthly,2025-06-01,Churned
S-C00100,C00100,2023-06-01,P01,Monthly,,Active
S-C00101,C00101,2025-11-01,P01,Monthly,,Active
S-C00102,C00102,2023-09-01,P01,Annual,,Active
S-C00103,C00103,2025-10-01,P04,Monthly,,Active
S-C00104,C00104,2023-01-01,P03,Monthly,,Active
S-C00105,C00105,2025-09-01,P02,Monthly,,Active
S-C00106,C00106,2025-09-01,P01,Annual,,Active
S-C00107,C00107,2025-08-01,P01,Monthly,,Active
S-C00108,C00108,2025-04-01,P01,Monthly,,Active
S-C00109,C00109,2024-08-01,P01,Annual,,Active
S-C00110,C00110,2025-05-01,P02,Monthly,,Active
S-C00111,C00111,2023-12-01,P01,Monthly,2024-05-01,Churned
S-C00112,C00112,2025-09-01,P01,Annual,,Active
S-C00113,C00113,2024-11-01,P02,Monthly,,Active
S-C00114,C00114,2024-07-01,P01,Monthly,2025-06-01,Churned
S-C00115,C00115,2024-09-01,P02,Monthly,,Active
S-C00116,C00116,2024-12-01,P01,Monthly,,Active
S-C00117,C00117,2023-02-01,P01,Monthly,2024-06-01,Churned
S-C00118,C00118,2023-06-01,P01,Monthly,2025-06-01,Churned
S-C00119,C00119,2023-11-01,P01,Monthly,,Active
S-C00120,C00120,2023-05-01,P01,Monthly,2024-06-01,Churned
S-C00121,C00121,2024-07-01,P01,Monthly,2025-08-01,Churned
S-C00122,C00122,2025-04-01,P02,Monthly,,Active
S-C00123,C00123,2025-03-01,P02,Monthly,,Active
S-C00124,C00124,2024-08-01,P01,Monthly,2026-06-01,Churned
S-C00125,C00125,2025-12-01,P01,Monthly,2026-04-01,Churned
S-C00126,C00126,2024-12-01,P01,Monthly,,Active
S-C00127,C00127,2023-04-01,P02,Monthly,,Active
S-C00128,C00128,2025-08-01,P02,Monthly,,Active
S-C00129,C00129,2024-12-01,P02,Annual,,Active
S-C00130,C00130,2025-03-01,P02,Annual,,Active
S-C00131,C00131,2024-12-01,P01,Monthly,,Active
S-C00132,C00132,2024-11-01,P01,Monthly,,Active
S-C00133,C00133,2023-04-01,P01,Monthly,2026-03-01,Churned
S-C00134,C00134,2024-11-01,P02,Monthly,,Active
S-C00135,C00135,2025-09-01,P02,Monthly,,Active
S-C00136,C00136,2024-01-01,P01,Monthly,,Active
S-C00137,C00137,2025-01-01,P02,Monthly,,Active
S-C00138,C00138,2023-02-01,P03,Monthly,2023-10-01,Churned
S-C00139,C00139,2024-03-01,P01,Monthly,,Active
S-C00140,C00140,2024-06-01,P01,Monthly,,Active
S-C00141,C00141,2026-05-01,P03,Monthly,,Active
S-C00142,C00142,2023-09-01,P03,Annual,2024-09-01,Churned
S-C00143,C00143,2023-12-01,P01,Monthly,2024-04-01,Churned
S-C00144,C00144,2024-05-01,P02,Annual,,Active
S-C00145,C00145,2026-05-01,P02,Annual,,Active
S-C00146,C00146,2025-12-01,P02,Annual,,Active
S-C00147,C00147,2023-02-01,P03,Monthly,,Active
S-C00148,C00148,2023-10-01,P03,Annual,2026-02-01,Churned
S-C00149,C00149,2025-10-01,P01,Annual,,Active
S-C00150,C00150,2023-03-01,P01,Annual,2023-09-01,Churned
S-C00151,C00151,2025-12-01,P01,Annual,,Active
S-C00152,C00152,2023-12-01,P02,Monthly,,Active
S-C00153,C00153,2026-02-01,P01,Annual,,Active
S-C00154,C00154,2024-01-01,P03,Monthly,,Active
S-C00155,C00155,2024-06-01,P01,Monthly,,Active
S-C00156,C00156,2025-04-01,P02,Monthly,2026-07-01,Churned
S-C00157,C00157,2023-06-01,P04,Monthly,2024-07-01,Churned
S-C00158,C00158,2024-11-01,P01,Monthly,,Active
S-C00159,C00159,2024-09-01,P03,Monthly,,Active
S-C00160,C00160,2025-09-01,P03,Annual,,Active
S-C00161,C00161,2026-05-01,P01,Annual,,Active
S-C00162,C00162,2025-04-01,P03,Annual,,Active
S-C00163,C00163,2024-05-01,P01,Monthly,2026-02-01,Churned
S-C00164,C00164,2024-05-01,P02,Monthly,2025-08-01,Churned
S-C00165,C00165,2024-06-01,P01,Annual,,Active
S-C00166,C00166,2025-10-01,P02,Monthly,,Active
S-C00167,C00167,2024-02-01,P02,Monthly,,Active
S-C00168,C00168,2023-07-01,P02,Annual,2023-12-01,Churned
S-C00169,C00169,2024-02-01,P03,Monthly,,Active
S-C00170,C00170,2023-01-01,P01,Monthly,,Active
S-C00171,C00171,2023-05-01,P02,Monthly,,Active
S-C00172,C00172,2023-04-01,P04,Monthly,,Active
S-C00173,C00173,2025-08-01,P01,Monthly,,Active
S-C00174,C00174,2025-06-01,P03,Annual,,Active
S-C00175,C00175,2025-05-01,P01,Annual,,Active
S-C00176,C00176,2024-07-01,P02,Monthly,,Active
S-C00177,C00177,2025-06-01,P03,Monthly,,Active
S-C00178,C00178,2023-07-01,P01,Monthly,2025-06-01,Churned
S-C00179,C00179,2026-01-01,P01,Annual,,Active
S-C00180,C00180,2024-09-01,P03,Annual,2026-08-01,Churned
S-C00181,C00181,2026-03-01,P02,Monthly,,Active
S-C00182,C00182,2023-07-01,P03,Annual,2023-11-01,Churned
S-C00183,C00183,2024-09-01,P02,Monthly,2025-07-01,Churned
S-C00184,C00184,2025-05-01,P02,Monthly,,Active
S-C00185,C00185,2024-09-01,P02,Monthly,,Active
S-C00186,C00186,2024-07-01,P02,Monthly,,Active
S-C00187,C00187,2023-07-01,P02,Monthly,,Active
S-C00188,C00188,2024-04-01,P02,Monthly,,Active
S-C00189,C00189,2023-10-01,P01,Annual,,Active
S-C00190,C00190,2024-01-01,P03,Annual,2026-07-01,Churned
S-C00191,C00191,2025-05-01,P01,Monthly,,Active
S-C00192,C00192,2025-02-01,P03,Monthly,2026-02-01,Churned
S-C00193,C00193,2025-01-01,P02,Annual,,Active
S-C00194,C00194,2024-03-01,P02,Annual,,Active
S-C00195,C00195,2026-04-01,P01,Monthly,,Active
S-C00196,C00196,2023-04-01,P02,Monthly,,Active
S-C00197,C00197,2024-03-01,P04,Monthly,,Active
S-C00198,C00198,2023-05-01,P01,Monthly,2024-09-01,Churned
S-C00199,C00199,2024-02-01,P01,Monthly,,Active
S-C00200,C00200,2026-04-01,P01,Annual,,Active
S-C00201,C00201,2024-04-01,P01,Annual,,Active
S-C00202,C00202,2026-02-01,P01,Monthly,,Active
S-C00203,C00203,2024-09-01,P03,Monthly,,Active
S-C00204,C00204,2025-05-01,P01,Monthly,2026-08-01,Churned
S-C00205,C00205,2024-07-01,P01,Monthly,,Active
S-C00206,C00206,2023-11-01,P03,Monthly,,Active
S-C00207,C00207,2025-08-01,P01,Annual,,Active
S-C00208,C00208,2026-04-01,P04,Monthly,,Active
S-C00209,C00209,2023-11-01,P01,Monthly,,Active
S-C00210,C00210,2025-08-01,P03,Monthly,,Active
S-C00211,C00211,2023-11-01,P04,Monthly,,Active
S-C00212,C00212,2025-06-01,P02,Monthly,,Active
S-C00213,C00213,2025-09-01,P01,Monthly,,Active
S-C00214,C00214,2024-07-01,P01,Monthly,,Active
S-C00215,C00215,2025-07-01,P02,Monthly,,Active
S-C00216,C00216,2023-12-01,P01,Annual,,Active
S-C00217,C00217,2023-04-01,P01,Monthly,,Active
S-C00218,C00218,2023-05-01,P01,Monthly,2025-01-01,Churned
S-C00219,C00219,2024-07-01,P03,Annual,2025-11-01,Churned
S-C00220,C00220,2026-01-01,P03,Monthly,,Active
S-C00221,C00221,2023-06-01,P02,Annual,2025-07-01,Churned
S-C00222,C00222,2024-07-01,P02,Annual,,Active
S-C00223,C00223,2025-05-01,P01,Monthly,,Active
S-C00224,C00224,2023-09-01,P04,Monthly,2024-05-01,Churned
S-C00225,C00225,2025-06-01,P02,Monthly,,Active
S-C00226,C00226,2024-01-01,P02,Annual,,Active
S-C00227,C00227,2025-10-01,P03,Monthly,,Active
S-C00228,C00228,2024-12-01,P03,Monthly,,Active
S-C00229,C00229,2024-11-01,P02,Monthly,,Active
S-C00230,C00230,2023-08-01,P02,Monthly,2024-05-01,Churned
S-C00231,C00231,2024-08-01,P02,Monthly,,Active
S-C00232,C00232,2025-12-01,P02,Monthly,,Active
S-C00233,C00233,2023-01-01,P01,Annual,2024-09-01,Churned
S-C00234,C00234,2025-08-01,P04,Monthly,,Active
S-C00235,C00235,2024-09-01,P04,Monthly,,Active
S-C00236,C00236,2025-06-01,P01,Annual,,Active
S-C00237,C00237,2025-04-01,P01,Monthly,,Active
S-C00238,C00238,2024-06-01,P01,Annual,,Active
S-C00239,C00239,2024-01-01,P02,Annual,,Active
S-C00240,C00240,2025-02-01,P03,Monthly,,Active
S-C00241,C00241,2023-06-01,P03,Annual,2024-09-01,Churned
S-C00242,C00242,2024-12-01,P01,Monthly,,Active
S-C00243,C00243,2023-04-01,P01,Monthly,2024-06-01,Churned
S-C00244,C00244,2025-03-01,P01,Monthly,,Active
S-C00245,C00245,2025-02-01,P03,Monthly,,Active
S-C00246,C00246,2023-04-01,P03,Monthly,,Active
S-C00247,C00247,2025-08-01,P01,Monthly,,Active
S-C00248,C00248,2024-06-01,P01,Monthly,,Active
S-C00249,C00249,2025-09-01,P04,Monthly,,Active
S-C00250,C00250,2023-02-01,P01,Monthly,,Active
S-C00251,C00251,2023-08-01,P01,Monthly,,Active
S-C00252,C00252,2024-09-01,P02,Monthly,,Active
S-C00253,C00253,2023-08-01,P03,Monthly,2025-09-01,Churned
S-C00254,C00254,2024-02-01,P02,Monthly,2024-07-01,Churned
S-C00255,C00255,2025-04-01,P04,Monthly,,Active
S-C00256,C00256,2023-06-01,P02,Monthly,2024-09-01,Churned
S-C00257,C00257,2025-04-01,P03,Monthly,,Active
S-C00258,C00258,2023-05-01,P03,Monthly,2025-05-01,Churned
S-C00259,C00259,2023-08-01,P03,Monthly,,Active
S-C00260,C00260,2025-01-01,P01,Monthly,2025-08-01,Churned
S-C00261,C00261,2025-09-01,P03,Monthly,2026-02-01,Churned
S-C00262,C00262,2023-08-01,P02,Annual,2026-05-01,Churned
S-C00263,C00263,2024-01-01,P02,Monthly,2024-07-01,Churned
S-C00264,C00264,2026-02-01,P01,Monthly,,Active
S-C00265,C00265,2026-05-01,P01,Monthly,,Active
S-C00266,C00266,2024-12-01,P02,Monthly,,Active
S-C00267,C00267,2024-07-01,P02,Annual,,Active
S-C00268,C00268,2024-03-01,P02,Annual,,Active
S-C00269,C00269,2025-02-01,P02,Monthly,,Active
S-C00270,C00270,2025-01-01,P01,Annual,2025-05-01,Churned
S-C00271,C00271,2024-01-01,P01,Monthly,,Active
S-C00272,C00272,2023-01-01,P01,Monthly,2023-12-01,Churned
S-C00273,C00273,2023-07-01,P04,Monthly,,Active
S-C00274,C00274,2026-04-01,P01,Monthly,,Active
S-C00275,C00275,2024-06-01,P02,Monthly,2025-07-01,Churned
S-C00276,C00276,2024-08-01,P02,Monthly,,Active
S-C00277,C00277,2024-08-01,P01,Monthly,,Active
S-C00278,C00278,2025-09-01,P01,Monthly,,Active
S-C00279,C00279,2023-03-01,P01,Monthly,2026-06-01,Churned
S-C00280,C00280,2023-04-01,P01,Monthly,,Active
S-C00281,C00281,2023-12-01,P03,Monthly,2024-11-01,Churned
S-C00282,C00282,2024-08-01,P03,Monthly,,Active
S-C00283,C00283,2025-04-01,P01,Annual,,Active
S-C00284,C00284,2024-09-01,P04,Monthly,,Active
S-C00285,C00285,2024-07-01,P01,Monthly,,Active
S-C00286,C00286,2026-03-01,P03,Annual,,Active
S-C00287,C00287,2023-07-01,P01,Monthly,,Active
S-C00288,C00288,2024-12-01,P03,Annual,,Active
S-C00289,C00289,2024-11-01,P04,Monthly,2025-04-01,Churned
S-C00290,C00290,2024-08-01,P02,Monthly,2025-07-01,Churned
S-C00291,C00291,2025-10-01,P02,Monthly,,Active
S-C00292,C00292,2023-11-01,P02,Monthly,,Active
S-C00293,C00293,2026-04-01,P02,Annual,,Active
S-C00294,C00294,2024-02-01,P01,Monthly,,Active
S-C00295,C00295,2024-11-01,P01,Annual,,Active
S-C00296,C00296,2024-10-01,P03,Annual,,Active
S-C00297,C00297,2025-11-01,P03,Monthly,,Active
S-C00298,C00298,2024-07-01,P03,Monthly,,Active
S-C00299,C00299,2023-12-01,P03,Monthly,2025-01-01,Churned
S-C00300,C00300,2023-01-01,P03,Monthly,2023-09-01,Churned
S-C00301,C00301,2024-03-01,P03,Monthly,2026-08-01,Churned
S-C00302,C00302,2025-10-01,P04,Monthly,,Active
S-C00303,C00303,2023-01-01,P02,Monthly,2023-08-01,Churned
S-C00304,C00304,2026-01-01,P04,Monthly,,Active
S-C00305,C00305,2024-11-01,P02,Monthly,2025-09-01,Churned
S-C00306,C00306,2023-06-01,P02,Monthly,2023-11-01,Churned
S-C00307,C00307,2024-01-01,P02,Monthly,,Active
S-C00308,C00308,2024-11-01,P01,Annual,,Active
S-C00309,C00309,2024-01-01,P04,Monthly,2025-09-01,Churned
S-C00310,C00310,2023-05-01,P01,Annual,2024-05-01,Churned
S-C00311,C00311,2025-04-01,P01,Monthly,,Active
S-C00312,C00312,2025-04-01,P03,Annual,2025-08-01,Churned
S-C00313,C00313,2023-05-01,P03,Annual,2025-08-01,Churned
S-C00314,C00314,2023-12-01,P01,Monthly,2025-06-01,Churned
S-C00315,C00315,2023-11-01,P02,Monthly,,Active
S-C00316,C00316,2025-04-01,P02,Monthly,,Active
S-C00317,C00317,2025-06-01,P01,Monthly,2026-08-01,Churned
S-C00318,C00318,2025-06-01,P02,Annual,,Active
S-C00319,C00319,2026-03-01,P02,Monthly,,Active
S-C00320,C00320,2025-08-01,P02,Annual,2026-05-01,Churned
S-C00321,C00321,2024-02-01,P02,Monthly,,Active
S-C00322,C00322,2023-05-01,P04,Monthly,,Active
S-C00323,C00323,2025-02-01,P02,Monthly,,Active
S-C00324,C00324,2026-02-01,P01,Monthly,,Active
S-C00325,C00325,2026-05-01,P01,Monthly,,Active
S-C00326,C00326,2023-10-01,P04,Monthly,2024-06-01,Churned
S-C00327,C00327,2023-10-01,P02,Monthly,,Active
S-C00328,C00328,2023-02-01,P02,Monthly,2024-02-01,Churned
S-C00329,C00329,2023-06-01,P03,Monthly,2024-04-01,Churned
S-C00330,C00330,2024-11-01,P02,Monthly,2025-02-01,Churned
S-C00331,C00331,2024-11-01,P01,Monthly,,Active
S-C00332,C00332,2024-04-01,P03,Monthly,,Active
S-C00333,C00333,2024-01-01,P03,Annual,,Active
S-C00334,C00334,2025-11-01,P02,Monthly,,Active
S-C00335,C00335,2024-07-01,P01,Monthly,,Active
S-C00336,C00336,2025-10-01,P03,Monthly,,Active
S-C00337,C00337,2026-04-01,P01,Annual,,Active
S-C00338,C00338,2024-01-01,P02,Monthly,,Active
S-C00339,C00339,2023-09-01,P02,Monthly,,Active
S-C00340,C00340,2026-04-01,P02,Annual,,Active
S-C00341,C00341,2025-03-01,P01,Monthly,2025-08-01,Churned
S-C00342,C00342,2023-12-01,P02,Monthly,,Active
S-C00343,C00343,2025-02-01,P02,Monthly,2025-11-01,Churned
S-C00344,C00344,2024-10-01,P03,Monthly,,Active
S-C00345,C00345,2026-02-01,P01,Monthly,,Active
S-C00346,C00346,2023-11-01,P03,Monthly,,Active
S-C00347,C00347,2026-05-01,P01,Monthly,,Active
S-C00348,C00348,2026-03-01,P04,Monthly,,Active
S-C00349,C00349,2023-08-01,P04,Monthly,2024-08-01,Churned
S-C00350,C00350,2023-07-01,P01,Annual,2025-02-01,Churned
S-C00351,C00351,2024-10-01,P02,Monthly,,Active
S-C00352,C00352,2023-02-01,P01,Monthly,,Active
S-C00353,C00353,2024-01-01,P01,Monthly,,Active
S-C00354,C00354,2024-06-01,P01,Monthly,,Active
S-C00355,C00355,2026-04-01,P01,Monthly,,Active
S-C00356,C00356,2026-05-01,P01,Annual,,Active
S-C00357,C00357,2023-07-01,P02,Annual,,Active
S-C00358,C00358,2026-01-01,P01,Monthly,2026-07-01,Churned
S-C00359,C00359,2023-04-01,P03,Annual,2023-07-01,Churned
S-C00360,C00360,2025-07-01,P01,Monthly,,Active
S-C00361,C00361,2025-11-01,P04,Monthly,,Active
S-C00362,C00362,2026-01-01,P01,Monthly,,Active
S-C00363,C00363,2023-10-01,P01,Annual,,Active
S-C00364,C00364,2026-01-01,P02,Monthly,,Active
S-C00365,C00365,2023-05-01,P02,Annual,,Active
S-C00366,C00366,2024-10-01,P02,Annual,,Active
S-C00367,C00367,2024-08-01,P01,Monthly,,Active
S-C00368,C00368,2024-01-01,P01,Monthly,2024-07-01,Churned
S-C00369,C00369,2023-01-01,P04,Monthly,,Active
S-C00370,C00370,2025-08-01,P02,Monthly,,Active
S-C00371,C00371,2024-02-01,P01,Monthly,,Active
S-C00372,C00372,2025-04-01,P01,Monthly,,Active
S-C00373,C00373,2024-05-01,P02,Monthly,,Active
S-C00374,C00374,2024-04-01,P01,Monthly,,Active
S-C00375,C00375,2026-01-01,P01,Monthly,2026-04-01,Churned
S-C00376,C00376,2023-04-01,P02,Monthly,,Active
S-C00377,C00377,2025-07-01,P01,Monthly,,Active
S-C00378,C00378,2025-07-01,P03,Annual,2026-06-01,Churned
S-C00379,C00379,2024-04-01,P03,Monthly,,Active
S-C00380,C00380,2023-11-01,P01,Monthly,,Active
S-C00381,C00381,2023-01-01,P01,Monthly,,Active
S-C00382,C00382,2026-03-01,P02,Monthly,,Active
S-C00383,C00383,2026-03-01,P01,Monthly,,Active
S-C00384,C00384,2023-10-01,P03,Annual,2025-05-01,Churned
S-C00385,C00385,2023-02-01,P01,Monthly,,Active
S-C00386,C00386,2023-06-01,P03,Monthly,,Active
S-C00387,C00387,2023-03-01,P03,Annual,2024-04-01,Churned
S-C00388,C00388,2025-11-01,P01,Monthly,,Active
S-C00389,C00389,2026-01-01,P01,Annual,2026-04-01,Churned
S-C00390,C00390,2023-07-01,P01,Annual,2026-08-01,Churned
S-C00391,C00391,2025-07-01,P02,Monthly,,Active
S-C00392,C00392,2023-08-01,P03,Annual,,Active
S-C00393,C00393,2024-04-01,P02,Monthly,,Active
S-C00394,C00394,2025-01-01,P02,Annual,,Active
S-C00395,C00395,2025-06-01,P01,Annual,,Active
S-C00396,C00396,2025-12-01,P03,Annual,2026-08-01,Churned
S-C00397,C00397,2023-02-01,P02,Monthly,,Active
S-C00398,C00398,2023-09-01,P01,Monthly,,Active
S-C00399,C00399,2023-12-01,P02,Monthly,,Active
S-C00400,C00400,2024-01-01,P01,Monthly,,Active
S-C00401,C00401,2026-05-01,P02,Monthly,,Active
S-C00402,C00402,2025-08-01,P02,Monthly,,Active
S-C00403,C00403,2024-02-01,P04,Monthly,,Active
S-C00404,C00404,2026-04-01,P03,Annual,,Active
S-C00405,C00405,2024-09-01,P03,Annual,,Active
S-C00406,C00406,2024-09-01,P01,Monthly,2024-12-01,Churned
S-C00407,C00407,2024-06-01,P01,Monthly,2025-07-01,Churned
S-C00408,C00408,2023-06-01,P02,Annual,2024-03-01,Churned
S-C00409,C00409,2026-03-01,P01,Annual,,Active
S-C00410,C00410,2023-01-01,P02,Monthly,2024-12-01,Churned
S-C00411,C00411,2023-08-01,P01,Monthly,,Active
S-C00412,C00412,2023-10-01,P01,Monthly,2026-08-01,Churned
S-C00413,C00413,2023-12-01,P01,Monthly,2025-07-01,Churned
S-C00414,C00414,2023-06-01,P03,Monthly,2026-03-01,Churned
S-C00415,C00415,2023-01-01,P02,Monthly,,Active
S-C00416,C00416,2025-04-01,P02,Monthly,,Active
S-C00417,C00417,2026-04-01,P02,Monthly,,Active
S-C00418,C00418,2023-06-01,P03,Monthly,,Active
S-C00419,C00419,2024-01-01,P01,Monthly,2025-02-01,Churned
S-C00420,C00420,2024-09-01,P01,Monthly,,Active
S-C00421,C00421,2026-03-01,P03,Monthly,,Active
S-C00422,C00422,2025-05-01,P02,Annual,2026-04-01,Churned
S-C00423,C00423,2025-08-01,P01,Annual,,Active
S-C00424,C00424,2024-12-01,P03,Monthly,2026-03-01,Churned
S-C00425,C00425,2024-06-01,P01,Monthly,,Active
S-C00426,C00426,2023-09-01,P01,Monthly,2025-02-01,Churned
S-C00427,C00427,2025-12-01,P02,Monthly,,Active
S-C00428,C00428,2025-09-01,P03,Monthly,,Active
S-C00429,C00429,2023-02-01,P01,Monthly,,Active
S-C00430,C00430,2025-06-01,P02,Monthly,,Active
S-C00431,C00431,2023-04-01,P01,Monthly,,Active
S-C00432,C00432,2025-07-01,P04,Monthly,,Active
S-C00433,C00433,2025-10-01,P03,Monthly,2026-03-01,Churned
S-C00434,C00434,2023-06-01,P02,Monthly,2025-08-01,Churned
S-C00435,C00435,2024-06-01,P02,Monthly,,Active
S-C00436,C00436,2023-06-01,P01,Monthly,,Active
S-C00437,C00437,2024-12-01,P02,Monthly,2025-11-01,Churned
S-C00438,C00438,2026-03-01,P03,Monthly,,Active
S-C00439,C00439,2023-04-01,P01,Monthly,2026-02-01,Churned
S-C00440,C00440,2024-05-01,P01,Monthly,,Active
S-C00441,C00441,2026-04-01,P01,Monthly,,Active
S-C00442,C00442,2024-01-01,P01,Annual,,Active
S-C00443,C00443,2023-06-01,P02,Monthly,,Active
S-C00444,C00444,2024-09-01,P01,Monthly,,Active
S-C00445,C00445,2024-09-01,P02,Monthly,,Active
S-C00446,C00446,2025-04-01,P03,Monthly,2025-12-01,Churned
S-C00447,C00447,2024-01-01,P02,Monthly,2024-11-01,Churned
S-C00448,C00448,2026-04-01,P02,Annual,,Active
S-C00449,C00449,2024-10-01,P01,Annual,,Active
S-C00450,C00450,2023-12-01,P01,Monthly,2026-05-01,Churned
S-C00451,C00451,2026-04-01,P02,Annual,,Active
S-C00452,C00452,2026-02-01,P02,Monthly,,Active
S-C00453,C00453,2024-09-01,P02,Annual,,Active
S-C00454,C00454,2023-02-01,P02,Monthly,,Active
S-C00455,C00455,2025-01-01,P03,Monthly,,Active
S-C00456,C00456,2024-11-01,P04,Monthly,2026-01-01,Churned
S-C00457,C00457,2023-07-01,P02,Monthly,,Active
S-C00458,C00458,2025-03-01,P01,Monthly,,Active
S-C00459,C00459,2025-11-01,P02,Monthly,,Active
S-C00460,C00460,2023-05-01,P04,Monthly,,Active
S-C00461,C00461,2025-06-01,P03,Annual,2026-05-01,Churned
S-C00462,C00462,2023-06-01,P01,Annual,,Active
S-C00463,C00463,2025-07-01,P02,Annual,,Active
S-C00464,C00464,2024-06-01,P04,Annual,,Active
S-C00465,C00465,2023-01-01,P01,Monthly,2025-10-01,Churned
S-C00466,C00466,2026-04-01,P03,Annual,,Active
S-C00467,C00467,2023-07-01,P01,Monthly,2025-02-01,Churned
S-C00468,C00468,2025-01-01,P02,Monthly,,Active
S-C00469,C00469,2023-08-01,P02,Monthly,,Active
S-C00470,C00470,2026-03-01,P03,Monthly,,Active
S-C00471,C00471,2025-07-01,P02,Monthly,,Active
S-C00472,C00472,2025-09-01,P01,Monthly,,Active
S-C00473,C00473,2024-06-01,P01,Monthly,,Active
S-C00474,C00474,2024-08-01,P02,Annual,2026-04-01,Churned
S-C00475,C00475,2025-03-01,P01,Monthly,2026-08-01,Churned
S-C00476,C00476,2025-09-01,P03,Annual,,Active
S-C00477,C00477,2025-11-01,P02,Annual,,Active
S-C00478,C00478,2023-01-01,P02,Monthly,2023-08-01,Churned
S-C00479,C00479,2025-04-01,P04,Annual,,Active
S-C00480,C00480,2023-05-01,P03,Monthly,2025-04-01,Churned
S-C00481,C00481,2023-12-01,P02,Annual,,Active
S-C00482,C00482,2025-11-01,P01,Monthly,,Active
S-C00483,C00483,2023-11-01,P02,Monthly,,Active
S-C00484,C00484,2025-09-01,P01,Monthly,,Active
S-C00485,C00485,2024-07-01,P03,Monthly,,Active
S-C00486,C00486,2023-10-01,P01,Monthly,2024-02-01,Churned
S-C00487,C00487,2024-02-01,P02,Monthly,,Active
S-C00488,C00488,2024-10-01,P01,Annual,,Active
S-C00489,C00489,2025-08-01,P02,Annual,,Active
S-C00490,C00490,2025-01-01,P02,Monthly,2026-07-01,Churned
S-C00491,C00491,2026-03-01,P01,Monthly,2026-08-01,Churned
S-C00492,C00492,2025-12-01,P02,Monthly,,Active
S-C00493,C00493,2025-07-01,P01,Monthly,,Active
S-C00494,C00494,2025-01-01,P03,Monthly,,Active
S-C00495,C00495,2023-12-01,P01,Monthly,,Active
S-C00496,C00496,2024-05-01,P01,Annual,2025-03-01,Churned
S-C00497,C00497,2023-05-01,P03,Monthly,2026-08-01,Churned
S-C00498,C00498,2024-04-01,P01,Monthly,2024-07-01,Churned
S-C00499,C00499,2026-03-01,P03,Annual,,Active
S-C00500,C00500,2024-06-01,P02,Monthly,,Active
S-C00501,C00501,2023-05-01,P03,Annual,,Active
S-C00502,C00502,2025-03-01,P01,Annual,,Active
S-C00503,C00503,2026-04-01,P02,Monthly,,Active
S-C00504,C00504,2025-12-01,P01,Annual,,Active
S-C00505,C00505,2023-12-01,P01,Monthly,,Active
S-C00506,C00506,2024-07-01,P03,Monthly,,Active
S-C00507,C00507,2024-10-01,P01,Monthly,,Active
S-C00508,C00508,2023-11-01,P02,Monthly,,Active
S-C00509,C00509,2023-12-01,P01,Monthly,2025-05-01,Churned
S-C00510,C00510,2023-10-01,P01,Monthly,2025-02-01,Churned
S-C00511,C00511,2026-05-01,P01,Monthly,,Active
S-C00512,C00512,2025-07-01,P01,Monthly,,Active
S-C00513,C00513,2025-11-01,P01,Monthly,,Active
S-C00514,C00514,2025-10-01,P02,Annual,,Active
S-C00515,C00515,2026-04-01,P01,Monthly,,Active
S-C00516,C00516,2023-05-01,P01,Monthly,,Active
S-C00517,C00517,2026-01-01,P02,Monthly,,Active
S-C00518,C00518,2023-03-01,P03,Monthly,2024-11-01,Churned
S-C00519,C00519,2024-08-01,P01,Annual,,Active
S-C00520,C00520,2025-01-01,P02,Monthly,,Active
S-C00521,C00521,2024-03-01,P04,Monthly,,Active
S-C00522,C00522,2023-07-01,P01,Annual,2024-10-01,Churned
S-C00523,C00523,2023-08-01,P01,Monthly,,Active
S-C00524,C00524,2025-10-01,P02,Monthly,2026-06-01,Churned
S-C00525,C00525,2024-02-01,P01,Monthly,,Active
S-C00526,C00526,2024-01-01,P03,Monthly,,Active
S-C00527,C00527,2026-02-01,P01,Monthly,,Active
S-C00528,C00528,2023-06-01,P01,Monthly,,Active
S-C00529,C00529,2026-02-01,P01,Monthly,,Active
S-C00530,C00530,2026-02-01,P03,Monthly,,Active
S-C00531,C00531,2025-01-01,P01,Monthly,,Active
S-C00532,C00532,2023-07-01,P03,Monthly,2024-07-01,Churned
S-C00533,C00533,2023-07-01,P02,Monthly,,Active
S-C00534,C00534,2023-12-01,P02,Monthly,2024-06-01,Churned
S-C00535,C00535,2024-12-01,P02,Annual,,Active
S-C00536,C00536,2023-07-01,P01,Annual,,Active
S-C00537,C00537,2024-07-01,P03,Annual,,Active
S-C00538,C00538,2023-05-01,P01,Monthly,,Active
S-C00539,C00539,2024-11-01,P01,Annual,,Active
S-C00540,C00540,2023-01-01,P02,Monthly,,Active
S-C00541,C00541,2025-06-01,P01,Monthly,,Active
S-C00542,C00542,2023-03-01,P02,Annual,,Active
S-C00543,C00543,2023-09-01,P01,Monthly,2025-09-01,Churned
S-C00544,C00544,2023-08-01,P02,Monthly,2024-12-01,Churned
S-C00545,C00545,2025-11-01,P03,Monthly,,Active
S-C00546,C00546,2023-03-01,P01,Monthly,2024-10-01,Churned
S-C00547,C00547,2024-06-01,P02,Monthly,2025-11-01,Churned
S-C00548,C00548,2025-01-01,P01,Monthly,,Active
S-C00549,C00549,2024-10-01,P01,Monthly,,Active
S-C00550,C00550,2025-04-01,P02,Monthly,,Active
S-C00551,C00551,2025-09-01,P01,Monthly,,Active
S-C00552,C00552,2024-05-01,P01,Monthly,,Active
S-C00553,C00553,2025-10-01,P01,Annual,,Active
S-C00554,C00554,2024-02-01,P01,Monthly,,Active
S-C00555,C00555,2026-05-01,P02,Monthly,,Active
S-C00556,C00556,2024-09-01,P02,Monthly,,Active
S-C00557,C00557,2025-07-01,P02,Monthly,,Active
S-C00558,C00558,2025-12-01,P01,Annual,,Active
S-C00559,C00559,2025-09-01,P01,Monthly,,Active
S-C00560,C00560,2025-11-01,P02,Monthly,,Active
S-C00561,C00561,2024-10-01,P01,Annual,,Active
S-C00562,C00562,2023-02-01,P02,Monthly,,Active
S-C00563,C00563,2024-09-01,P01,Monthly,2025-12-01,Churned
S-C00564,C00564,2023-08-01,P03,Monthly,,Active
S-C00565,C00565,2026-01-01,P01,Monthly,,Active
S-C00566,C00566,2023-10-01,P01,Monthly,2026-01-01,Churned
S-C00567,C00567,2023-10-01,P01,Annual,,Active
S-C00568,C00568,2023-11-01,P02,Annual,2025-03-01,Churned
S-C00569,C00569,2025-03-01,P03,Monthly,,Active
S-C00570,C00570,2024-12-01,P01,Monthly,2025-07-01,Churned
S-C00571,C00571,2026-03-01,P03,Monthly,,Active
S-C00572,C00572,2024-06-01,P01,Monthly,,Active
S-C00573,C00573,2023-12-01,P01,Annual,2025-02-01,Churned
S-C00574,C00574,2023-03-01,P03,Monthly,2024-12-01,Churned
S-C00575,C00575,2023-01-01,P02,Monthly,2024-11-01,Churned
S-C00576,C00576,2024-04-01,P01,Monthly,,Active
S-C00577,C00577,2026-03-01,P02,Monthly,,Active
S-C00578,C00578,2024-10-01,P02,Annual,2026-08-01,Churned
S-C00579,C00579,2026-01-01,P03,Monthly,,Active
S-C00580,C00580,2023-05-01,P02,Annual,,Active
S-C00581,C00581,2023-04-01,P03,Annual,,Active
S-C00582,C00582,2025-11-01,P04,Monthly,,Active
S-C00583,C00583,2023-05-01,P01,Annual,,Active
S-C00584,C00584,2023-03-01,P01,Monthly,2024-04-01,Churned
S-C00585,C00585,2024-05-01,P01,Annual,,Active
S-C00586,C00586,2026-02-01,P03,Monthly,,Active
S-C00587,C00587,2025-05-01,P02,Monthly,2026-05-01,Churned
S-C00588,C00588,2023-05-01,P04,Annual,2025-11-01,Churned
S-C00589,C00589,2025-11-01,P01,Monthly,,Active
S-C00590,C00590,2025-11-01,P02,Annual,,Active
S-C00591,C00591,2025-09-01,P02,Monthly,,Active
S-C00592,C00592,2026-01-01,P01,Annual,,Active
S-C00593,C00593,2023-10-01,P03,Monthly,2024-12-01,Churned
S-C00594,C00594,2026-05-01,P01,Annual,,Active
S-C00595,C00595,2024-02-01,P01,Annual,,Active
S-C00596,C00596,2025-09-01,P02,Monthly,,Active
S-C00597,C00597,2024-12-01,P02,Monthly,2025-11-01,Churned
S-C00598,C00598,2025-08-01,P02,Monthly,,Active
S-C00599,C00599,2025-02-01,P01,Monthly,,Active
S-C00600,C00600,2025-03-01,P02,Annual,,Active
S-C00601,C00601,2025-02-01,P02,Annual,,Active
S-C00602,C00602,2025-08-01,P02,Monthly,,Active
S-C00603,C00603,2025-07-01,P01,Annual,,Active
S-C00604,C00604,2023-06-01,P03,Monthly,,Active
S-C00605,C00605,2025-10-01,P02,Annual,,Active
S-C00606,C00606,2024-10-01,P02,Annual,2025-03-01,Churned
S-C00607,C00607,2024-02-01,P02,Monthly,,Active
S-C00608,C00608,2024-10-01,P02,Monthly,,Active
S-C00609,C00609,2026-04-01,P02,Monthly,,Active
S-C00610,C00610,2025-12-01,P02,Monthly,2026-04-01,Churned
S-C00611,C00611,2025-11-01,P01,Annual,,Active
S-C00612,C00612,2024-07-01,P04,Monthly,2026-06-01,Churned
S-C00613,C00613,2025-09-01,P01,Monthly,,Active
S-C00614,C00614,2024-04-01,P01,Annual,,Active
S-C00615,C00615,2025-05-01,P03,Monthly,2026-07-01,Churned
S-C00616,C00616,2025-03-01,P03,Monthly,2026-04-01,Churned
S-C00617,C00617,2023-11-01,P03,Annual,2024-02-01,Churned
S-C00618,C00618,2023-11-01,P03,Monthly,,Active
S-C00619,C00619,2023-03-01,P01,Monthly,2025-12-01,Churned
S-C00620,C00620,2023-06-01,P01,Monthly,,Active
S-C00621,C00621,2024-06-01,P03,Monthly,,Active
S-C00622,C00622,2024-08-01,P01,Monthly,,Active
S-C00623,C00623,2023-07-01,P03,Annual,,Active
S-C00624,C00624,2024-06-01,P03,Monthly,,Active
S-C00625,C00625,2025-01-01,P01,Monthly,,Active
S-C00626,C00626,2023-10-01,P02,Annual,2024-09-01,Churned
S-C00627,C00627,2024-02-01,P01,Monthly,,Active
S-C00628,C00628,2024-04-01,P01,Annual,2025-10-01,Churned
S-C00629,C00629,2024-09-01,P03,Annual,,Active
S-C00630,C00630,2024-04-01,P01,Monthly,,Active
S-C00631,C00631,2025-07-01,P01,Monthly,,Active
S-C00632,C00632,2024-02-01,P01,Monthly,,Active
S-C00633,C00633,2024-06-01,P03,Annual,2024-12-01,Churned
S-C00634,C00634,2024-04-01,P02,Monthly,2026-08-01,Churned
S-C00635,C00635,2023-08-01,P01,Annual,2023-12-01,Churned
S-C00636,C00636,2025-05-01,P01,Monthly,,Active
S-C00637,C00637,2023-10-01,P02,Monthly,2026-02-01,Churned
S-C00638,C00638,2024-01-01,P01,Monthly,,Active
S-C00639,C00639,2025-09-01,P02,Monthly,,Active
S-C00640,C00640,2026-03-01,P01,Annual,,Active
S-C00641,C00641,2025-04-01,P01,Monthly,,Active
S-C00642,C00642,2026-02-01,P04,Monthly,,Active
S-C00643,C00643,2025-12-01,P02,Monthly,,Active
S-C00644,C00644,2024-08-01,P01,Annual,,Active
S-C00645,C00645,2025-08-01,P02,Monthly,,Active
S-C00646,C00646,2024-02-01,P04,Monthly,2024-05-01,Churned
S-C00647,C00647,2024-07-01,P01,Monthly,,Active
S-C00648,C00648,2024-10-01,P03,Monthly,2026-08-01,Churned
S-C00649,C00649,2026-04-01,P01,Monthly,,Active
S-C00650,C00650,2025-11-01,P01,Monthly,,Active
S-C00651,C00651,2024-09-01,P01,Annual,2025-06-01,Churned
S-C00652,C00652,2025-03-01,P03,Monthly,,Active
S-C00653,C00653,2023-09-01,P03,Monthly,2025-09-01,Churned
S-C00654,C00654,2025-09-01,P01,Annual,,Active
S-C00655,C00655,2024-11-01,P02,Monthly,,Active
S-C00656,C00656,2024-10-01,P01,Annual,,Active
S-C00657,C00657,2025-08-01,P01,Monthly,,Active
S-C00658,C00658,2025-02-01,P03,Monthly,,Active
S-C00659,C00659,2023-04-01,P03,Monthly,,Active
S-C00660,C00660,2023-12-01,P02,Monthly,,Active
S-C00661,C00661,2023-08-01,P03,Monthly,2026-07-01,Churned
S-C00662,C00662,2025-07-01,P02,Monthly,,Active
S-C00663,C00663,2023-02-01,P03,Monthly,,Active
S-C00664,C00664,2023-09-01,P01,Monthly,2024-03-01,Churned
S-C00665,C00665,2025-01-01,P01,Monthly,,Active
S-C00666,C00666,2025-05-01,P01,Annual,2025-08-01,Churned
S-C00667,C00667,2024-09-01,P03,Annual,,Active
S-C00668,C00668,2025-12-01,P02,Annual,,Active
S-C00669,C00669,2026-02-01,P02,Monthly,,Active
S-C00670,C00670,2023-06-01,P01,Monthly,,Active
S-C00671,C00671,2026-04-01,P02,Monthly,,Active
S-C00672,C00672,2025-02-01,P01,Monthly,,Active
S-C00673,C00673,2025-03-01,P04,Monthly,,Active
S-C00674,C00674,2023-04-01,P03,Annual,,Active
S-C00675,C00675,2025-02-01,P03,Annual,,Active
S-C00676,C00676,2025-06-01,P01,Annual,,Active
S-C00677,C00677,2024-12-01,P01,Annual,,Active
S-C00678,C00678,2023-04-01,P01,Annual,,Active
S-C00679,C00679,2024-10-01,P03,Monthly,,Active
S-C00680,C00680,2026-03-01,P03,Monthly,,Active
S-C00681,C00681,2025-06-01,P02,Monthly,,Active
S-C00682,C00682,2023-06-01,P01,Annual,,Active
S-C00683,C00683,2026-04-01,P02,Monthly,,Active
S-C00684,C00684,2026-04-01,P01,Monthly,,Active
S-C00685,C00685,2023-07-01,P01,Monthly,2025-02-01,Churned
S-C00686,C00686,2025-09-01,P01,Monthly,,Active
S-C00687,C00687,2024-05-01,P01,Monthly,2025-07-01,Churned
S-C00688,C00688,2025-01-01,P03,Annual,,Active
S-C00689,C00689,2024-07-01,P01,Monthly,,Active
S-C00690,C00690,2025-09-01,P01,Monthly,,Active
S-C00691,C00691,2026-05-01,P01,Monthly,,Active
S-C00692,C00692,2025-09-01,P01,Annual,,Active
S-C00693,C00693,2026-03-01,P01,Monthly,2026-08-01,Churned
S-C00694,C00694,2026-03-01,P01,Monthly,,Active
S-C00695,C00695,2023-04-01,P02,Monthly,,Active
S-C00696,C00696,2023-11-01,P02,Monthly,,Active
S-C00697,C00697,2025-06-01,P01,Monthly,,Active
S-C00698,C00698,2025-01-01,P04,Monthly,,Active
S-C00699,C00699,2023-03-01,P02,Annual,,Active
S-C00700,C00700,2023-04-01,P02,Monthly,,Active
S-C00701,C00701,2024-10-01,P01,Annual,,Active
S-C00702,C00702,2025-02-01,P01,Monthly,,Active
S-C00703,C00703,2023-07-01,P03,Annual,,Active
S-C00704,C00704,2023-08-01,P02,Monthly,2024-09-01,Churned
S-C00705,C00705,2023-06-01,P04,Monthly,,Active
S-C00706,C00706,2024-12-01,P03,Annual,,Active
S-C00707,C00707,2023-01-01,P01,Annual,,Active
S-C00708,C00708,2024-12-01,P02,Monthly,,Active
S-C00709,C00709,2024-08-01,P02,Monthly,,Active
S-C00710,C00710,2024-08-01,P01,Monthly,2025-07-01,Churned
S-C00711,C00711,2025-04-01,P04,Monthly,,Active
S-C00712,C00712,2024-10-01,P03,Monthly,,Active
S-C00713,C00713,2025-06-01,P01,Monthly,,Active
S-C00714,C00714,2025-08-01,P02,Monthly,,Active
S-C00715,C00715,2026-02-01,P02,Annual,,Active
S-C00716,C00716,2025-09-01,P01,Annual,,Active
S-C00717,C00717,2024-10-01,P01,Monthly,,Active
S-C00718,C00718,2024-09-01,P02,Annual,,Active
S-C00719,C00719,2023-10-01,P03,Monthly,2024-01-01,Churned
S-C00720,C00720,2025-01-01,P02,Monthly,2026-01-01,Churned
S-C00721,C00721,2023-06-01,P01,Monthly,2023-09-01,Churned
S-C00722,C00722,2026-03-01,P02,Monthly,,Active
S-C00723,C00723,2025-11-01,P02,Monthly,,Active
S-C00724,C00724,2023-05-01,P02,Annual,,Active
S-C00725,C00725,2025-09-01,P01,Monthly,2026-04-01,Churned
S-C00726,C00726,2023-05-01,P01,Monthly,,Active
S-C00727,C00727,2025-06-01,P03,Monthly,,Active
S-C00728,C00728,2023-04-01,P02,Monthly,,Active
S-C00729,C00729,2024-09-01,P01,Monthly,,Active
S-C00730,C00730,2025-04-01,P04,Monthly,,Active
S-C00731,C00731,2025-06-01,P02,Monthly,,Active
S-C00732,C00732,2024-06-01,P04,Monthly,,Active
S-C00733,C00733,2026-02-01,P02,Annual,,Active
S-C00734,C00734,2025-08-01,P02,Monthly,,Active
S-C00735,C00735,2023-09-01,P04,Annual,,Active
S-C00736,C00736,2025-04-01,P01,Monthly,,Active
S-C00737,C00737,2025-06-01,P02,Annual,,Active
S-C00738,C00738,2024-02-01,P02,Monthly,,Active
S-C00739,C00739,2025-07-01,P01,Monthly,,Active
S-C00740,C00740,2026-01-01,P01,Monthly,,Active
S-C00741,C00741,2025-10-01,P04,Annual,,Active
S-C00742,C00742,2025-08-01,P02,Monthly,,Active
S-C00743,C00743,2025-03-01,P02,Monthly,,Active
S-C00744,C00744,2023-12-01,P01,Annual,,Active
S-C00745,C00745,2025-09-01,P03,Monthly,2025-12-01,Churned
S-C00746,C00746,2024-03-01,P02,Monthly,,Active
S-C00747,C00747,2024-10-01,P03,Monthly,2026-03-01,Churned
S-C00748,C00748,2024-01-01,P02,Annual,2024-04-01,Churned
S-C00749,C00749,2024-01-01,P03,Annual,,Active
S-C00750,C00750,2023-07-01,P02,Annual,,Active
S-C00751,C00751,2026-04-01,P04,Monthly,,Active
S-C00752,C00752,2023-07-01,P01,Monthly,2024-11-01,Churned
S-C00753,C00753,2023-04-01,P02,Monthly,2023-08-01,Churned
S-C00754,C00754,2026-03-01,P01,Monthly,,Active
S-C00755,C00755,2024-11-01,P02,Annual,2026-03-01,Churned
S-C00756,C00756,2024-06-01,P03,Monthly,2025-01-01,Churned
S-C00757,C00757,2025-07-01,P03,Monthly,,Active
S-C00758,C00758,2024-04-01,P01,Monthly,,Active
S-C00759,C00759,2023-06-01,P03,Monthly,2023-11-01,Churned
S-C00760,C00760,2025-06-01,P01,Monthly,,Active
S-C00761,C00761,2023-08-01,P03,Annual,,Active
S-C00762,C00762,2024-11-01,P01,Monthly,,Active
S-C00763,C00763,2026-03-01,P03,Annual,,Active
S-C00764,C00764,2026-03-01,P03,Annual,,Active
S-C00765,C00765,2024-03-01,P04,Monthly,,Active
S-C00766,C00766,2025-08-01,P01,Monthly,,Active
S-C00767,C00767,2025-02-01,P01,Annual,,Active
S-C00768,C00768,2024-08-01,P04,Monthly,2025-11-01,Churned
S-C00769,C00769,2023-06-01,P01,Monthly,,Active
S-C00770,C00770,2024-04-01,P03,Annual,2024-10-01,Churned
S-C00771,C00771,2025-03-01,P01,Annual,2025-08-01,Churned
S-C00772,C00772,2026-05-01,P03,Annual,,Active
S-C00773,C00773,2023-01-01,P04,Monthly,2024-12-01,Churned
S-C00774,C00774,2025-06-01,P01,Monthly,,Active
S-C00775,C00775,2025-11-01,P01,Monthly,,Active
S-C00776,C00776,2026-04-01,P03,Monthly,,Active
S-C00777,C00777,2024-06-01,P01,Monthly,,Active
S-C00778,C00778,2023-05-01,P01,Monthly,,Active
S-C00779,C00779,2023-12-01,P01,Annual,2026-01-01,Churned
S-C00780,C00780,2025-11-01,P01,Monthly,2026-02-01,Churned
S-C00781,C00781,2025-12-01,P03,Monthly,,Active
S-C00782,C00782,2025-03-01,P01,Annual,,Active
S-C00783,C00783,2023-06-01,P02,Monthly,,Active
S-C00784,C00784,2023-06-01,P02,Monthly,,Active
S-C00785,C00785,2024-08-01,P02,Monthly,,Active
S-C00786,C00786,2025-01-01,P01,Monthly,,Active
S-C00787,C00787,2023-02-01,P04,Annual,2025-10-01,Churned
S-C00788,C00788,2025-05-01,P01,Monthly,,Active
S-C00789,C00789,2024-11-01,P02,Monthly,,Active
S-C00790,C00790,2023-01-01,P02,Monthly,2025-06-01,Churned
S-C00791,C00791,2023-04-01,P03,Monthly,2023-10-01,Churned
S-C00792,C00792,2024-07-01,P02,Monthly,2024-11-01,Churned
S-C00793,C00793,2025-06-01,P04,Monthly,,Active
S-C00794,C00794,2025-10-01,P04,Annual,,Active
S-C00795,C00795,2024-06-01,P03,Monthly,2025-03-01,Churned
S-C00796,C00796,2024-01-01,P01,Monthly,2025-03-01,Churned
S-C00797,C00797,2026-04-01,P04,Annual,,Active
S-C00798,C00798,2024-07-01,P02,Monthly,,Active
S-C00799,C00799,2024-01-01,P02,Monthly,2026-07-01,Churned
S-C00800,C00800,2024-07-01,P01,Annual,2025-01-01,Churned
S-C00801,C00801,2023-01-01,P01,Monthly,,Active
S-C00802,C00802,2024-01-01,P03,Monthly,,Active
S-C00803,C00803,2024-10-01,P04,Annual,,Active
S-C00804,C00804,2026-02-01,P03,Monthly,,Active
S-C00805,C00805,2025-07-01,P01,Monthly,2026-06-01,Churned
S-C00806,C00806,2025-09-01,P01,Monthly,,Active
S-C00807,C00807,2024-11-01,P04,Monthly,,Active
S-C00808,C00808,2023-05-01,P02,Monthly,,Active
S-C00809,C00809,2024-05-01,P01,Annual,,Active
S-C00810,C00810,2026-05-01,P01,Monthly,,Active
S-C00811,C00811,2023-02-01,P03,Monthly,,Active
S-C00812,C00812,2026-01-01,P02,Monthly,,Active
S-C00813,C00813,2025-05-01,P01,Monthly,,Active
S-C00814,C00814,2023-12-01,P01,Monthly,,Active
S-C00815,C00815,2025-08-01,P02,Annual,,Active
S-C00816,C00816,2025-11-01,P02,Monthly,,Active
S-C00817,C00817,2023-02-01,P01,Monthly,2026-01-01,Churned
S-C00818,C00818,2023-05-01,P02,Monthly,2023-10-01,Churned
S-C00819,C00819,2025-04-01,P01,Annual,,Active
S-C00820,C00820,2026-05-01,P01,Annual,,Active
S-C00821,C00821,2023-01-01,P02,Monthly,2024-09-01,Churned
S-C00822,C00822,2025-04-01,P02,Monthly,,Active
S-C00823,C00823,2023-06-01,P03,Monthly,2024-03-01,Churned
S-C00824,C00824,2025-03-01,P01,Monthly,,Active
S-C00825,C00825,2025-02-01,P01,Monthly,,Active
S-C00826,C00826,2023-04-01,P01,Monthly,2024-02-01,Churned
S-C00827,C00827,2025-04-01,P02,Annual,,Active
S-C00828,C00828,2026-01-01,P02,Annual,2026-04-01,Churned
S-C00829,C00829,2025-12-01,P01,Monthly,,Active
S-C00830,C00830,2023-02-01,P03,Annual,2025-03-01,Churned
S-C00831,C00831,2023-11-01,P01,Monthly,,Active
S-C00832,C00832,2023-10-01,P01,Monthly,2024-10-01,Churned
S-C00833,C00833,2024-07-01,P01,Annual,,Active
S-C00834,C00834,2023-06-01,P04,Monthly,2025-06-01,Churned
S-C00835,C00835,2025-12-01,P01,Annual,,Active
S-C00836,C00836,2025-08-01,P01,Monthly,,Active
S-C00837,C00837,2025-10-01,P02,Monthly,,Active
S-C00838,C00838,2023-09-01,P01,Monthly,,Active
S-C00839,C00839,2023-01-01,P02,Monthly,,Active
S-C00840,C00840,2026-02-01,P03,Annual,,Active
S-C00841,C00841,2023-12-01,P02,Monthly,2025-09-01,Churned
S-C00842,C00842,2025-03-01,P01,Annual,,Active
S-C00843,C00843,2026-02-01,P01,Monthly,,Active
S-C00844,C00844,2023-02-01,P01,Monthly,,Active
S-C00845,C00845,2023-01-01,P01,Annual,,Active
S-C00846,C00846,2023-01-01,P02,Monthly,2024-02-01,Churned
S-C00847,C00847,2023-07-01,P01,Monthly,2025-06-01,Churned
S-C00848,C00848,2023-03-01,P02,Monthly,2026-08-01,Churned
S-C00849,C00849,2025-10-01,P01,Annual,,Active
S-C00850,C00850,2025-01-01,P02,Monthly,,Active
S-C00851,C00851,2026-05-01,P01,Monthly,,Active
S-C00852,C00852,2025-09-01,P01,Monthly,,Active
S-C00853,C00853,2026-04-01,P04,Monthly,,Active
S-C00854,C00854,2023-10-01,P01,Annual,,Active
S-C00855,C00855,2023-12-01,P03,Annual,2026-07-01,Churned
S-C00856,C00856,2025-11-01,P02,Monthly,2026-06-01,Churned
S-C00857,C00857,2023-11-01,P01,Annual,,Active
S-C00858,C00858,2023-03-01,P01,Annual,,Active
S-C00859,C00859,2025-04-01,P02,Monthly,,Active
S-C00860,C00860,2025-09-01,P02,Annual,,Active
S-C00861,C00861,2026-04-01,P02,Annual,,Active
S-C00862,C00862,2026-03-01,P01,Monthly,,Active
S-C00863,C00863,2023-05-01,P01,Monthly,2026-05-01,Churned
S-C00864,C00864,2025-08-01,P01,Monthly,,Active
S-C00865,C00865,2025-11-01,P01,Annual,2026-04-01,Churned
S-C00866,C00866,2025-05-01,P01,Monthly,,Active
S-C00867,C00867,2025-10-01,P01,Monthly,,Active
S-C00868,C00868,2025-11-01,P01,Monthly,,Active
S-C00869,C00869,2024-07-01,P01,Annual,,Active
S-C00870,C00870,2023-02-01,P01,Monthly,2023-07-01,Churned
S-C00871,C00871,2024-07-01,P02,Annual,2025-11-01,Churned
S-C00872,C00872,2023-09-01,P01,Annual,,Active
S-C00873,C00873,2023-05-01,P01,Monthly,2025-06-01,Churned
S-C00874,C00874,2023-06-01,P02,Monthly,,Active
S-C00875,C00875,2025-05-01,P02,Monthly,,Active
S-C00876,C00876,2024-09-01,P02,Annual,2024-12-01,Churned
S-C00877,C00877,2024-11-01,P02,Monthly,,Active
S-C00878,C00878,2025-07-01,P04,Monthly,2025-12-01,Churned
S-C00879,C00879,2024-11-01,P01,Monthly,2026-05-01,Churned
S-C00880,C00880,2025-02-01,P01,Monthly,,Active
S-C00881,C00881,2023-04-01,P02,Monthly,2026-02-01,Churned
S-C00882,C00882,2025-11-01,P02,Annual,,Active
S-C00883,C00883,2024-07-01,P01,Monthly,2026-03-01,Churned
S-C00884,C00884,2023-07-01,P02,Monthly,,Active
S-C00885,C00885,2025-10-01,P02,Monthly,,Active
S-C00886,C00886,2025-07-01,P01,Annual,,Active
S-C00887,C00887,2023-03-01,P02,Monthly,,Active
S-C00888,C00888,2023-08-01,P01,Monthly,,Active
S-C00889,C00889,2023-01-01,P01,Monthly,,Active
S-C00890,C00890,2023-12-01,P02,Monthly,,Active
S-C00891,C00891,2023-05-01,P01,Annual,,Active
S-C00892,C00892,2025-06-01,P03,Annual,,Active
S-C00893,C00893,2024-10-01,P02,Monthly,,Active
S-C00894,C00894,2026-05-01,P03,Monthly,,Active
S-C00895,C00895,2025-07-01,P01,Monthly,,Active
S-C00896,C00896,2025-02-01,P02,Monthly,,Active
S-C00897,C00897,2024-09-01,P03,Monthly,2026-08-01,Churned
S-C00898,C00898,2023-03-01,P01,Monthly,2026-02-01,Churned
S-C00899,C00899,2023-03-01,P01,Monthly,2024-05-01,Churned
S-C00900,C00900,2025-02-01,P02,Monthly,2026-03-01,Churned
S-C00901,C00901,2023-01-01,P01,Monthly,,Active
S-C00902,C00902,2023-02-01,P01,Monthly,,Active
S-C00903,C00903,2023-10-01,P03,Annual,,Active
S-C00904,C00904,2026-01-01,P01,Annual,,Active
S-C00905,C00905,2024-07-01,P02,Monthly,,Active
S-C00906,C00906,2025-06-01,P01,Monthly,,Active
S-C00907,C00907,2024-05-01,P01,Annual,2024-11-01,Churned
S-C00908,C00908,2023-08-01,P02,Monthly,,Active
S-C00909,C00909,2024-04-01,P02,Annual,,Active
S-C00910,C00910,2023-04-01,P02,Monthly,,Active
S-C00911,C00911,2025-08-01,P01,Monthly,,Active
S-C00912,C00912,2023-08-01,P03,Monthly,,Active
S-C00913,C00913,2024-04-01,P03,Annual,2026-06-01,Churned
S-C00914,C00914,2026-05-01,P03,Annual,,Active
S-C00915,C00915,2025-01-01,P02,Monthly,,Active
S-C00916,C00916,2024-07-01,P01,Annual,2026-02-01,Churned
S-C00917,C00917,2024-11-01,P03,Annual,,Active
S-C00918,C00918,2025-09-01,P02,Annual,,Active
S-C00919,C00919,2023-11-01,P03,Monthly,2026-04-01,Churned
S-C00920,C00920,2025-03-01,P03,Monthly,2025-07-01,Churned
S-C00921,C00921,2025-12-01,P01,Annual,,Active
S-C00922,C00922,2024-12-01,P01,Monthly,,Active
S-C00923,C00923,2024-07-01,P02,Monthly,,Active
S-C00924,C00924,2023-07-01,P01,Monthly,,Active
S-C00925,C00925,2023-11-01,P01,Monthly,2024-05-01,Churned
S-C00926,C00926,2026-03-01,P01,Annual,,Active
S-C00927,C00927,2024-11-01,P02,Annual,,Active
S-C00928,C00928,2024-01-01,P04,Monthly,,Active
S-C00929,C00929,2024-06-01,P04,Monthly,2024-12-01,Churned
S-C00930,C00930,2024-12-01,P02,Annual,,Active
S-C00931,C00931,2024-11-01,P03,Monthly,,Active
S-C00932,C00932,2025-05-01,P03,Monthly,,Active
S-C00933,C00933,2023-11-01,P02,Monthly,2024-09-01,Churned
S-C00934,C00934,2025-03-01,P01,Monthly,2026-06-01,Churned
S-C00935,C00935,2024-07-01,P02,Monthly,,Active
S-C00936,C00936,2026-03-01,P01,Monthly,,Active
S-C00937,C00937,2023-07-01,P02,Monthly,,Active
S-C00938,C00938,2023-07-01,P04,Monthly,,Active
S-C00939,C00939,2024-07-01,P02,Annual,2026-03-01,Churned
S-C00940,C00940,2024-09-01,P02,Annual,,Active
S-C00941,C00941,2025-05-01,P02,Monthly,,Active
S-C00942,C00942,2024-05-01,P02,Monthly,,Active
S-C00943,C00943,2026-02-01,P03,Annual,,Active
S-C00944,C00944,2024-08-01,P01,Monthly,,Active
S-C00945,C00945,2023-06-01,P01,Monthly,,Active
S-C00946,C00946,2023-05-01,P04,Annual,2025-03-01,Churned
S-C00947,C00947,2026-04-01,P03,Monthly,,Active
S-C00948,C00948,2023-06-01,P01,Annual,,Active
S-C00949,C00949,2026-03-01,P01,Monthly,,Active
S-C00950,C00950,2023-12-01,P01,Monthly,2025-11-01,Churned
S-C00951,C00951,2023-04-01,P02,Monthly,,Active
S-C00952,C00952,2024-01-01,P02,Monthly,,Active
S-C00953,C00953,2025-02-01,P03,Monthly,2025-06-01,Churned
S-C00954,C00954,2024-06-01,P02,Monthly,,Active
S-C00955,C00955,2025-09-01,P02,Annual,,Active
S-C00956,C00956,2025-02-01,P02,Monthly,,Active
S-C00957,C00957,2024-05-01,P01,Monthly,,Active
S-C00958,C00958,2025-03-01,P01,Monthly,,Active
S-C00959,C00959,2026-04-01,P02,Monthly,,Active
S-C00960,C00960,2024-05-01,P02,Monthly,,Active
S-C00961,C00961,2023-07-01,P02,Monthly,2024-04-01,Churned
S-C00962,C00962,2024-05-01,P02,Monthly,2025-04-01,Churned
S-C00963,C00963,2025-11-01,P02,Monthly,,Active
S-C00964,C00964,2023-09-01,P01,Monthly,,Active
S-C00965,C00965,2026-03-01,P02,Monthly,,Active
S-C00966,C00966,2025-01-01,P01,Annual,,Active
S-C00967,C00967,2025-01-01,P03,Annual,,Active
S-C00968,C00968,2024-01-01,P02,Monthly,,Active
S-C00969,C00969,2026-02-01,P01,Monthly,,Active
S-C00970,C00970,2023-02-01,P02,Monthly,2024-04-01,Churned
S-C00971,C00971,2024-01-01,P01,Monthly,2026-07-01,Churned
S-C00972,C00972,2024-06-01,P02,Monthly,,Active
S-C00973,C00973,2024-08-01,P02,Monthly,,Active
S-C00974,C00974,2024-08-01,P03,Annual,,Active
S-C00975,C00975,2023-07-01,P01,Monthly,,Active
S-C00976,C00976,2023-10-01,P03,Monthly,2025-09-01,Churned
S-C00977,C00977,2023-04-01,P04,Monthly,,Active
S-C00978,C00978,2024-12-01,P02,Annual,,Active
S-C00979,C00979,2024-03-01,P01,Monthly,2024-08-01,Churned
S-C00980,C00980,2024-12-01,P02,Monthly,,Active
S-C00981,C00981,2025-01-01,P01,Monthly,,Active
S-C00982,C00982,2025-05-01,P02,Annual,,Active
S-C00983,C00983,2024-11-01,P02,Monthly,,Active
S-C00984,C00984,2025-03-01,P02,Annual,,Active
S-C00985,C00985,2025-01-01,P02,Monthly,2025-04-01,Churned
S-C00986,C00986,2025-03-01,P02,Monthly,2025-09-01,Churned
S-C00987,C00987,2025-02-01,P04,Monthly,,Active
S-C00988,C00988,2024-01-01,P03,Monthly,2024-04-01,Churned
S-C00989,C00989,2023-11-01,P02,Annual,,Active
S-C00990,C00990,2025-09-01,P03,Monthly,,Active
S-C00991,C00991,2024-03-01,P01,Annual,2025-06-01,Churned
S-C00992,C00992,2024-11-01,P03,Monthly,,Active
S-C00993,C00993,2023-09-01,P01,Monthly,,Active
S-C00994,C00994,2024-06-01,P01,Monthly,,Active
S-C00995,C00995,2024-10-01,P02,Annual,2026-06-01,Churned
S-C00996,C00996,2025-02-01,P01,Monthly,,Active
S-C00997,C00997,2024-10-01,P01,Annual,,Active
S-C00998,C00998,2024-03-01,P04,Annual,2024-12-01,Churned
S-C00999,C00999,2026-04-01,P02,Monthly,,Active
S-C01000,C01000,2024-10-01,P01,Monthly,,Active
S-C01001,C01001,2025-10-01,P02,Monthly,,Active
S-C01002,C01002,2025-07-01,P01,Monthly,,Active
S-C01003,C01003,2024-11-01,P02,Monthly,,Active
S-C01004,C01004,2026-01-01,P01,Monthly,,Active
S-C01005,C01005,2023-06-01,P03,Monthly,,Active
S-C01006,C01006,2026-02-01,P01,Annual,,Active
S-C01007,C01007,2025-11-01,P02,Annual,,Active
S-C01008,C01008,2024-09-01,P01,Monthly,2025-01-01,Churned
S-C01009,C01009,2025-07-01,P02,Annual,,Active
S-C01010,C01010,2024-10-01,P01,Monthly,2025-05-01,Churned
S-C01011,C01011,2023-12-01,P02,Monthly,,Active
S-C01012,C01012,2025-09-01,P03,Monthly,,Active
S-C01013,C01013,2023-11-01,P01,Annual,,Active
S-C01014,C01014,2024-01-01,P03,Annual,,Active
S-C01015,C01015,2024-10-01,P02,Monthly,,Active
S-C01016,C01016,2025-11-01,P02,Monthly,,Active
S-C01017,C01017,2024-04-01,P01,Monthly,,Active
S-C01018,C01018,2024-09-01,P03,Annual,2026-06-01,Churned
S-C01019,C01019,2023-02-01,P02,Monthly,2023-06-01,Churned
S-C01020,C01020,2023-05-01,P01,Monthly,2023-09-01,Churned
S-C01021,C01021,2023-03-01,P02,Monthly,2023-11-01,Churned
S-C01022,C01022,2023-03-01,P01,Annual,2024-10-01,Churned
S-C01023,C01023,2025-12-01,P03,Monthly,,Active
S-C01024,C01024,2025-11-01,P03,Annual,,Active
S-C01025,C01025,2025-10-01,P03,Monthly,,Active
S-C01026,C01026,2023-03-01,P03,Monthly,2025-10-01,Churned
S-C01027,C01027,2023-04-01,P01,Annual,,Active
S-C01028,C01028,2023-12-01,P01,Monthly,,Active
S-C01029,C01029,2024-12-01,P01,Monthly,,Active
S-C01030,C01030,2024-02-01,P01,Annual,,Active
S-C01031,C01031,2024-08-01,P04,Monthly,,Active
S-C01032,C01032,2023-08-01,P03,Monthly,,Active
S-C01033,C01033,2025-07-01,P03,Monthly,,Active
S-C01034,C01034,2024-01-01,P02,Monthly,2024-04-01,Churned
S-C01035,C01035,2023-03-01,P01,Monthly,2025-07-01,Churned
S-C01036,C01036,2025-07-01,P02,Annual,,Active
S-C01037,C01037,2026-01-01,P01,Monthly,,Active
S-C01038,C01038,2023-01-01,P02,Monthly,2023-05-01,Churned
S-C01039,C01039,2024-06-01,P02,Monthly,2025-11-01,Churned
S-C01040,C01040,2025-10-01,P01,Annual,,Active
S-C01041,C01041,2025-05-01,P04,Annual,,Active
S-C01042,C01042,2025-12-01,P03,Monthly,,Active
S-C01043,C01043,2024-06-01,P03,Annual,,Active
S-C01044,C01044,2024-04-01,P03,Monthly,,Active
S-C01045,C01045,2025-06-01,P01,Monthly,2026-04-01,Churned
S-C01046,C01046,2023-07-01,P03,Annual,,Active
S-C01047,C01047,2023-10-01,P01,Monthly,2025-05-01,Churned
S-C01048,C01048,2025-01-01,P02,Monthly,,Active
S-C01049,C01049,2025-04-01,P02,Monthly,,Active
S-C01050,C01050,2023-05-01,P03,Monthly,,Active
S-C01051,C01051,2024-09-01,P03,Monthly,2026-08-01,Churned
S-C01052,C01052,2024-03-01,P03,Monthly,2025-09-01,Churned
S-C01053,C01053,2024-09-01,P01,Monthly,,Active
S-C01054,C01054,2026-04-01,P02,Annual,2026-08-01,Churned
S-C01055,C01055,2023-04-01,P03,Annual,2024-04-01,Churned
S-C01056,C01056,2026-05-01,P02,Annual,,Active
S-C01057,C01057,2024-07-01,P01,Monthly,,Active
S-C01058,C01058,2025-08-01,P02,Monthly,,Active
S-C01059,C01059,2024-06-01,P03,Annual,,Active
S-C01060,C01060,2024-01-01,P02,Monthly,2024-06-01,Churned
S-C01061,C01061,2025-08-01,P02,Monthly,,Active
S-C01062,C01062,2025-05-01,P01,Monthly,,Active
S-C01063,C01063,2023-06-01,P02,Monthly,,Active
S-C01064,C01064,2025-05-01,P04,Annual,2026-01-01,Churned
S-C01065,C01065,2025-07-01,P03,Monthly,,Active
S-C01066,C01066,2024-04-01,P02,Monthly,,Active
S-C01067,C01067,2026-03-01,P03,Monthly,,Active
S-C01068,C01068,2025-03-01,P01,Monthly,2026-05-01,Churned
S-C01069,C01069,2024-02-01,P01,Annual,2025-03-01,Churned
S-C01070,C01070,2023-01-01,P02,Monthly,2024-11-01,Churned
S-C01071,C01071,2025-04-01,P02,Monthly,2026-03-01,Churned
S-C01072,C01072,2023-09-01,P01,Monthly,,Active
S-C01073,C01073,2025-08-01,P04,Monthly,,Active
S-C01074,C01074,2024-10-01,P01,Annual,,Active
S-C01075,C01075,2024-08-01,P03,Annual,,Active
S-C01076,C01076,2023-07-01,P01,Monthly,2024-07-01,Churned
S-C01077,C01077,2025-06-01,P01,Annual,,Active
S-C01078,C01078,2023-07-01,P02,Annual,,Active
S-C01079,C01079,2024-06-01,P02,Monthly,2025-04-01,Churned
S-C01080,C01080,2025-11-01,P03,Monthly,,Active
S-C01081,C01081,2026-02-01,P03,Monthly,,Active
S-C01082,C01082,2026-05-01,P03,Monthly,2026-08-01,Churned
S-C01083,C01083,2026-04-01,P02,Monthly,,Active
S-C01084,C01084,2024-11-01,P01,Monthly,,Active
S-C01085,C01085,2023-09-01,P01,Annual,2025-11-01,Churned
S-C01086,C01086,2025-11-01,P01,Annual,2026-06-01,Churned
S-C01087,C01087,2025-09-01,P02,Annual,,Active
S-C01088,C01088,2026-05-01,P02,Monthly,,Active
S-C01089,C01089,2025-03-01,P02,Monthly,,Active
S-C01090,C01090,2023-06-01,P04,Monthly,,Active
S-C01091,C01091,2024-09-01,P02,Annual,,Active
S-C01092,C01092,2024-07-01,P02,Annual,,Active
S-C01093,C01093,2025-11-01,P03,Monthly,,Active
S-C01094,C01094,2024-05-01,P01,Annual,,Active
S-C01095,C01095,2024-02-01,P02,Annual,2024-09-01,Churned
S-C01096,C01096,2023-04-01,P01,Monthly,,Active
S-C01097,C01097,2025-11-01,P04,Monthly,,Active
S-C01098,C01098,2025-07-01,P02,Annual,,Active
S-C01099,C01099,2023-02-01,P01,Monthly,,Active
S-C01100,C01100,2024-06-01,P02,Monthly,2024-09-01,Churned
S-C01101,C01101,2024-08-01,P01,Annual,2024-11-01,Churned
S-C01102,C01102,2024-08-01,P02,Monthly,,Active
S-C01103,C01103,2026-02-01,P04,Monthly,,Active
S-C01104,C01104,2023-07-01,P01,Monthly,2026-01-01,Churned
S-C01105,C01105,2024-01-01,P02,Monthly,,Active
S-C01106,C01106,2023-08-01,P01,Monthly,,Active
S-C01107,C01107,2023-11-01,P02,Monthly,2026-05-01,Churned
S-C01108,C01108,2026-02-01,P02,Annual,,Active
S-C01109,C01109,2026-03-01,P01,Monthly,,Active
S-C01110,C01110,2023-02-01,P02,Monthly,,Active
S-C01111,C01111,2025-02-01,P01,Monthly,2026-08-01,Churned
S-C01112,C01112,2023-10-01,P01,Monthly,2025-07-01,Churned
S-C01113,C01113,2023-08-01,P02,Monthly,2024-02-01,Churned
S-C01114,C01114,2023-12-01,P03,Monthly,,Active
S-C01115,C01115,2023-08-01,P01,Monthly,2025-09-01,Churned
S-C01116,C01116,2024-09-01,P02,Monthly,,Active
S-C01117,C01117,2026-05-01,P02,Monthly,,Active
S-C01118,C01118,2025-01-01,P03,Monthly,2026-03-01,Churned
S-C01119,C01119,2025-06-01,P03,Annual,,Active
S-C01120,C01120,2024-09-01,P02,Monthly,,Active
S-C01121,C01121,2023-01-01,P04,Monthly,2025-05-01,Churned
S-C01122,C01122,2023-04-01,P04,Monthly,,Active
S-C01123,C01123,2023-12-01,P01,Annual,,Active
S-C01124,C01124,2023-11-01,P04,Monthly,2024-10-01,Churned
S-C01125,C01125,2025-11-01,P02,Annual,,Active
S-C01126,C01126,2025-11-01,P01,Monthly,,Active
S-C01127,C01127,2025-12-01,P01,Monthly,,Active
S-C01128,C01128,2025-03-01,P02,Annual,,Active
S-C01129,C01129,2024-11-01,P01,Monthly,,Active
S-C01130,C01130,2025-03-01,P01,Annual,2026-01-01,Churned
S-C01131,C01131,2024-05-01,P03,Annual,,Active
S-C01132,C01132,2025-04-01,P02,Monthly,2026-03-01,Churned
S-C01133,C01133,2025-09-01,P01,Monthly,,Active
S-C01134,C01134,2025-08-01,P01,Annual,,Active
S-C01135,C01135,2025-02-01,P01,Annual,2026-02-01,Churned
S-C01136,C01136,2023-03-01,P03,Monthly,2026-05-01,Churned
S-C01137,C01137,2025-06-01,P04,Annual,,Active
S-C01138,C01138,2024-04-01,P02,Annual,,Active
S-C01139,C01139,2025-07-01,P04,Monthly,,Active
S-C01140,C01140,2024-11-01,P04,Annual,,Active
S-C01141,C01141,2026-01-01,P01,Annual,,Active
S-C01142,C01142,2024-02-01,P01,Monthly,2025-12-01,Churned
S-C01143,C01143,2026-03-01,P04,Monthly,,Active
S-C01144,C01144,2025-11-01,P01,Monthly,,Active
S-C01145,C01145,2024-02-01,P01,Annual,,Active
S-C01146,C01146,2024-08-01,P01,Monthly,2025-04-01,Churned
S-C01147,C01147,2024-10-01,P02,Annual,,Active
S-C01148,C01148,2025-08-01,P01,Monthly,,Active
S-C01149,C01149,2025-05-01,P02,Monthly,,Active
S-C01150,C01150,2025-11-01,P02,Annual,,Active
S-C01151,C01151,2024-04-01,P03,Monthly,2026-02-01,Churned
S-C01152,C01152,2024-09-01,P01,Monthly,,Active
S-C01153,C01153,2024-06-01,P01,Monthly,,Active
S-C01154,C01154,2026-02-01,P01,Monthly,,Active
S-C01155,C01155,2024-01-01,P02,Annual,,Active
S-C01156,C01156,2025-01-01,P04,Annual,,Active
S-C01157,C01157,2023-05-01,P03,Monthly,,Active
S-C01158,C01158,2025-11-01,P03,Monthly,,Active
S-C01159,C01159,2024-04-01,P01,Annual,,Active
S-C01160,C01160,2024-03-01,P02,Annual,,Active
S-C01161,C01161,2024-12-01,P01,Monthly,,Active
S-C01162,C01162,2024-09-01,P01,Monthly,2025-12-01,Churned
S-C01163,C01163,2025-11-01,P02,Monthly,,Active
S-C01164,C01164,2024-10-01,P01,Annual,,Active
S-C01165,C01165,2024-10-01,P02,Annual,2025-09-01,Churned
S-C01166,C01166,2023-05-01,P03,Monthly,,Active
S-C01167,C01167,2023-01-01,P02,Annual,2023-10-01,Churned
S-C01168,C01168,2024-05-01,P02,Monthly,,Active
S-C01169,C01169,2026-05-01,P03,Monthly,,Active
S-C01170,C01170,2026-02-01,P04,Monthly,,Active
S-C01171,C01171,2025-02-01,P02,Monthly,,Active
S-C01172,C01172,2025-02-01,P01,Monthly,2025-10-01,Churned
S-C01173,C01173,2024-05-01,P02,Monthly,,Active
S-C01174,C01174,2023-08-01,P03,Monthly,2024-03-01,Churned
S-C01175,C01175,2023-01-01,P04,Annual,,Active
S-C01176,C01176,2024-02-01,P03,Annual,,Active
S-C01177,C01177,2024-01-01,P01,Annual,,Active
S-C01178,C01178,2023-08-01,P01,Monthly,,Active
S-C01179,C01179,2023-11-01,P01,Monthly,2026-08-01,Churned
S-C01180,C01180,2023-01-01,P03,Annual,,Active
S-C01181,C01181,2025-01-01,P02,Monthly,,Active
S-C01182,C01182,2026-03-01,P03,Monthly,,Active
S-C01183,C01183,2025-05-01,P01,Monthly,,Active
S-C01184,C01184,2024-07-01,P01,Annual,,Active
S-C01185,C01185,2024-06-01,P02,Monthly,2024-12-01,Churned
S-C01186,C01186,2024-01-01,P02,Monthly,,Active
S-C01187,C01187,2023-06-01,P03,Annual,,Active
S-C01188,C01188,2025-01-01,P01,Annual,,Active
S-C01189,C01189,2024-12-01,P03,Monthly,2026-04-01,Churned
S-C01190,C01190,2023-01-01,P01,Monthly,2025-11-01,Churned
S-C01191,C01191,2024-06-01,P01,Monthly,,Active
S-C01192,C01192,2023-12-01,P01,Monthly,2025-04-01,Churned
S-C01193,C01193,2023-08-01,P01,Annual,,Active
S-C01194,C01194,2025-05-01,P01,Monthly,,Active
S-C01195,C01195,2024-10-01,P01,Monthly,,Active
S-C01196,C01196,2025-03-01,P01,Monthly,,Active
S-C01197,C01197,2025-06-01,P01,Monthly,,Active
S-C01198,C01198,2026-05-01,P01,Monthly,,Active
S-C01199,C01199,2025-09-01,P01,Monthly,,Active
S-C01200,C01200,2025-02-01,P01,Monthly,,Active
S-C01201,C01201,2026-01-01,P03,Annual,,Active
S-C01202,C01202,2024-08-01,P02,Monthly,,Active
S-C01203,C01203,2026-05-01,P01,Monthly,,Active
S-C01204,C01204,2025-08-01,P04,Monthly,,Active
S-C01205,C01205,2025-03-01,P04,Monthly,,Active
S-C01206,C01206,2026-02-01,P01,Annual,2026-07-01,Churned
S-C01207,C01207,2024-10-01,P02,Annual,,Active
S-C01208,C01208,2025-06-01,P02,Monthly,,Active
S-C01209,C01209,2023-12-01,P04,Monthly,2024-09-01,Churned
S-C01210,C01210,2026-04-01,P03,Monthly,,Active
S-C01211,C01211,2025-02-01,P02,Monthly,,Active
S-C01212,C01212,2025-09-01,P03,Monthly,,Active
S-C01213,C01213,2024-07-01,P03,Annual,,Active
S-C01214,C01214,2025-12-01,P01,Monthly,,Active
S-C01215,C01215,2023-04-01,P03,Annual,,Active
S-C01216,C01216,2023-05-01,P04,Monthly,,Active
S-C01217,C01217,2024-09-01,P02,Monthly,,Active
S-C01218,C01218,2025-07-01,P01,Annual,,Active
S-C01219,C01219,2025-10-01,P04,Monthly,,Active
S-C01220,C01220,2024-07-01,P01,Annual,2025-02-01,Churned
S-C01221,C01221,2025-03-01,P01,Annual,,Active
S-C01222,C01222,2024-11-01,P01,Monthly,,Active
S-C01223,C01223,2026-04-01,P01,Monthly,,Active
S-C01224,C01224,2025-03-01,P01,Annual,,Active
S-C01225,C01225,2024-06-01,P02,Monthly,,Active
S-C01226,C01226,2026-04-01,P01,Annual,,Active
S-C01227,C01227,2023-05-01,P01,Annual,2025-07-01,Churned
S-C01228,C01228,2026-05-01,P02,Annual,,Active
S-C01229,C01229,2023-07-01,P02,Monthly,,Active
S-C01230,C01230,2023-12-01,P01,Annual,,Active
S-C01231,C01231,2025-10-01,P04,Monthly,,Active
S-C01232,C01232,2025-07-01,P02,Monthly,,Active
S-C01233,C01233,2026-04-01,P01,Monthly,,Active
S-C01234,C01234,2025-07-01,P01,Annual,,Active
S-C01235,C01235,2025-03-01,P02,Monthly,,Active
S-C01236,C01236,2024-03-01,P01,Annual,2025-02-01,Churned
S-C01237,C01237,2023-01-01,P04,Monthly,2023-06-01,Churned
S-C01238,C01238,2023-06-01,P02,Annual,,Active
S-C01239,C01239,2024-01-01,P01,Monthly,,Active
S-C01240,C01240,2023-02-01,P04,Annual,,Active
S-C01241,C01241,2024-09-01,P01,Annual,,Active
S-C01242,C01242,2025-08-01,P01,Monthly,,Active
S-C01243,C01243,2026-04-01,P02,Monthly,,Active
S-C01244,C01244,2024-09-01,P02,Annual,2025-11-01,Churned
S-C01245,C01245,2025-12-01,P04,Annual,,Active
S-C01246,C01246,2026-05-01,P02,Annual,,Active
S-C01247,C01247,2025-12-01,P02,Annual,,Active
S-C01248,C01248,2024-08-01,P01,Annual,,Active
S-C01249,C01249,2024-02-01,P02,Monthly,,Active
S-C01250,C01250,2026-05-01,P02,Annual,,Active
S-C01251,C01251,2023-10-01,P02,Annual,2026-04-01,Churned
S-C01252,C01252,2024-05-01,P03,Monthly,,Active
S-C01253,C01253,2023-04-01,P01,Annual,,Active
S-C01254,C01254,2025-09-01,P02,Monthly,,Active
S-C01255,C01255,2025-03-01,P01,Monthly,,Active
S-C01256,C01256,2023-04-01,P02,Annual,2026-04-01,Churned
S-C01257,C01257,2023-10-01,P03,Monthly,,Active
S-C01258,C01258,2024-11-01,P04,Monthly,,Active
S-C01259,C01259,2024-11-01,P02,Annual,2026-08-01,Churned
S-C01260,C01260,2025-09-01,P01,Monthly,,Active
S-C01261,C01261,2023-11-01,P02,Monthly,2024-02-01,Churned
S-C01262,C01262,2026-02-01,P02,Monthly,,Active
S-C01263,C01263,2024-07-01,P03,Monthly,,Active
S-C01264,C01264,2025-10-01,P01,Monthly,,Active
S-C01265,C01265,2023-10-01,P03,Monthly,,Active
S-C01266,C01266,2023-02-01,P02,Monthly,2024-10-01,Churned
S-C01267,C01267,2023-03-01,P02,Monthly,2023-06-01,Churned
S-C01268,C01268,2024-04-01,P01,Monthly,2024-10-01,Churned
S-C01269,C01269,2026-04-01,P03,Monthly,,Active
S-C01270,C01270,2023-03-01,P02,Annual,,Active
S-C01271,C01271,2024-04-01,P01,Monthly,2025-03-01,Churned
S-C01272,C01272,2023-05-01,P03,Monthly,,Active
S-C01273,C01273,2026-03-01,P03,Monthly,,Active
S-C01274,C01274,2025-04-01,P04,Monthly,,Active
S-C01275,C01275,2025-08-01,P01,Monthly,,Active
S-C01276,C01276,2025-06-01,P01,Monthly,,Active
S-C01277,C01277,2025-03-01,P04,Monthly,,Active
S-C01278,C01278,2025-08-01,P02,Monthly,,Active
S-C01279,C01279,2023-01-01,P01,Monthly,2026-08-01,Churned
S-C01280,C01280,2025-12-01,P04,Monthly,,Active
S-C01281,C01281,2025-07-01,P01,Monthly,,Active
S-C01282,C01282,2025-07-01,P02,Monthly,,Active
S-C01283,C01283,2024-05-01,P02,Monthly,2026-04-01,Churned
S-C01284,C01284,2025-09-01,P03,Monthly,,Active
S-C01285,C01285,2024-04-01,P01,Annual,,Active
S-C01286,C01286,2023-03-01,P01,Monthly,,Active
S-C01287,C01287,2026-02-01,P01,Monthly,,Active
S-C01288,C01288,2023-10-01,P01,Monthly,2024-10-01,Churned
S-C01289,C01289,2023-05-01,P02,Monthly,,Active
S-C01290,C01290,2025-02-01,P02,Annual,,Active
S-C01291,C01291,2023-10-01,P02,Annual,,Active
S-C01292,C01292,2025-12-01,P01,Monthly,,Active
S-C01293,C01293,2024-07-01,P03,Monthly,,Active
S-C01294,C01294,2023-01-01,P02,Monthly,,Active
S-C01295,C01295,2026-04-01,P02,Monthly,,Active
S-C01296,C01296,2024-10-01,P01,Monthly,,Active
S-C01297,C01297,2023-11-01,P01,Monthly,,Active
S-C01298,C01298,2025-04-01,P01,Annual,,Active
S-C01299,C01299,2024-10-01,P01,Monthly,2025-09-01,Churned
S-C01300,C01300,2023-02-01,P03,Annual,,Active
S-C01301,C01301,2025-08-01,P01,Monthly,,Active
S-C01302,C01302,2024-05-01,P02,Monthly,,Active
S-C01303,C01303,2025-05-01,P01,Annual,,Active
S-C01304,C01304,2026-01-01,P03,Monthly,,Active
S-C01305,C01305,2025-02-01,P02,Monthly,2025-08-01,Churned
S-C01306,C01306,2025-04-01,P01,Monthly,,Active
S-C01307,C01307,2023-11-01,P03,Monthly,,Active
S-C01308,C01308,2023-10-01,P03,Annual,2025-06-01,Churned
S-C01309,C01309,2024-06-01,P03,Monthly,,Active
S-C01310,C01310,2025-11-01,P01,Monthly,2026-04-01,Churned
S-C01311,C01311,2024-10-01,P02,Monthly,,Active
S-C01312,C01312,2024-03-01,P02,Monthly,,Active
S-C01313,C01313,2025-08-01,P01,Monthly,2026-03-01,Churned
S-C01314,C01314,2025-11-01,P02,Annual,,Active
S-C01315,C01315,2026-01-01,P01,Annual,,Active
S-C01316,C01316,2024-01-01,P03,Monthly,,Active
S-C01317,C01317,2025-06-01,P02,Monthly,,Active
S-C01318,C01318,2025-01-01,P02,Monthly,,Active
S-C01319,C01319,2024-07-01,P03,Monthly,,Active
S-C01320,C01320,2024-05-01,P02,Annual,2025-09-01,Churned
S-C01321,C01321,2023-05-01,P04,Annual,2024-07-01,Churned
S-C01322,C01322,2023-12-01,P01,Annual,,Active
S-C01323,C01323,2024-11-01,P01,Annual,,Active
S-C01324,C01324,2026-01-01,P02,Monthly,,Active
S-C01325,C01325,2025-12-01,P01,Monthly,,Active
S-C01326,C01326,2023-08-01,P03,Monthly,2025-09-01,Churned
S-C01327,C01327,2025-04-01,P02,Monthly,,Active
S-C01328,C01328,2023-04-01,P02,Annual,2023-10-01,Churned
S-C01329,C01329,2025-04-01,P01,Monthly,2026-03-01,Churned
S-C01330,C01330,2024-03-01,P04,Monthly,,Active
S-C01331,C01331,2024-07-01,P03,Annual,,Active
S-C01332,C01332,2025-06-01,P02,Monthly,,Active
S-C01333,C01333,2024-06-01,P01,Monthly,,Active
S-C01334,C01334,2025-10-01,P03,Annual,,Active
S-C01335,C01335,2024-10-01,P01,Annual,2025-09-01,Churned
S-C01336,C01336,2026-05-01,P02,Monthly,,Active
S-C01337,C01337,2025-03-01,P02,Annual,,Active
S-C01338,C01338,2024-01-01,P02,Monthly,,Active
S-C01339,C01339,2025-08-01,P02,Monthly,2025-12-01,Churned
S-C01340,C01340,2024-05-01,P01,Monthly,,Active
S-C01341,C01341,2024-10-01,P01,Monthly,,Active
S-C01342,C01342,2023-06-01,P01,Monthly,2025-02-01,Churned
S-C01343,C01343,2023-05-01,P04,Monthly,,Active
S-C01344,C01344,2024-12-01,P03,Annual,,Active
S-C01345,C01345,2023-08-01,P01,Annual,,Active
S-C01346,C01346,2026-05-01,P02,Monthly,,Active
S-C01347,C01347,2025-12-01,P01,Annual,,Active
S-C01348,C01348,2025-05-01,P01,Monthly,,Active
S-C01349,C01349,2025-07-01,P01,Monthly,,Active
S-C01350,C01350,2025-01-01,P01,Monthly,,Active
S-C01351,C01351,2023-03-01,P04,Monthly,2023-12-01,Churned
S-C01352,C01352,2024-05-01,P01,Monthly,2025-10-01,Churned
S-C01353,C01353,2024-09-01,P01,Annual,2026-02-01,Churned
S-C01354,C01354,2026-02-01,P02,Monthly,,Active
S-C01355,C01355,2023-10-01,P03,Monthly,,Active
S-C01356,C01356,2024-09-01,P03,Monthly,,Active
S-C01357,C01357,2024-03-01,P02,Annual,,Active
S-C01358,C01358,2023-06-01,P01,Monthly,,Active
S-C01359,C01359,2023-05-01,P01,Monthly,2024-04-01,Churned
S-C01360,C01360,2024-03-01,P02,Monthly,,Active
S-C01361,C01361,2023-04-01,P02,Annual,2026-01-01,Churned
S-C01362,C01362,2023-03-01,P01,Monthly,,Active
S-C01363,C01363,2024-03-01,P02,Monthly,,Active
S-C01364,C01364,2023-09-01,P02,Monthly,2026-06-01,Churned
S-C01365,C01365,2024-11-01,P02,Monthly,,Active
S-C01366,C01366,2023-01-01,P01,Monthly,,Active
S-C01367,C01367,2024-01-01,P04,Monthly,,Active
S-C01368,C01368,2024-07-01,P02,Monthly,,Active
S-C01369,C01369,2026-04-01,P04,Annual,,Active
S-C01370,C01370,2025-03-01,P02,Monthly,,Active
S-C01371,C01371,2026-01-01,P02,Annual,2026-05-01,Churned
S-C01372,C01372,2024-03-01,P02,Annual,2024-11-01,Churned
S-C01373,C01373,2024-07-01,P02,Monthly,,Active
S-C01374,C01374,2024-06-01,P01,Monthly,,Active
S-C01375,C01375,2026-01-01,P02,Monthly,,Active
S-C01376,C01376,2026-04-01,P03,Monthly,,Active
S-C01377,C01377,2026-04-01,P02,Monthly,,Active
S-C01378,C01378,2025-07-01,P02,Monthly,,Active
S-C01379,C01379,2024-09-01,P02,Monthly,,Active
S-C01380,C01380,2024-11-01,P04,Monthly,,Active
S-C01381,C01381,2026-05-01,P04,Monthly,,Active
S-C01382,C01382,2023-12-01,P02,Annual,,Active
S-C01383,C01383,2024-03-01,P03,Monthly,,Active
S-C01384,C01384,2026-01-01,P04,Monthly,,Active
S-C01385,C01385,2024-04-01,P03,Monthly,,Active
S-C01386,C01386,2023-10-01,P02,Annual,2026-07-01,Churned
S-C01387,C01387,2024-11-01,P01,Annual,,Active
S-C01388,C01388,2024-02-01,P01,Monthly,,Active
S-C01389,C01389,2026-01-01,P01,Monthly,2026-05-01,Churned
S-C01390,C01390,2026-02-01,P02,Monthly,,Active
S-C01391,C01391,2024-01-01,P01,Monthly,,Active
S-C01392,C01392,2024-10-01,P02,Monthly,,Active
S-C01393,C01393,2026-05-01,P01,Monthly,,Active
S-C01394,C01394,2025-07-01,P01,Monthly,,Active
S-C01395,C01395,2023-09-01,P01,Annual,2025-04-01,Churned
S-C01396,C01396,2025-01-01,P02,Annual,,Active
S-C01397,C01397,2025-02-01,P02,Monthly,2026-08-01,Churned
S-C01398,C01398,2025-03-01,P03,Monthly,2026-06-01,Churned
S-C01399,C01399,2023-02-01,P03,Annual,2025-04-01,Churned
S-C01400,C01400,2024-01-01,P04,Monthly,,Active
S-C01401,C01401,2025-12-01,P01,Monthly,,Active
S-C01402,C01402,2023-10-01,P01,Monthly,,Active
S-C01403,C01403,2024-01-01,P01,Annual,,Active
S-C01404,C01404,2024-02-01,P01,Annual,,Active
S-C01405,C01405,2023-08-01,P03,Monthly,,Active
S-C01406,C01406,2023-07-01,P01,Monthly,,Active
S-C01407,C01407,2024-03-01,P01,Annual,2024-10-01,Churned
S-C01408,C01408,2025-12-01,P03,Monthly,,Active
S-C01409,C01409,2023-01-01,P01,Annual,2024-08-01,Churned
S-C01410,C01410,2023-12-01,P01,Monthly,,Active
S-C01411,C01411,2023-03-01,P01,Annual,2025-01-01,Churned
S-C01412,C01412,2024-12-01,P02,Monthly,,Active
S-C01413,C01413,2023-11-01,P01,Monthly,,Active
S-C01414,C01414,2025-09-01,P02,Monthly,,Active
S-C01415,C01415,2024-12-01,P02,Annual,,Active
S-C01416,C01416,2025-09-01,P02,Monthly,,Active
S-C01417,C01417,2025-03-01,P01,Monthly,,Active
S-C01418,C01418,2024-07-01,P03,Annual,2025-07-01,Churned
S-C01419,C01419,2025-12-01,P01,Monthly,,Active
S-C01420,C01420,2024-08-01,P03,Monthly,2025-10-01,Churned
S-C01421,C01421,2026-03-01,P01,Monthly,,Active
S-C01422,C01422,2026-05-01,P01,Monthly,,Active
S-C01423,C01423,2025-01-01,P01,Monthly,,Active
S-C01424,C01424,2025-04-01,P02,Monthly,,Active
S-C01425,C01425,2023-11-01,P01,Monthly,,Active
S-C01426,C01426,2025-10-01,P02,Monthly,,Active
S-C01427,C01427,2025-04-01,P01,Monthly,,Active
S-C01428,C01428,2026-01-01,P01,Monthly,,Active
S-C01429,C01429,2023-11-01,P02,Monthly,2026-08-01,Churned
S-C01430,C01430,2025-09-01,P02,Annual,,Active
S-C01431,C01431,2024-08-01,P03,Monthly,2025-02-01,Churned
S-C01432,C01432,2023-08-01,P01,Monthly,,Active
S-C01433,C01433,2023-08-01,P01,Monthly,,Active
S-C01434,C01434,2024-12-01,P04,Monthly,,Active
S-C01435,C01435,2024-02-01,P02,Annual,,Active
S-C01436,C01436,2023-05-01,P02,Monthly,,Active
S-C01437,C01437,2024-06-01,P01,Annual,,Active
S-C01438,C01438,2025-03-01,P03,Annual,,Active
S-C01439,C01439,2024-02-01,P02,Monthly,,Active
S-C01440,C01440,2026-04-01,P03,Monthly,,Active
S-C01441,C01441,2025-08-01,P03,Monthly,,Active
S-C01442,C01442,2024-10-01,P01,Annual,2025-09-01,Churned
S-C01443,C01443,2026-03-01,P01,Monthly,,Active
S-C01444,C01444,2024-06-01,P03,Monthly,2026-02-01,Churned
S-C01445,C01445,2023-06-01,P01,Monthly,2025-12-01,Churned
S-C01446,C01446,2023-02-01,P01,Monthly,2024-02-01,Churned
S-C01447,C01447,2026-03-01,P02,Annual,,Active
S-C01448,C01448,2026-04-01,P02,Monthly,,Active
S-C01449,C01449,2025-07-01,P03,Monthly,,Active
S-C01450,C01450,2023-05-01,P02,Annual,,Active
S-C01451,C01451,2024-01-01,P01,Annual,,Active
S-C01452,C01452,2023-02-01,P02,Monthly,2024-04-01,Churned
S-C01453,C01453,2023-03-01,P01,Monthly,,Active
S-C01454,C01454,2023-11-01,P03,Annual,2025-09-01,Churned
S-C01455,C01455,2024-12-01,P04,Monthly,,Active
S-C01456,C01456,2023-03-01,P01,Monthly,,Active
S-C01457,C01457,2026-05-01,P02,Monthly,,Active
S-C01458,C01458,2024-07-01,P01,Monthly,2025-01-01,Churned
S-C01459,C01459,2023-11-01,P03,Monthly,2024-10-01,Churned
S-C01460,C01460,2024-10-01,P01,Monthly,,Active
S-C01461,C01461,2025-09-01,P01,Annual,,Active
S-C01462,C01462,2024-01-01,P03,Monthly,,Active
S-C01463,C01463,2023-03-01,P01,Monthly,,Active
S-C01464,C01464,2023-03-01,P02,Annual,,Active
S-C01465,C01465,2025-11-01,P01,Monthly,,Active
S-C01466,C01466,2023-05-01,P04,Monthly,,Active
S-C01467,C01467,2025-03-01,P02,Monthly,,Active
S-C01468,C01468,2024-04-01,P03,Monthly,2025-01-01,Churned
S-C01469,C01469,2025-08-01,P01,Monthly,2026-02-01,Churned
S-C01470,C01470,2023-03-01,P02,Monthly,2024-03-01,Churned
S-C01471,C01471,2026-01-01,P04,Monthly,,Active
S-C01472,C01472,2025-05-01,P03,Annual,,Active
S-C01473,C01473,2024-07-01,P03,Annual,2026-05-01,Churned
S-C01474,C01474,2023-09-01,P01,Monthly,,Active
S-C01475,C01475,2026-05-01,P02,Annual,,Active
S-C01476,C01476,2024-01-01,P02,Monthly,,Active
S-C01477,C01477,2024-09-01,P01,Monthly,,Active
S-C01478,C01478,2024-05-01,P02,Monthly,,Active
S-C01479,C01479,2023-10-01,P03,Monthly,,Active
S-C01480,C01480,2024-06-01,P02,Monthly,2025-03-01,Churned
S-C01481,C01481,2023-07-01,P01,Monthly,2024-04-01,Churned
S-C01482,C01482,2023-01-01,P03,Monthly,2026-07-01,Churned
S-C01483,C01483,2023-12-01,P02,Annual,,Active
S-C01484,C01484,2023-05-01,P03,Annual,2025-11-01,Churned
S-C01485,C01485,2024-06-01,P01,Monthly,,Active
S-C01486,C01486,2025-12-01,P03,Annual,,Active
S-C01487,C01487,2023-07-01,P02,Monthly,2024-02-01,Churned
S-C01488,C01488,2023-01-01,P02,Monthly,,Active
S-C01489,C01489,2023-05-01,P01,Monthly,,Active
S-C01490,C01490,2024-09-01,P01,Monthly,2025-01-01,Churned
S-C01491,C01491,2023-12-01,P02,Annual,2024-11-01,Churned
S-C01492,C01492,2024-09-01,P01,Annual,,Active
S-C01493,C01493,2023-02-01,P01,Monthly,,Active
S-C01494,C01494,2024-02-01,P01,Annual,,Active
S-C01495,C01495,2024-05-01,P02,Monthly,2026-06-01,Churned
S-C01496,C01496,2024-06-01,P01,Monthly,2026-07-01,Churned
S-C01497,C01497,2024-11-01,P02,Monthly,,Active
S-C01498,C01498,2025-09-01,P02,Monthly,2026-02-01,Churned
S-C01499,C01499,2024-08-01,P03,Annual,,Active
S-C01500,C01500,2025-11-01,P01,Monthly,2026-05-01,Churned
S-C01501,C01501,2024-10-01,P01,Monthly,,Active
S-C01502,C01502,2023-11-01,P01,Monthly,,Active
S-C01503,C01503,2023-10-01,P01,Monthly,,Active
S-C01504,C01504,2024-02-01,P01,Annual,2026-07-01,Churned
S-C01505,C01505,2025-01-01,P02,Monthly,2026-01-01,Churned
S-C01506,C01506,2023-10-01,P01,Monthly,2024-07-01,Churned
S-C01507,C01507,2026-02-01,P01,Monthly,,Active
S-C01508,C01508,2024-08-01,P01,Monthly,2025-06-01,Churned
S-C01509,C01509,2025-12-01,P01,Monthly,,Active
S-C01510,C01510,2025-05-01,P03,Annual,,Active
S-C01511,C01511,2024-02-01,P04,Annual,,Active
S-C01512,C01512,2023-10-01,P01,Monthly,,Active
S-C01513,C01513,2025-07-01,P03,Monthly,,Active
S-C01514,C01514,2024-02-01,P03,Annual,2025-07-01,Churned
S-C01515,C01515,2023-11-01,P01,Monthly,,Active
S-C01516,C01516,2026-03-01,P01,Monthly,,Active
S-C01517,C01517,2024-08-01,P03,Monthly,,Active
S-C01518,C01518,2023-03-01,P01,Monthly,,Active
S-C01519,C01519,2024-09-01,P01,Monthly,2026-04-01,Churned
S-C01520,C01520,2024-07-01,P02,Monthly,,Active
S-C01521,C01521,2025-12-01,P01,Annual,,Active
S-C01522,C01522,2025-06-01,P01,Monthly,2026-05-01,Churned
S-C01523,C01523,2023-08-01,P02,Monthly,,Active
S-C01524,C01524,2023-07-01,P01,Annual,,Active
S-C01525,C01525,2025-01-01,P04,Monthly,,Active
S-C01526,C01526,2023-03-01,P01,Monthly,2024-01-01,Churned
S-C01527,C01527,2024-02-01,P01,Monthly,2025-08-01,Churned
S-C01528,C01528,2023-06-01,P03,Annual,2024-11-01,Churned
S-C01529,C01529,2023-01-01,P01,Monthly,,Active
S-C01530,C01530,2026-02-01,P01,Monthly,,Active
S-C01531,C01531,2023-04-01,P01,Monthly,,Active
S-C01532,C01532,2023-01-01,P03,Monthly,2023-05-01,Churned
S-C01533,C01533,2026-03-01,P03,Annual,,Active
S-C01534,C01534,2023-08-01,P04,Annual,2026-07-01,Churned
S-C01535,C01535,2025-10-01,P01,Annual,,Active
S-C01536,C01536,2023-02-01,P01,Monthly,,Active
S-C01537,C01537,2023-07-01,P01,Annual,,Active
S-C01538,C01538,2023-05-01,P01,Annual,,Active
S-C01539,C01539,2025-05-01,P01,Monthly,,Active
S-C01540,C01540,2025-02-01,P02,Annual,,Active
S-C01541,C01541,2024-08-01,P02,Monthly,2024-11-01,Churned
S-C01542,C01542,2023-10-01,P02,Monthly,,Active
S-C01543,C01543,2023-04-01,P02,Monthly,,Active
S-C01544,C01544,2024-12-01,P01,Monthly,,Active
S-C01545,C01545,2023-10-01,P01,Annual,,Active
S-C01546,C01546,2025-01-01,P02,Monthly,2026-07-01,Churned
S-C01547,C01547,2025-05-01,P02,Monthly,,Active
S-C01548,C01548,2025-11-01,P01,Annual,2026-04-01,Churned
S-C01549,C01549,2024-09-01,P02,Monthly,,Active
S-C01550,C01550,2023-01-01,P01,Monthly,2026-03-01,Churned
S-C01551,C01551,2023-12-01,P01,Monthly,,Active
S-C01552,C01552,2025-12-01,P03,Monthly,,Active
S-C01553,C01553,2024-10-01,P04,Monthly,,Active
S-C01554,C01554,2025-02-01,P02,Monthly,,Active
S-C01555,C01555,2024-07-01,P02,Annual,,Active
S-C01556,C01556,2023-07-01,P01,Annual,2025-10-01,Churned
S-C01557,C01557,2026-01-01,P02,Annual,,Active
S-C01558,C01558,2025-08-01,P02,Annual,,Active
S-C01559,C01559,2026-05-01,P01,Monthly,,Active
S-C01560,C01560,2025-12-01,P01,Monthly,2026-03-01,Churned
S-C01561,C01561,2023-12-01,P01,Annual,,Active
S-C01562,C01562,2023-11-01,P02,Monthly,2024-12-01,Churned
S-C01563,C01563,2023-11-01,P03,Annual,,Active
S-C01564,C01564,2026-02-01,P03,Monthly,,Active
S-C01565,C01565,2024-11-01,P01,Monthly,,Active
S-C01566,C01566,2024-07-01,P02,Annual,,Active
S-C01567,C01567,2026-04-01,P01,Monthly,,Active
S-C01568,C01568,2025-01-01,P01,Monthly,,Active
S-C01569,C01569,2026-02-01,P02,Monthly,,Active
S-C01570,C01570,2026-05-01,P01,Monthly,,Active
S-C01571,C01571,2023-04-01,P04,Monthly,2024-01-01,Churned
S-C01572,C01572,2024-03-01,P01,Monthly,2025-01-01,Churned
S-C01573,C01573,2025-07-01,P02,Annual,,Active
S-C01574,C01574,2025-10-01,P02,Annual,,Active
S-C01575,C01575,2023-07-01,P01,Monthly,,Active
S-C01576,C01576,2024-02-01,P02,Monthly,,Active
S-C01577,C01577,2024-11-01,P01,Monthly,2025-04-01,Churned
S-C01578,C01578,2025-09-01,P01,Monthly,,Active
S-C01579,C01579,2023-05-01,P02,Annual,2025-09-01,Churned
S-C01580,C01580,2025-01-01,P02,Monthly,,Active
S-C01581,C01581,2024-01-01,P01,Annual,2026-04-01,Churned
S-C01582,C01582,2023-09-01,P01,Monthly,2025-05-01,Churned
S-C01583,C01583,2024-10-01,P01,Monthly,2026-02-01,Churned
S-C01584,C01584,2024-05-01,P01,Monthly,2025-03-01,Churned
S-C01585,C01585,2025-03-01,P01,Monthly,,Active
S-C01586,C01586,2024-02-01,P01,Monthly,,Active
S-C01587,C01587,2025-10-01,P01,Monthly,2026-06-01,Churned
S-C01588,C01588,2023-04-01,P01,Monthly,,Active
S-C01589,C01589,2025-12-01,P03,Monthly,,Active
S-C01590,C01590,2023-02-01,P01,Annual,2023-12-01,Churned
S-C01591,C01591,2025-07-01,P03,Monthly,2026-05-01,Churned
S-C01592,C01592,2024-03-01,P02,Annual,2025-10-01,Churned
S-C01593,C01593,2024-04-01,P01,Monthly,2026-03-01,Churned
S-C01594,C01594,2023-01-01,P01,Annual,,Active
S-C01595,C01595,2025-05-01,P01,Monthly,,Active
S-C01596,C01596,2023-07-01,P01,Annual,,Active
S-C01597,C01597,2025-04-01,P02,Monthly,2026-06-01,Churned
S-C01598,C01598,2025-06-01,P02,Monthly,,Active
S-C01599,C01599,2025-11-01,P02,Annual,,Active
S-C01600,C01600,2025-06-01,P01,Monthly,,Active
S-C01601,C01601,2024-01-01,P02,Monthly,,Active
S-C01602,C01602,2025-07-01,P03,Monthly,,Active
S-C01603,C01603,2025-10-01,P01,Annual,,Active
S-C01604,C01604,2024-01-01,P03,Monthly,,Active
S-C01605,C01605,2023-06-01,P04,Monthly,,Active
S-C01606,C01606,2026-01-01,P01,Annual,,Active
S-C01607,C01607,2023-07-01,P01,Monthly,,Active
S-C01608,C01608,2025-01-01,P01,Monthly,,Active
S-C01609,C01609,2023-10-01,P03,Annual,,Active
S-C01610,C01610,2023-06-01,P01,Monthly,2023-09-01,Churned
S-C01611,C01611,2025-08-01,P02,Monthly,,Active
S-C01612,C01612,2023-06-01,P03,Annual,,Active
S-C01613,C01613,2025-04-01,P03,Annual,,Active
S-C01614,C01614,2025-05-01,P01,Annual,,Active
S-C01615,C01615,2023-03-01,P02,Monthly,2025-04-01,Churned
S-C01616,C01616,2023-08-01,P03,Monthly,,Active
S-C01617,C01617,2025-09-01,P01,Monthly,,Active
S-C01618,C01618,2024-09-01,P02,Monthly,,Active
S-C01619,C01619,2023-06-01,P01,Monthly,,Active
S-C01620,C01620,2026-05-01,P01,Monthly,,Active
S-C01621,C01621,2023-11-01,P01,Monthly,,Active
S-C01622,C01622,2023-01-01,P02,Monthly,,Active
S-C01623,C01623,2026-02-01,P03,Annual,,Active
S-C01624,C01624,2023-01-01,P04,Monthly,2025-02-01,Churned
S-C01625,C01625,2024-11-01,P02,Monthly,,Active
S-C01626,C01626,2026-05-01,P02,Monthly,2026-08-01,Churned
S-C01627,C01627,2024-12-01,P01,Monthly,,Active
S-C01628,C01628,2024-12-01,P02,Monthly,,Active
S-C01629,C01629,2024-04-01,P02,Monthly,2025-11-01,Churned
S-C01630,C01630,2023-06-01,P01,Annual,,Active
S-C01631,C01631,2024-12-01,P01,Monthly,2025-04-01,Churned
S-C01632,C01632,2026-01-01,P01,Monthly,,Active
S-C01633,C01633,2023-04-01,P01,Monthly,,Active
S-C01634,C01634,2026-01-01,P01,Annual,,Active
S-C01635,C01635,2024-06-01,P03,Annual,,Active
S-C01636,C01636,2024-10-01,P02,Monthly,,Active
S-C01637,C01637,2023-07-01,P03,Annual,,Active
S-C01638,C01638,2025-02-01,P02,Annual,,Active
S-C01639,C01639,2023-08-01,P01,Monthly,2025-12-01,Churned
S-C01640,C01640,2023-12-01,P03,Monthly,2025-06-01,Churned
S-C01641,C01641,2025-06-01,P02,Monthly,,Active
S-C01642,C01642,2023-03-01,P03,Monthly,,Active
S-C01643,C01643,2024-07-01,P01,Annual,2025-09-01,Churned
S-C01644,C01644,2025-01-01,P04,Monthly,,Active
S-C01645,C01645,2023-06-01,P01,Monthly,,Active
S-C01646,C01646,2024-01-01,P01,Monthly,2024-07-01,Churned
S-C01647,C01647,2024-03-01,P01,Annual,2024-11-01,Churned
S-C01648,C01648,2025-04-01,P03,Annual,,Active
S-C01649,C01649,2026-05-01,P02,Monthly,,Active
S-C01650,C01650,2025-11-01,P02,Monthly,,Active
S-C01651,C01651,2023-08-01,P01,Monthly,,Active
S-C01652,C01652,2023-01-01,P01,Annual,2024-11-01,Churned
S-C01653,C01653,2023-03-01,P03,Monthly,,Active
S-C01654,C01654,2025-01-01,P02,Annual,2025-06-01,Churned
S-C01655,C01655,2023-07-01,P02,Monthly,,Active
S-C01656,C01656,2023-10-01,P01,Monthly,,Active
S-C01657,C01657,2025-11-01,P03,Annual,2026-03-01,Churned
S-C01658,C01658,2025-12-01,P02,Monthly,,Active
S-C01659,C01659,2025-11-01,P01,Monthly,,Active
S-C01660,C01660,2023-11-01,P03,Annual,,Active
S-C01661,C01661,2025-02-01,P02,Annual,,Active
S-C01662,C01662,2025-02-01,P01,Annual,,Active
S-C01663,C01663,2023-08-01,P01,Annual,2024-11-01,Churned
S-C01664,C01664,2024-11-01,P02,Monthly,,Active
S-C01665,C01665,2024-10-01,P02,Monthly,,Active
S-C01666,C01666,2024-05-01,P01,Monthly,2024-12-01,Churned
S-C01667,C01667,2025-07-01,P02,Annual,2026-05-01,Churned
S-C01668,C01668,2025-04-01,P02,Annual,,Active
S-C01669,C01669,2024-10-01,P02,Monthly,,Active
S-C01670,C01670,2025-06-01,P02,Annual,2026-01-01,Churned
S-C01671,C01671,2025-08-01,P02,Monthly,,Active
S-C01672,C01672,2024-12-01,P02,Monthly,,Active
S-C01673,C01673,2023-12-01,P02,Monthly,,Active
S-C01674,C01674,2025-08-01,P02,Monthly,,Active
S-C01675,C01675,2025-06-01,P03,Monthly,,Active
S-C01676,C01676,2026-05-01,P04,Monthly,,Active
S-C01677,C01677,2023-07-01,P01,Monthly,2024-01-01,Churned
S-C01678,C01678,2024-06-01,P01,Monthly,,Active
S-C01679,C01679,2026-02-01,P01,Monthly,2026-08-01,Churned
S-C01680,C01680,2024-10-01,P01,Monthly,,Active
S-C01681,C01681,2026-03-01,P02,Monthly,,Active
S-C01682,C01682,2023-01-01,P03,Monthly,2026-02-01,Churned
S-C01683,C01683,2023-02-01,P02,Monthly,2023-12-01,Churned
S-C01684,C01684,2025-09-01,P01,Annual,,Active
S-C01685,C01685,2024-03-01,P02,Annual,,Active
S-C01686,C01686,2024-10-01,P01,Annual,,Active
S-C01687,C01687,2024-06-01,P04,Annual,,Active
S-C01688,C01688,2024-05-01,P01,Monthly,,Active
S-C01689,C01689,2026-03-01,P01,Monthly,,Active
S-C01690,C01690,2023-04-01,P02,Monthly,2024-03-01,Churned
S-C01691,C01691,2025-08-01,P03,Monthly,,Active
S-C01692,C01692,2026-01-01,P04,Monthly,,Active
S-C01693,C01693,2025-03-01,P02,Annual,,Active
S-C01694,C01694,2024-05-01,P02,Monthly,,Active
S-C01695,C01695,2023-07-01,P01,Annual,,Active
S-C01696,C01696,2025-05-01,P03,Monthly,,Active
S-C01697,C01697,2024-08-01,P01,Monthly,,Active
S-C01698,C01698,2023-07-01,P01,Monthly,,Active
S-C01699,C01699,2024-03-01,P02,Monthly,2025-05-01,Churned
S-C01700,C01700,2026-04-01,P02,Monthly,,Active
S-C01701,C01701,2023-11-01,P02,Monthly,2025-07-01,Churned
S-C01702,C01702,2023-08-01,P01,Annual,,Active
S-C01703,C01703,2025-05-01,P02,Monthly,,Active
S-C01704,C01704,2023-09-01,P02,Monthly,,Active
S-C01705,C01705,2026-02-01,P03,Monthly,2026-05-01,Churned
S-C01706,C01706,2025-12-01,P03,Monthly,,Active
S-C01707,C01707,2026-05-01,P02,Annual,,Active
S-C01708,C01708,2026-02-01,P02,Monthly,,Active
S-C01709,C01709,2023-11-01,P02,Monthly,,Active
S-C01710,C01710,2023-09-01,P01,Monthly,2024-02-01,Churned
S-C01711,C01711,2024-03-01,P01,Monthly,2025-09-01,Churned
S-C01712,C01712,2024-08-01,P01,Monthly,,Active
S-C01713,C01713,2026-01-01,P02,Annual,,Active
S-C01714,C01714,2025-07-01,P01,Monthly,,Active
S-C01715,C01715,2025-03-01,P01,Annual,,Active
S-C01716,C01716,2026-01-01,P02,Monthly,,Active
S-C01717,C01717,2025-03-01,P02,Monthly,2026-06-01,Churned
S-C01718,C01718,2024-04-01,P04,Monthly,,Active
S-C01719,C01719,2024-05-01,P03,Monthly,,Active
S-C01720,C01720,2024-10-01,P04,Monthly,,Active
S-C01721,C01721,2023-04-01,P01,Monthly,,Active
S-C01722,C01722,2025-07-01,P01,Monthly,,Active
S-C01723,C01723,2025-03-01,P02,Monthly,,Active
S-C01724,C01724,2025-07-01,P03,Annual,,Active
S-C01725,C01725,2024-10-01,P02,Monthly,2025-09-01,Churned
S-C01726,C01726,2025-09-01,P01,Monthly,2026-06-01,Churned
S-C01727,C01727,2026-03-01,P02,Monthly,,Active
S-C01728,C01728,2024-12-01,P01,Monthly,,Active
S-C01729,C01729,2024-07-01,P04,Annual,,Active
S-C01730,C01730,2023-05-01,P03,Annual,,Active
S-C01731,C01731,2025-08-01,P02,Monthly,,Active
S-C01732,C01732,2026-02-01,P01,Monthly,,Active
S-C01733,C01733,2025-05-01,P01,Annual,,Active
S-C01734,C01734,2025-12-01,P02,Annual,,Active
S-C01735,C01735,2025-12-01,P02,Annual,,Active
S-C01736,C01736,2025-09-01,P02,Monthly,,Active
S-C01737,C01737,2024-09-01,P02,Monthly,,Active
S-C01738,C01738,2023-05-01,P02,Monthly,,Active
S-C01739,C01739,2023-01-01,P01,Monthly,2023-09-01,Churned
S-C01740,C01740,2023-09-01,P01,Monthly,2024-09-01,Churned
S-C01741,C01741,2024-06-01,P02,Monthly,,Active
S-C01742,C01742,2025-07-01,P01,Monthly,,Active
S-C01743,C01743,2024-07-01,P01,Annual,,Active
S-C01744,C01744,2023-01-01,P03,Monthly,,Active
S-C01745,C01745,2023-09-01,P03,Monthly,,Active
S-C01746,C01746,2026-05-01,P02,Monthly,,Active
S-C01747,C01747,2026-05-01,P02,Monthly,,Active
S-C01748,C01748,2024-04-01,P01,Monthly,,Active
S-C01749,C01749,2025-10-01,P02,Monthly,,Active
S-C01750,C01750,2025-06-01,P01,Monthly,,Active
S-C01751,C01751,2026-03-01,P01,Annual,,Active
S-C01752,C01752,2026-01-01,P02,Annual,,Active
S-C01753,C01753,2025-02-01,P01,Monthly,,Active
S-C01754,C01754,2024-05-01,P02,Monthly,,Active
S-C01755,C01755,2025-02-01,P02,Monthly,2025-11-01,Churned
S-C01756,C01756,2024-02-01,P01,Monthly,,Active
S-C01757,C01757,2024-03-01,P03,Monthly,2025-11-01,Churned
S-C01758,C01758,2025-01-01,P02,Monthly,,Active
S-C01759,C01759,2024-12-01,P01,Annual,,Active
S-C01760,C01760,2024-12-01,P04,Monthly,,Active
S-C01761,C01761,2024-04-01,P04,Monthly,,Active
S-C01762,C01762,2024-05-01,P02,Annual,,Active
S-C01763,C01763,2023-01-01,P01,Monthly,,Active
S-C01764,C01764,2025-01-01,P02,Annual,2026-03-01,Churned
S-C01765,C01765,2024-12-01,P03,Monthly,,Active
S-C01766,C01766,2026-03-01,P02,Annual,,Active
S-C01767,C01767,2024-09-01,P02,Annual,,Active
S-C01768,C01768,2024-08-01,P02,Monthly,,Active
S-C01769,C01769,2023-03-01,P01,Monthly,,Active
S-C01770,C01770,2023-09-01,P02,Monthly,2026-01-01,Churned
S-C01771,C01771,2024-02-01,P04,Annual,,Active
S-C01772,C01772,2024-04-01,P01,Annual,2026-06-01,Churned
S-C01773,C01773,2024-03-01,P01,Monthly,2024-08-01,Churned
S-C01774,C01774,2024-05-01,P02,Monthly,,Active
S-C01775,C01775,2025-08-01,P02,Monthly,,Active
S-C01776,C01776,2023-06-01,P01,Monthly,,Active
S-C01777,C01777,2024-02-01,P03,Monthly,,Active
S-C01778,C01778,2023-07-01,P01,Annual,2024-10-01,Churned
S-C01779,C01779,2024-01-01,P01,Monthly,,Active
S-C01780,C01780,2025-05-01,P03,Monthly,,Active
S-C01781,C01781,2023-02-01,P02,Monthly,,Active
S-C01782,C01782,2024-02-01,P02,Monthly,,Active
S-C01783,C01783,2023-01-01,P02,Monthly,,Active
S-C01784,C01784,2026-04-01,P02,Monthly,,Active
S-C01785,C01785,2025-06-01,P02,Annual,,Active
S-C01786,C01786,2023-11-01,P02,Monthly,2025-12-01,Churned
S-C01787,C01787,2023-09-01,P01,Monthly,,Active
S-C01788,C01788,2023-05-01,P02,Annual,2024-11-01,Churned
S-C01789,C01789,2024-08-01,P02,Monthly,,Active
S-C01790,C01790,2025-07-01,P03,Annual,,Active
S-C01791,C01791,2024-12-01,P01,Monthly,2026-05-01,Churned
S-C01792,C01792,2026-01-01,P01,Annual,,Active
S-C01793,C01793,2024-03-01,P02,Monthly,2026-05-01,Churned
S-C01794,C01794,2023-12-01,P02,Monthly,,Active
S-C01795,C01795,2024-08-01,P03,Monthly,2024-12-01,Churned
S-C01796,C01796,2023-09-01,P01,Monthly,2025-02-01,Churned
S-C01797,C01797,2026-05-01,P01,Monthly,,Active
S-C01798,C01798,2023-08-01,P01,Monthly,2024-03-01,Churned
S-C01799,C01799,2024-08-01,P01,Annual,,Active
S-C01800,C01800,2024-10-01,P01,Monthly,,Active
S-C01801,C01801,2023-03-01,P01,Monthly,2023-07-01,Churned
S-C01802,C01802,2024-08-01,P01,Monthly,,Active
S-C01803,C01803,2024-07-01,P02,Monthly,2025-09-01,Churned
S-C01804,C01804,2023-11-01,P03,Monthly,2026-06-01,Churned
S-C01805,C01805,2023-06-01,P01,Monthly,,Active
S-C01806,C01806,2023-02-01,P03,Annual,,Active
S-C01807,C01807,2023-01-01,P01,Monthly,,Active
S-C01808,C01808,2024-08-01,P03,Monthly,2025-04-01,Churned
S-C01809,C01809,2023-04-01,P01,Monthly,2026-02-01,Churned
S-C01810,C01810,2026-04-01,P01,Monthly,,Active
S-C01811,C01811,2023-11-01,P01,Monthly,2026-07-01,Churned
S-C01812,C01812,2025-03-01,P04,Monthly,,Active
S-C01813,C01813,2025-04-01,P01,Annual,2025-11-01,Churned
S-C01814,C01814,2024-09-01,P01,Monthly,2025-12-01,Churned
S-C01815,C01815,2026-01-01,P04,Monthly,,Active
S-C01816,C01816,2023-05-01,P02,Monthly,2023-10-01,Churned
S-C01817,C01817,2023-10-01,P02,Monthly,,Active
S-C01818,C01818,2023-11-01,P02,Monthly,2025-11-01,Churned
S-C01819,C01819,2023-06-01,P04,Monthly,,Active
S-C01820,C01820,2024-01-01,P04,Annual,2026-02-01,Churned
S-C01821,C01821,2024-01-01,P01,Annual,,Active
S-C01822,C01822,2025-08-01,P04,Monthly,,Active
S-C01823,C01823,2024-01-01,P04,Annual,2024-08-01,Churned
S-C01824,C01824,2025-12-01,P02,Monthly,,Active
S-C01825,C01825,2025-08-01,P03,Monthly,,Active
S-C01826,C01826,2026-01-01,P01,Monthly,,Active
S-C01827,C01827,2023-05-01,P02,Annual,,Active
S-C01828,C01828,2026-05-01,P04,Monthly,,Active
S-C01829,C01829,2025-02-01,P01,Monthly,2025-05-01,Churned
S-C01830,C01830,2026-05-01,P03,Monthly,2026-08-01,Churned
S-C01831,C01831,2024-03-01,P01,Monthly,2024-10-01,Churned
S-C01832,C01832,2026-04-01,P03,Annual,,Active
S-C01833,C01833,2025-01-01,P02,Monthly,,Active
S-C01834,C01834,2023-03-01,P01,Annual,2025-07-01,Churned
S-C01835,C01835,2024-05-01,P01,Monthly,2025-04-01,Churned
S-C01836,C01836,2023-06-01,P03,Monthly,,Active
S-C01837,C01837,2026-03-01,P01,Monthly,,Active
S-C01838,C01838,2024-01-01,P01,Monthly,,Active
S-C01839,C01839,2023-10-01,P01,Annual,2025-11-01,Churned
S-C01840,C01840,2024-11-01,P01,Annual,2026-04-01,Churned
S-C01841,C01841,2024-06-01,P01,Monthly,2025-04-01,Churned
S-C01842,C01842,2023-05-01,P02,Monthly,,Active
S-C01843,C01843,2025-10-01,P02,Monthly,,Active
S-C01844,C01844,2025-11-01,P03,Monthly,,Active
S-C01845,C01845,2025-07-01,P01,Monthly,,Active
S-C01846,C01846,2025-02-01,P02,Monthly,2026-02-01,Churned
S-C01847,C01847,2024-05-01,P02,Monthly,,Active
S-C01848,C01848,2024-11-01,P03,Annual,,Active
S-C01849,C01849,2024-10-01,P02,Monthly,,Active
S-C01850,C01850,2023-07-01,P03,Monthly,2023-11-01,Churned
S-C01851,C01851,2023-04-01,P01,Annual,,Active
S-C01852,C01852,2023-11-01,P02,Monthly,2024-03-01,Churned
S-C01853,C01853,2024-07-01,P03,Monthly,,Active
S-C01854,C01854,2023-07-01,P03,Monthly,2024-09-01,Churned
S-C01855,C01855,2023-05-01,P03,Monthly,,Active
S-C01856,C01856,2025-11-01,P04,Monthly,,Active
S-C01857,C01857,2024-04-01,P02,Monthly,,Active
S-C01858,C01858,2024-12-01,P01,Monthly,,Active
S-C01859,C01859,2024-10-01,P01,Monthly,,Active
S-C01860,C01860,2025-07-01,P01,Annual,,Active
S-C01861,C01861,2025-07-01,P02,Monthly,,Active
S-C01862,C01862,2024-01-01,P02,Monthly,,Active
S-C01863,C01863,2025-11-01,P01,Monthly,,Active
S-C01864,C01864,2024-04-01,P03,Monthly,2026-02-01,Churned
S-C01865,C01865,2025-11-01,P02,Monthly,,Active
S-C01866,C01866,2024-05-01,P02,Annual,2025-06-01,Churned
S-C01867,C01867,2023-05-01,P01,Monthly,,Active
S-C01868,C01868,2025-08-01,P03,Monthly,,Active
S-C01869,C01869,2023-02-01,P02,Monthly,,Active
S-C01870,C01870,2025-08-01,P01,Monthly,,Active
S-C01871,C01871,2023-02-01,P01,Monthly,2024-10-01,Churned
S-C01872,C01872,2023-09-01,P03,Monthly,,Active
S-C01873,C01873,2025-01-01,P01,Monthly,,Active
S-C01874,C01874,2026-03-01,P02,Monthly,,Active
S-C01875,C01875,2024-05-01,P03,Annual,,Active
S-C01876,C01876,2023-05-01,P02,Annual,,Active
S-C01877,C01877,2023-10-01,P01,Annual,2026-03-01,Churned
S-C01878,C01878,2026-01-01,P02,Monthly,,Active
S-C01879,C01879,2025-06-01,P01,Monthly,,Active
S-C01880,C01880,2023-05-01,P01,Annual,,Active
S-C01881,C01881,2024-04-01,P02,Annual,2026-01-01,Churned
S-C01882,C01882,2023-11-01,P03,Monthly,2026-05-01,Churned
S-C01883,C01883,2023-08-01,P02,Monthly,2026-01-01,Churned
S-C01884,C01884,2025-11-01,P01,Monthly,,Active
S-C01885,C01885,2025-02-01,P01,Monthly,,Active
S-C01886,C01886,2023-08-01,P01,Annual,,Active
S-C01887,C01887,2025-03-01,P02,Monthly,,Active
S-C01888,C01888,2024-05-01,P01,Monthly,,Active
S-C01889,C01889,2023-03-01,P02,Annual,,Active
S-C01890,C01890,2024-07-01,P02,Monthly,2025-11-01,Churned
S-C01891,C01891,2023-08-01,P01,Monthly,2024-11-01,Churned
S-C01892,C01892,2023-11-01,P01,Annual,,Active
S-C01893,C01893,2026-01-01,P01,Annual,,Active
S-C01894,C01894,2025-06-01,P02,Monthly,,Active
S-C01895,C01895,2023-06-01,P02,Monthly,,Active
S-C01896,C01896,2025-11-01,P04,Monthly,,Active
S-C01897,C01897,2024-12-01,P01,Annual,,Active
S-C01898,C01898,2025-12-01,P03,Monthly,,Active
S-C01899,C01899,2025-07-01,P01,Monthly,,Active
S-C01900,C01900,2024-02-01,P03,Monthly,,Active
S-C01901,C01901,2024-10-01,P03,Monthly,,Active
S-C01902,C01902,2024-10-01,P01,Annual,,Active
S-C01903,C01903,2025-06-01,P02,Monthly,,Active
S-C01904,C01904,2023-11-01,P04,Monthly,,Active
S-C01905,C01905,2024-02-01,P02,Monthly,,Active
S-C01906,C01906,2023-11-01,P02,Monthly,,Active
S-C01907,C01907,2024-01-01,P03,Monthly,,Active
S-C01908,C01908,2023-07-01,P02,Monthly,2025-07-01,Churned
S-C01909,C01909,2023-02-01,P02,Annual,2023-05-01,Churned
S-C01910,C01910,2026-03-01,P03,Monthly,,Active
S-C01911,C01911,2023-04-01,P01,Annual,,Active
S-C01912,C01912,2026-01-01,P01,Annual,,Active
S-C01913,C01913,2023-01-01,P03,Monthly,2025-07-01,Churned
S-C01914,C01914,2025-08-01,P04,Monthly,,Active
S-C01915,C01915,2024-02-01,P01,Annual,2025-05-01,Churned
S-C01916,C01916,2024-10-01,P04,Monthly,,Active
S-C01917,C01917,2023-12-01,P01,Annual,,Active
S-C01918,C01918,2024-09-01,P01,Monthly,,Active
S-C01919,C01919,2024-07-01,P02,Monthly,,Active
S-C01920,C01920,2024-10-01,P01,Monthly,2025-06-01,Churned
S-C01921,C01921,2024-05-01,P03,Monthly,2025-11-01,Churned
S-C01922,C01922,2024-10-01,P02,Annual,,Active
S-C01923,C01923,2025-10-01,P01,Monthly,,Active
S-C01924,C01924,2024-06-01,P01,Monthly,2024-09-01,Churned
S-C01925,C01925,2024-03-01,P01,Monthly,2026-08-01,Churned
S-C01926,C01926,2023-06-01,P01,Monthly,2026-06-01,Churned
S-C01927,C01927,2024-03-01,P03,Monthly,,Active
S-C01928,C01928,2023-06-01,P01,Monthly,2026-01-01,Churned
S-C01929,C01929,2023-08-01,P02,Annual,,Active
S-C01930,C01930,2026-04-01,P03,Monthly,,Active
S-C01931,C01931,2023-04-01,P01,Annual,,Active
S-C01932,C01932,2024-08-01,P02,Monthly,,Active
S-C01933,C01933,2025-11-01,P02,Monthly,,Active
S-C01934,C01934,2026-04-01,P02,Annual,,Active
S-C01935,C01935,2023-07-01,P01,Monthly,,Active
S-C01936,C01936,2023-07-01,P01,Monthly,2026-05-01,Churned
S-C01937,C01937,2024-04-01,P02,Annual,2024-07-01,Churned
S-C01938,C01938,2024-11-01,P01,Annual,2026-06-01,Churned
S-C01939,C01939,2026-04-01,P01,Annual,,Active
S-C01940,C01940,2023-09-01,P03,Monthly,,Active
S-C01941,C01941,2023-07-01,P01,Monthly,2026-08-01,Churned
S-C01942,C01942,2023-11-01,P02,Monthly,2025-11-01,Churned
S-C01943,C01943,2025-12-01,P02,Monthly,,Active
S-C01944,C01944,2023-02-01,P01,Monthly,2025-01-01,Churned
S-C01945,C01945,2024-04-01,P02,Monthly,2025-01-01,Churned
S-C01946,C01946,2023-05-01,P01,Monthly,,Active
S-C01947,C01947,2023-07-01,P03,Annual,,Active
S-C01948,C01948,2026-02-01,P01,Annual,,Active
S-C01949,C01949,2023-01-01,P01,Monthly,,Active
S-C01950,C01950,2024-02-01,P01,Annual,,Active
S-C01951,C01951,2026-02-01,P03,Monthly,,Active
S-C01952,C01952,2025-01-01,P03,Monthly,,Active
S-C01953,C01953,2023-03-01,P01,Annual,,Active
S-C01954,C01954,2024-08-01,P01,Monthly,,Active
S-C01955,C01955,2026-04-01,P03,Monthly,,Active
S-C01956,C01956,2024-05-01,P01,Annual,,Active
S-C01957,C01957,2024-10-01,P01,Annual,2025-05-01,Churned
S-C01958,C01958,2024-10-01,P02,Annual,2026-08-01,Churned
S-C01959,C01959,2025-04-01,P03,Monthly,,Active
S-C01960,C01960,2023-08-01,P01,Monthly,,Active
S-C01961,C01961,2025-11-01,P03,Monthly,,Active
S-C01962,C01962,2026-05-01,P02,Monthly,,Active
S-C01963,C01963,2023-06-01,P02,Annual,,Active
S-C01964,C01964,2025-10-01,P04,Monthly,,Active
S-C01965,C01965,2025-10-01,P01,Monthly,,Active
S-C01966,C01966,2025-07-01,P02,Monthly,,Active
S-C01967,C01967,2024-04-01,P02,Monthly,,Active
S-C01968,C01968,2024-08-01,P03,Annual,,Active
S-C01969,C01969,2025-11-01,P01,Monthly,,Active
S-C01970,C01970,2023-07-01,P02,Monthly,2024-11-01,Churned
S-C01971,C01971,2025-10-01,P03,Annual,,Active
S-C01972,C01972,2026-02-01,P03,Monthly,,Active
S-C01973,C01973,2025-04-01,P01,Monthly,,Active
S-C01974,C01974,2024-03-01,P02,Monthly,,Active
S-C01975,C01975,2024-11-01,P03,Monthly,,Active
S-C01976,C01976,2023-03-01,P02,Monthly,,Active
S-C01977,C01977,2026-03-01,P01,Annual,,Active
S-C01978,C01978,2024-03-01,P02,Monthly,,Active
S-C01979,C01979,2023-03-01,P02,Monthly,,Active
S-C01980,C01980,2025-09-01,P03,Monthly,,Active
S-C01981,C01981,2025-03-01,P02,Monthly,2025-09-01,Churned
S-C01982,C01982,2025-02-01,P04,Annual,,Active
S-C01983,C01983,2023-03-01,P04,Annual,,Active
S-C01984,C01984,2025-07-01,P02,Monthly,,Active
S-C01985,C01985,2025-03-01,P01,Monthly,,Active
S-C01986,C01986,2025-09-01,P01,Monthly,,Active
S-C01987,C01987,2025-10-01,P01,Annual,,Active
S-C01988,C01988,2023-09-01,P03,Monthly,2024-02-01,Churned
S-C01989,C01989,2023-09-01,P01,Monthly,,Active
S-C01990,C01990,2026-02-01,P02,Annual,,Active
S-C01991,C01991,2024-10-01,P02,Annual,,Active
S-C01992,C01992,2024-06-01,P02,Monthly,,Active
S-C01993,C01993,2023-12-01,P01,Annual,,Active
S-C01994,C01994,2025-03-01,P01,Monthly,2026-06-01,Churned
S-C01995,C01995,2025-07-01,P03,Monthly,,Active
S-C01996,C01996,2023-01-01,P01,Monthly,2023-11-01,Churned
S-C01997,C01997,2024-11-01,P01,Annual,,Active
S-C01998,C01998,2026-05-01,P01,Monthly,,Active
S-C01999,C01999,2023-12-01,P02,Annual,,Active
S-C02000,C02000,2023-12-01,P02,Monthly,,Active
S-C02001,C02001,2025-12-01,P03,Annual,2026-06-01,Churned
S-C02002,C02002,2023-03-01,P01,Monthly,2023-07-01,Churned
S-C02003,C02003,2024-05-01,P01,Annual,,Active
S-C02004,C02004,2024-07-01,P01,Monthly,,Active
S-C02005,C02005,2025-09-01,P01,Annual,,Active
S-C02006,C02006,2023-06-01,P02,Annual,,Active
S-C02007,C02007,2024-06-01,P03,Monthly,2024-11-01,Churned
S-C02008,C02008,2023-07-01,P03,Monthly,2024-11-01,Churned
S-C02009,C02009,2025-09-01,P02,Annual,2026-07-01,Churned
S-C02010,C02010,2025-02-01,P02,Monthly,,Active
S-C02011,C02011,2024-09-01,P01,Monthly,,Active
S-C02012,C02012,2024-05-01,P01,Monthly,,Active
S-C02013,C02013,2023-07-01,P04,Annual,2024-05-01,Churned
S-C02014,C02014,2026-02-01,P01,Monthly,,Active
S-C02015,C02015,2025-03-01,P02,Annual,,Active
S-C02016,C02016,2024-02-01,P01,Monthly,2024-06-01,Churned
S-C02017,C02017,2024-05-01,P01,Monthly,,Active
S-C02018,C02018,2025-06-01,P02,Annual,,Active
S-C02019,C02019,2025-06-01,P02,Monthly,,Active
S-C02020,C02020,2024-07-01,P03,Annual,,Active
S-C02021,C02021,2024-01-01,P01,Monthly,,Active
S-C02022,C02022,2025-04-01,P01,Monthly,,Active
S-C02023,C02023,2025-04-01,P02,Monthly,,Active
S-C02024,C02024,2025-01-01,P01,Annual,2026-07-01,Churned
S-C02025,C02025,2023-04-01,P03,Annual,2024-03-01,Churned
S-C02026,C02026,2024-08-01,P03,Monthly,2024-11-01,Churned
S-C02027,C02027,2025-02-01,P01,Monthly,,Active
S-C02028,C02028,2026-03-01,P02,Monthly,,Active
S-C02029,C02029,2024-10-01,P02,Annual,,Active
S-C02030,C02030,2024-03-01,P01,Monthly,2025-08-01,Churned
S-C02031,C02031,2024-11-01,P03,Monthly,,Active
S-C02032,C02032,2023-08-01,P03,Annual,,Active
S-C02033,C02033,2023-04-01,P02,Monthly,,Active
S-C02034,C02034,2025-04-01,P01,Monthly,,Active
S-C02035,C02035,2026-05-01,P01,Monthly,,Active
S-C02036,C02036,2025-11-01,P01,Annual,,Active
S-C02037,C02037,2024-12-01,P01,Monthly,2025-05-01,Churned
S-C02038,C02038,2023-02-01,P02,Annual,2025-06-01,Churned
S-C02039,C02039,2026-05-01,P01,Monthly,,Active
S-C02040,C02040,2024-07-01,P02,Annual,2025-11-01,Churned
S-C02041,C02041,2023-12-01,P03,Annual,2025-06-01,Churned
S-C02042,C02042,2026-01-01,P01,Annual,,Active
S-C02043,C02043,2025-07-01,P02,Monthly,,Active
S-C02044,C02044,2025-07-01,P04,Monthly,,Active
S-C02045,C02045,2023-12-01,P03,Monthly,2026-01-01,Churned
S-C02046,C02046,2026-05-01,P02,Monthly,,Active
S-C02047,C02047,2024-07-01,P01,Monthly,,Active
S-C02048,C02048,2024-10-01,P01,Annual,,Active
S-C02049,C02049,2025-07-01,P03,Annual,2026-08-01,Churned
S-C02050,C02050,2025-04-01,P03,Monthly,,Active
S-C02051,C02051,2023-08-01,P03,Monthly,,Active
S-C02052,C02052,2024-01-01,P01,Monthly,,Active
S-C02053,C02053,2024-03-01,P01,Monthly,2025-02-01,Churned
S-C02054,C02054,2026-03-01,P01,Monthly,2026-06-01,Churned
S-C02055,C02055,2025-06-01,P03,Annual,,Active
S-C02056,C02056,2024-04-01,P02,Monthly,,Active
S-C02057,C02057,2025-07-01,P01,Monthly,,Active
S-C02058,C02058,2025-07-01,P04,Annual,,Active
S-C02059,C02059,2024-05-01,P03,Annual,,Active
S-C02060,C02060,2024-05-01,P02,Monthly,,Active
S-C02061,C02061,2026-01-01,P04,Monthly,,Active
S-C02062,C02062,2024-12-01,P01,Monthly,,Active
S-C02063,C02063,2023-07-01,P02,Monthly,,Active
S-C02064,C02064,2025-06-01,P02,Annual,,Active
S-C02065,C02065,2025-01-01,P01,Monthly,,Active
S-C02066,C02066,2024-09-01,P01,Monthly,,Active
S-C02067,C02067,2025-06-01,P01,Monthly,,Active
S-C02068,C02068,2026-02-01,P03,Monthly,,Active
S-C02069,C02069,2024-02-01,P01,Monthly,,Active
S-C02070,C02070,2024-06-01,P01,Annual,,Active
S-C02071,C02071,2023-08-01,P01,Monthly,,Active
S-C02072,C02072,2025-03-01,P02,Monthly,,Active
S-C02073,C02073,2024-05-01,P02,Monthly,2026-07-01,Churned
S-C02074,C02074,2024-03-01,P02,Monthly,,Active
S-C02075,C02075,2025-05-01,P03,Monthly,,Active
S-C02076,C02076,2024-05-01,P04,Annual,,Active
S-C02077,C02077,2024-08-01,P02,Monthly,,Active
S-C02078,C02078,2024-07-01,P02,Annual,,Active
S-C02079,C02079,2023-11-01,P02,Monthly,2025-03-01,Churned
S-C02080,C02080,2023-06-01,P01,Monthly,2026-04-01,Churned
S-C02081,C02081,2025-10-01,P01,Monthly,,Active
S-C02082,C02082,2023-04-01,P02,Annual,2024-11-01,Churned
S-C02083,C02083,2024-02-01,P01,Annual,,Active
S-C02084,C02084,2025-04-01,P03,Monthly,2025-07-01,Churned
S-C02085,C02085,2023-06-01,P02,Monthly,,Active
S-C02086,C02086,2025-03-01,P02,Monthly,,Active
S-C02087,C02087,2025-07-01,P02,Annual,,Active
S-C02088,C02088,2025-04-01,P01,Monthly,,Active
S-C02089,C02089,2024-01-01,P02,Monthly,,Active
S-C02090,C02090,2023-01-01,P01,Monthly,,Active
S-C02091,C02091,2026-01-01,P02,Monthly,,Active
S-C02092,C02092,2024-02-01,P04,Annual,,Active
S-C02093,C02093,2025-10-01,P01,Annual,,Active
S-C02094,C02094,2023-09-01,P02,Monthly,2024-02-01,Churned
S-C02095,C02095,2023-07-01,P03,Monthly,,Active
S-C02096,C02096,2025-08-01,P04,Annual,,Active
S-C02097,C02097,2026-03-01,P01,Annual,,Active
S-C02098,C02098,2025-12-01,P03,Annual,,Active
S-C02099,C02099,2025-07-01,P03,Monthly,,Active
S-C02100,C02100,2023-11-01,P03,Monthly,2024-04-01,Churned
S-C02101,C02101,2026-02-01,P01,Monthly,,Active
S-C02102,C02102,2025-04-01,P01,Monthly,2026-04-01,Churned
S-C02103,C02103,2023-08-01,P02,Annual,2024-12-01,Churned
S-C02104,C02104,2023-06-01,P02,Monthly,2025-08-01,Churned
S-C02105,C02105,2025-12-01,P03,Annual,2026-04-01,Churned
S-C02106,C02106,2023-12-01,P02,Monthly,,Active
S-C02107,C02107,2025-08-01,P02,Monthly,,Active
S-C02108,C02108,2023-06-01,P02,Monthly,2024-10-01,Churned
S-C02109,C02109,2023-12-01,P03,Monthly,,Active
S-C02110,C02110,2023-12-01,P04,Monthly,2024-04-01,Churned
S-C02111,C02111,2023-12-01,P01,Monthly,2024-08-01,Churned
S-C02112,C02112,2025-04-01,P01,Monthly,,Active
S-C02113,C02113,2026-02-01,P03,Monthly,,Active
S-C02114,C02114,2026-02-01,P01,Annual,,Active
S-C02115,C02115,2025-07-01,P02,Annual,,Active
S-C02116,C02116,2023-09-01,P02,Monthly,2025-04-01,Churned
S-C02117,C02117,2026-04-01,P02,Annual,,Active
S-C02118,C02118,2024-11-01,P01,Monthly,,Active
S-C02119,C02119,2024-11-01,P03,Annual,,Active
S-C02120,C02120,2025-05-01,P01,Monthly,,Active
S-C02121,C02121,2025-08-01,P01,Annual,,Active
S-C02122,C02122,2026-04-01,P01,Annual,,Active
S-C02123,C02123,2024-12-01,P01,Annual,,Active
S-C02124,C02124,2025-01-01,P01,Annual,,Active
S-C02125,C02125,2025-07-01,P02,Annual,,Active
S-C02126,C02126,2023-11-01,P01,Monthly,2025-11-01,Churned
S-C02127,C02127,2024-01-01,P03,Monthly,,Active
S-C02128,C02128,2025-02-01,P02,Monthly,,Active
S-C02129,C02129,2023-03-01,P02,Monthly,2025-01-01,Churned
S-C02130,C02130,2024-02-01,P01,Annual,,Active
S-C02131,C02131,2025-06-01,P02,Monthly,,Active
S-C02132,C02132,2026-05-01,P01,Monthly,,Active
S-C02133,C02133,2024-10-01,P03,Annual,2025-09-01,Churned
S-C02134,C02134,2024-05-01,P02,Monthly,,Active
S-C02135,C02135,2024-07-01,P02,Monthly,,Active
S-C02136,C02136,2025-05-01,P02,Annual,,Active
S-C02137,C02137,2024-11-01,P02,Monthly,,Active
S-C02138,C02138,2023-01-01,P03,Annual,,Active
S-C02139,C02139,2024-11-01,P02,Monthly,,Active
S-C02140,C02140,2024-05-01,P03,Monthly,,Active
S-C02141,C02141,2025-05-01,P01,Monthly,2026-08-01,Churned
S-C02142,C02142,2025-12-01,P03,Monthly,,Active
S-C02143,C02143,2026-04-01,P01,Monthly,,Active
S-C02144,C02144,2025-01-01,P01,Monthly,,Active
S-C02145,C02145,2024-03-01,P03,Monthly,,Active
S-C02146,C02146,2024-07-01,P01,Annual,,Active
S-C02147,C02147,2023-08-01,P01,Monthly,,Active
S-C02148,C02148,2026-03-01,P02,Monthly,,Active
S-C02149,C02149,2025-11-01,P02,Monthly,2026-06-01,Churned
S-C02150,C02150,2025-12-01,P03,Monthly,,Active
S-C02151,C02151,2024-02-01,P02,Monthly,,Active
S-C02152,C02152,2024-02-01,P01,Monthly,,Active
S-C02153,C02153,2025-12-01,P03,Annual,,Active
S-C02154,C02154,2024-11-01,P01,Monthly,2025-12-01,Churned
S-C02155,C02155,2025-05-01,P01,Monthly,,Active
S-C02156,C02156,2024-09-01,P03,Monthly,2025-02-01,Churned
S-C02157,C02157,2024-07-01,P02,Monthly,2026-04-01,Churned
S-C02158,C02158,2025-02-01,P01,Monthly,,Active
S-C02159,C02159,2025-10-01,P03,Monthly,,Active
S-C02160,C02160,2024-02-01,P03,Annual,,Active
S-C02161,C02161,2025-10-01,P03,Monthly,,Active
S-C02162,C02162,2023-11-01,P01,Monthly,2024-05-01,Churned
S-C02163,C02163,2024-05-01,P01,Monthly,,Active
S-C02164,C02164,2026-02-01,P03,Monthly,,Active
S-C02165,C02165,2026-04-01,P01,Annual,,Active
S-C02166,C02166,2026-02-01,P01,Annual,,Active
S-C02167,C02167,2024-01-01,P01,Monthly,,Active
S-C02168,C02168,2025-11-01,P01,Monthly,,Active
S-C02169,C02169,2026-03-01,P01,Monthly,,Active
S-C02170,C02170,2026-05-01,P02,Monthly,,Active
S-C02171,C02171,2023-01-01,P01,Monthly,2025-05-01,Churned
S-C02172,C02172,2025-07-01,P02,Monthly,2026-06-01,Churned
S-C02173,C02173,2026-05-01,P02,Monthly,,Active
S-C02174,C02174,2025-08-01,P02,Monthly,2026-07-01,Churned
S-C02175,C02175,2023-10-01,P03,Annual,2025-04-01,Churned
S-C02176,C02176,2025-08-01,P01,Monthly,,Active
S-C02177,C02177,2023-05-01,P03,Monthly,2026-05-01,Churned
S-C02178,C02178,2024-08-01,P01,Monthly,2025-09-01,Churned
S-C02179,C02179,2025-02-01,P01,Annual,2026-04-01,Churned
S-C02180,C02180,2024-07-01,P02,Monthly,,Active
S-C02181,C02181,2025-05-01,P01,Monthly,2025-09-01,Churned
S-C02182,C02182,2023-10-01,P01,Monthly,,Active
S-C02183,C02183,2025-01-01,P03,Monthly,,Active
S-C02184,C02184,2025-03-01,P02,Monthly,,Active
S-C02185,C02185,2025-03-01,P01,Monthly,,Active
S-C02186,C02186,2023-12-01,P01,Annual,,Active
S-C02187,C02187,2024-01-01,P02,Monthly,,Active
S-C02188,C02188,2023-11-01,P02,Annual,,Active
S-C02189,C02189,2024-07-01,P01,Monthly,2026-03-01,Churned
S-C02190,C02190,2025-01-01,P01,Monthly,2025-09-01,Churned
S-C02191,C02191,2024-03-01,P02,Annual,,Active
S-C02192,C02192,2024-05-01,P03,Monthly,,Active
S-C02193,C02193,2023-12-01,P03,Monthly,2024-07-01,Churned
S-C02194,C02194,2023-10-01,P01,Annual,,Active
S-C02195,C02195,2025-03-01,P01,Annual,,Active
S-C02196,C02196,2025-10-01,P01,Monthly,,Active
S-C02197,C02197,2023-12-01,P02,Monthly,2025-06-01,Churned
S-C02198,C02198,2025-12-01,P02,Annual,,Active
S-C02199,C02199,2024-12-01,P01,Monthly,2025-03-01,Churned
S-C02200,C02200,2023-07-01,P01,Annual,,Active
S-C02201,C02201,2024-04-01,P02,Monthly,,Active
S-C02202,C02202,2023-01-01,P03,Annual,,Active
S-C02203,C02203,2023-02-01,P01,Monthly,2025-08-01,Churned
S-C02204,C02204,2024-02-01,P02,Monthly,,Active
S-C02205,C02205,2024-07-01,P02,Annual,,Active
S-C02206,C02206,2025-09-01,P01,Monthly,,Active
S-C02207,C02207,2023-06-01,P02,Annual,,Active
S-C02208,C02208,2025-11-01,P01,Monthly,,Active
S-C02209,C02209,2023-10-01,P01,Annual,2024-09-01,Churned
S-C02210,C02210,2023-06-01,P03,Monthly,2025-01-01,Churned
S-C02211,C02211,2025-05-01,P02,Monthly,,Active
S-C02212,C02212,2025-08-01,P02,Monthly,,Active
S-C02213,C02213,2025-01-01,P01,Monthly,,Active
S-C02214,C02214,2023-05-01,P03,Monthly,2024-05-01,Churned
S-C02215,C02215,2023-05-01,P01,Monthly,,Active
S-C02216,C02216,2024-05-01,P01,Annual,,Active
S-C02217,C02217,2024-07-01,P02,Monthly,,Active
S-C02218,C02218,2026-05-01,P02,Monthly,,Active
S-C02219,C02219,2023-12-01,P02,Monthly,2024-07-01,Churned
S-C02220,C02220,2023-08-01,P01,Monthly,,Active
S-C02221,C02221,2026-03-01,P01,Annual,2026-08-01,Churned
S-C02222,C02222,2023-07-01,P01,Monthly,2025-03-01,Churned
S-C02223,C02223,2023-02-01,P01,Monthly,,Active
S-C02224,C02224,2024-06-01,P01,Monthly,,Active
S-C02225,C02225,2024-05-01,P01,Monthly,,Active
S-C02226,C02226,2025-02-01,P04,Monthly,,Active
S-C02227,C02227,2025-12-01,P02,Monthly,,Active
S-C02228,C02228,2026-03-01,P02,Monthly,,Active
S-C02229,C02229,2023-12-01,P02,Annual,,Active
S-C02230,C02230,2026-05-01,P03,Monthly,2026-08-01,Churned
S-C02231,C02231,2025-02-01,P02,Annual,,Active
S-C02232,C02232,2023-03-01,P01,Monthly,2024-10-01,Churned
S-C02233,C02233,2026-03-01,P01,Monthly,,Active
S-C02234,C02234,2023-06-01,P01,Monthly,2023-09-01,Churned
S-C02235,C02235,2025-01-01,P01,Monthly,,Active
S-C02236,C02236,2025-09-01,P01,Monthly,2026-05-01,Churned
S-C02237,C02237,2023-11-01,P01,Monthly,,Active
S-C02238,C02238,2023-12-01,P03,Annual,2026-03-01,Churned
S-C02239,C02239,2024-08-01,P03,Monthly,2025-10-01,Churned
S-C02240,C02240,2026-01-01,P02,Monthly,,Active
S-C02241,C02241,2023-10-01,P02,Monthly,2024-11-01,Churned
S-C02242,C02242,2025-04-01,P02,Annual,,Active
S-C02243,C02243,2024-07-01,P01,Monthly,,Active
S-C02244,C02244,2023-05-01,P01,Annual,2024-06-01,Churned
S-C02245,C02245,2025-06-01,P03,Monthly,,Active
S-C02246,C02246,2025-11-01,P02,Monthly,,Active
S-C02247,C02247,2024-12-01,P03,Monthly,,Active
S-C02248,C02248,2023-08-01,P01,Monthly,,Active
S-C02249,C02249,2023-07-01,P02,Monthly,,Active
S-C02250,C02250,2024-06-01,P01,Monthly,,Active
S-C02251,C02251,2024-09-01,P02,Annual,,Active
S-C02252,C02252,2024-11-01,P02,Monthly,,Active
S-C02253,C02253,2023-11-01,P03,Monthly,2026-03-01,Churned
S-C02254,C02254,2024-09-01,P03,Monthly,,Active
S-C02255,C02255,2024-01-01,P02,Monthly,2025-11-01,Churned
S-C02256,C02256,2025-05-01,P03,Monthly,2026-03-01,Churned
S-C02257,C02257,2025-09-01,P02,Annual,,Active
S-C02258,C02258,2025-03-01,P02,Monthly,,Active
S-C02259,C02259,2023-01-01,P01,Monthly,2023-10-01,Churned
S-C02260,C02260,2026-05-01,P01,Monthly,,Active
S-C02261,C02261,2023-01-01,P01,Monthly,2025-06-01,Churned
S-C02262,C02262,2026-06-01,P01,Monthly,,Active
S-C02263,C02263,2023-02-01,P02,Annual,2025-01-01,Churned
S-C02264,C02264,2024-10-01,P01,Monthly,,Active
S-C02265,C02265,2023-05-01,P03,Annual,,Active
S-C02266,C02266,2023-04-01,P01,Monthly,2024-06-01,Churned
S-C02267,C02267,2025-05-01,P02,Monthly,,Active
S-C02268,C02268,2025-06-01,P04,Monthly,,Active
S-C02269,C02269,2023-05-01,P01,Monthly,2025-08-01,Churned
S-C02270,C02270,2026-05-01,P02,Annual,,Active
S-C02271,C02271,2024-02-01,P02,Monthly,2024-05-01,Churned
S-C02272,C02272,2024-02-01,P02,Annual,,Active
S-C02273,C02273,2024-01-01,P02,Monthly,,Active
S-C02274,C02274,2024-07-01,P01,Annual,,Active
S-C02275,C02275,2023-08-01,P02,Monthly,,Active
S-C02276,C02276,2024-06-01,P04,Monthly,2024-10-01,Churned
S-C02277,C02277,2023-09-01,P01,Annual,,Active
S-C02278,C02278,2023-03-01,P02,Monthly,,Active
S-C02279,C02279,2024-04-01,P02,Monthly,,Active
S-C02280,C02280,2025-04-01,P01,Monthly,,Active
S-C02281,C02281,2025-08-01,P04,Annual,,Active
S-C02282,C02282,2024-03-01,P03,Monthly,,Active
S-C02283,C02283,2024-02-01,P01,Monthly,2025-05-01,Churned
S-C02284,C02284,2025-09-01,P03,Monthly,2026-04-01,Churned
S-C02285,C02285,2025-04-01,P01,Annual,,Active
S-C02286,C02286,2025-11-01,P03,Annual,,Active
S-C02287,C02287,2026-02-01,P01,Annual,2026-06-01,Churned
S-C02288,C02288,2025-10-01,P03,Monthly,,Active
S-C02289,C02289,2026-03-01,P01,Annual,,Active
S-C02290,C02290,2024-06-01,P04,Monthly,,Active
S-C02291,C02291,2024-05-01,P04,Monthly,,Active
S-C02292,C02292,2024-02-01,P02,Monthly,,Active
S-C02293,C02293,2023-10-01,P02,Annual,2024-11-01,Churned
S-C02294,C02294,2025-07-01,P02,Annual,,Active
S-C02295,C02295,2025-06-01,P01,Monthly,,Active
S-C02296,C02296,2025-09-01,P01,Monthly,,Active
S-C02297,C02297,2023-07-01,P01,Monthly,,Active
S-C02298,C02298,2024-09-01,P02,Monthly,,Active
S-C02299,C02299,2023-10-01,P01,Monthly,,Active
S-C02300,C02300,2026-01-01,P02,Monthly,,Active
S-C02301,C02301,2023-11-01,P03,Monthly,,Active
S-C02302,C02302,2023-06-01,P01,Monthly,,Active
S-C02303,C02303,2024-12-01,P01,Monthly,,Active
S-C02304,C02304,2026-01-01,P01,Monthly,2026-08-01,Churned
S-C02305,C02305,2026-02-01,P01,Monthly,,Active
S-C02306,C02306,2023-04-01,P02,Monthly,,Active
S-C02307,C02307,2024-02-01,P02,Monthly,,Active
S-C02308,C02308,2023-07-01,P01,Monthly,2024-06-01,Churned
S-C02309,C02309,2024-01-01,P03,Monthly,,Active
S-C02310,C02310,2024-10-01,P02,Monthly,,Active
S-C02311,C02311,2023-12-01,P01,Annual,2025-01-01,Churned
S-C02312,C02312,2023-03-01,P01,Monthly,,Active
S-C02313,C02313,2024-09-01,P04,Annual,,Active
S-C02314,C02314,2023-03-01,P03,Monthly,,Active
S-C02315,C02315,2023-10-01,P01,Monthly,2026-02-01,Churned
S-C02316,C02316,2023-01-01,P01,Monthly,,Active
S-C02317,C02317,2023-04-01,P03,Monthly,2024-02-01,Churned
S-C02318,C02318,2024-06-01,P04,Monthly,,Active
S-C02319,C02319,2025-11-01,P02,Monthly,,Active
S-C02320,C02320,2025-08-01,P01,Annual,,Active
S-C02321,C02321,2023-05-01,P01,Annual,2024-06-01,Churned
S-C02322,C02322,2023-02-01,P01,Annual,,Active
S-C02323,C02323,2024-02-01,P03,Monthly,,Active
S-C02324,C02324,2025-03-01,P02,Monthly,,Active
S-C02325,C02325,2025-07-01,P01,Annual,,Active
S-C02326,C02326,2025-10-01,P01,Monthly,,Active
S-C02327,C02327,2024-03-01,P02,Annual,,Active
S-C02328,C02328,2023-07-01,P02,Monthly,,Active
S-C02329,C02329,2023-02-01,P01,Monthly,2026-08-01,Churned
S-C02330,C02330,2023-07-01,P02,Monthly,,Active
S-C02331,C02331,2023-03-01,P01,Monthly,,Active
S-C02332,C02332,2025-12-01,P04,Monthly,,Active
S-C02333,C02333,2023-12-01,P02,Monthly,2024-10-01,Churned
S-C02334,C02334,2025-10-01,P02,Monthly,,Active
S-C02335,C02335,2024-11-01,P04,Monthly,,Active
S-C02336,C02336,2024-11-01,P04,Annual,,Active
S-C02337,C02337,2024-07-01,P01,Monthly,,Active
S-C02338,C02338,2025-10-01,P01,Monthly,,Active
S-C02339,C02339,2023-02-01,P01,Monthly,,Active
S-C02340,C02340,2023-04-01,P02,Monthly,2025-01-01,Churned
S-C02341,C02341,2024-06-01,P01,Monthly,,Active
S-C02342,C02342,2024-05-01,P02,Monthly,,Active
S-C02343,C02343,2024-11-01,P01,Monthly,,Active
S-C02344,C02344,2025-07-01,P01,Annual,,Active
S-C02345,C02345,2025-01-01,P02,Monthly,,Active
S-C02346,C02346,2023-11-01,P02,Annual,,Active
S-C02347,C02347,2024-02-01,P01,Monthly,,Active
S-C02348,C02348,2025-07-01,P02,Monthly,,Active
S-C02349,C02349,2023-09-01,P01,Monthly,,Active
S-C02350,C02350,2024-09-01,P02,Monthly,,Active
S-C02351,C02351,2024-11-01,P02,Monthly,2025-07-01,Churned
S-C02352,C02352,2025-07-01,P01,Annual,,Active
S-C02353,C02353,2025-06-01,P01,Monthly,,Active
S-C02354,C02354,2024-08-01,P01,Monthly,2026-03-01,Churned
S-C02355,C02355,2024-01-01,P01,Annual,,Active
S-C02356,C02356,2024-04-01,P01,Monthly,,Active
S-C02357,C02357,2024-05-01,P02,Annual,,Active
S-C02358,C02358,2023-10-01,P02,Annual,2024-12-01,Churned
S-C02359,C02359,2025-02-01,P03,Monthly,2026-02-01,Churned
S-C02360,C02360,2023-09-01,P01,Monthly,2024-09-01,Churned
S-C02361,C02361,2025-03-01,P02,Monthly,2025-07-01,Churned
S-C02362,C02362,2025-07-01,P02,Monthly,,Active
S-C02363,C02363,2026-04-01,P02,Annual,,Active
S-C02364,C02364,2023-05-01,P01,Monthly,,Active
S-C02365,C02365,2025-08-01,P02,Annual,,Active
S-C02366,C02366,2023-04-01,P03,Monthly,,Active
S-C02367,C02367,2024-02-01,P02,Annual,2024-05-01,Churned
S-C02368,C02368,2023-08-01,P02,Monthly,,Active
S-C02369,C02369,2023-07-01,P01,Monthly,,Active
S-C02370,C02370,2023-08-01,P02,Monthly,,Active
S-C02371,C02371,2023-02-01,P01,Annual,,Active
S-C02372,C02372,2025-10-01,P02,Monthly,,Active
S-C02373,C02373,2023-03-01,P02,Monthly,,Active
S-C02374,C02374,2024-05-01,P01,Monthly,2026-01-01,Churned
S-C02375,C02375,2025-05-01,P03,Annual,,Active
S-C02376,C02376,2026-05-01,P02,Monthly,,Active
S-C02377,C02377,2025-12-01,P01,Monthly,,Active
S-C02378,C02378,2023-06-01,P01,Annual,,Active
S-C02379,C02379,2026-05-01,P02,Annual,,Active
S-C02380,C02380,2025-03-01,P02,Annual,,Active
S-C02381,C02381,2023-08-01,P01,Monthly,,Active
S-C02382,C02382,2024-07-01,P01,Monthly,,Active
S-C02383,C02383,2026-02-01,P02,Monthly,,Active
S-C02384,C02384,2024-05-01,P01,Monthly,,Active
S-C02385,C02385,2023-08-01,P01,Monthly,2025-10-01,Churned
S-C02386,C02386,2025-12-01,P01,Monthly,,Active
S-C02387,C02387,2026-04-01,P01,Monthly,,Active
S-C02388,C02388,2026-05-01,P02,Monthly,,Active
S-C02389,C02389,2026-04-01,P01,Annual,,Active
S-C02390,C02390,2025-12-01,P01,Annual,,Active
S-C02391,C02391,2024-07-01,P01,Monthly,2025-01-01,Churned
S-C02392,C02392,2023-08-01,P03,Annual,,Active
S-C02393,C02393,2025-02-01,P01,Monthly,,Active
S-C02394,C02394,2023-10-01,P01,Monthly,2024-10-01,Churned
S-C02395,C02395,2024-08-01,P02,Monthly,,Active
S-C02396,C02396,2025-03-01,P02,Monthly,,Active
S-C02397,C02397,2026-03-01,P03,Monthly,,Active
S-C02398,C02398,2023-12-01,P02,Monthly,,Active
S-C02399,C02399,2023-11-01,P03,Monthly,,Active
S-C02400,C02400,2025-07-01,P01,Monthly,,Active
S-C02401,C02401,2023-01-01,P04,Monthly,,Active
S-C02402,C02402,2024-12-01,P02,Monthly,,Active
S-C02403,C02403,2025-07-01,P02,Monthly,,Active
S-C02404,C02404,2024-11-01,P03,Annual,2025-04-01,Churned
S-C02405,C02405,2024-04-01,P01,Monthly,2024-09-01,Churned
S-C02406,C02406,2025-10-01,P02,Monthly,,Active
S-C02407,C02407,2024-04-01,P02,Monthly,,Active
S-C02408,C02408,2025-06-01,P02,Monthly,,Active
S-C02409,C02409,2024-08-01,P02,Monthly,,Active
S-C02410,C02410,2023-02-01,P02,Monthly,,Active
S-C02411,C02411,2024-10-01,P01,Monthly,,Active
S-C02412,C02412,2023-03-01,P01,Monthly,2025-11-01,Churned
S-C02413,C02413,2026-03-01,P02,Monthly,,Active
S-C02414,C02414,2025-01-01,P02,Monthly,,Active
S-C02415,C02415,2024-04-01,P01,Monthly,,Active
S-C02416,C02416,2024-08-01,P02,Monthly,,Active
S-C02417,C02417,2025-02-01,P03,Monthly,,Active
S-C02418,C02418,2023-11-01,P03,Monthly,2024-10-01,Churned
S-C02419,C02419,2023-12-01,P01,Annual,,Active
S-C02420,C02420,2024-06-01,P01,Annual,2026-03-01,Churned
S-C02421,C02421,2023-11-01,P03,Monthly,2026-03-01,Churned
S-C02422,C02422,2025-08-01,P01,Monthly,,Active
S-C02423,C02423,2023-05-01,P01,Monthly,,Active
S-C02424,C02424,2025-10-01,P01,Annual,,Active
S-C02425,C02425,2024-03-01,P02,Annual,,Active
S-C02426,C02426,2024-12-01,P02,Monthly,,Active
S-C02427,C02427,2023-07-01,P04,Monthly,,Active
S-C02428,C02428,2024-04-01,P01,Annual,,Active
S-C02429,C02429,2025-07-01,P01,Monthly,2025-12-01,Churned
S-C02430,C02430,2023-12-01,P02,Monthly,2024-07-01,Churned
S-C02431,C02431,2023-06-01,P01,Monthly,,Active
S-C02432,C02432,2024-10-01,P01,Monthly,,Active
S-C02433,C02433,2023-07-01,P03,Monthly,,Active
S-C02434,C02434,2024-01-01,P02,Monthly,2024-10-01,Churned
S-C02435,C02435,2024-07-01,P02,Annual,,Active
S-C02436,C02436,2024-12-01,P01,Monthly,,Active
S-C02437,C02437,2025-03-01,P03,Annual,,Active
S-C02438,C02438,2025-04-01,P01,Monthly,,Active
S-C02439,C02439,2025-11-01,P01,Monthly,,Active
S-C02440,C02440,2023-03-01,P02,Annual,2025-04-01,Churned
S-C02441,C02441,2024-03-01,P03,Monthly,,Active
S-C02442,C02442,2023-01-01,P04,Monthly,2024-06-01,Churned
S-C02443,C02443,2023-01-01,P01,Monthly,,Active
S-C02444,C02444,2023-09-01,P01,Monthly,2023-12-01,Churned
S-C02445,C02445,2025-01-01,P01,Monthly,,Active
S-C02446,C02446,2026-01-01,P02,Monthly,,Active
S-C02447,C02447,2025-08-01,P04,Annual,,Active
S-C02448,C02448,2025-03-01,P01,Monthly,,Active
S-C02449,C02449,2025-08-01,P01,Monthly,,Active
S-C02450,C02450,2023-08-01,P02,Monthly,2023-12-01,Churned
S-C02451,C02451,2025-11-01,P03,Annual,,Active
S-C02452,C02452,2026-01-01,P01,Annual,,Active
S-C02453,C02453,2023-04-01,P01,Monthly,,Active
S-C02454,C02454,2024-08-01,P02,Monthly,,Active
S-C02455,C02455,2025-11-01,P04,Monthly,,Active
S-C02456,C02456,2024-08-01,P02,Monthly,,Active
S-C02457,C02457,2025-11-01,P02,Monthly,,Active
S-C02458,C02458,2026-03-01,P02,Monthly,,Active
S-C02459,C02459,2024-08-01,P01,Annual,,Active
S-C02460,C02460,2023-03-01,P02,Monthly,2024-10-01,Churned
S-C02461,C02461,2024-02-01,P03,Annual,2024-05-01,Churned
S-C02462,C02462,2023-09-01,P04,Monthly,,Active
S-C02463,C02463,2024-08-01,P02,Annual,2026-06-01,Churned
S-C02464,C02464,2025-01-01,P04,Monthly,,Active
S-C02465,C02465,2024-08-01,P01,Monthly,,Active
S-C02466,C02466,2023-09-01,P03,Monthly,,Active
S-C02467,C02467,2024-01-01,P01,Monthly,,Active
S-C02468,C02468,2025-04-01,P01,Monthly,,Active
S-C02469,C02469,2023-02-01,P01,Monthly,2023-12-01,Churned
S-C02470,C02470,2023-09-01,P01,Monthly,,Active
S-C02471,C02471,2026-01-01,P01,Monthly,,Active
S-C02472,C02472,2023-05-01,P01,Monthly,2024-06-01,Churned
S-C02473,C02473,2024-06-01,P01,Monthly,,Active
S-C02474,C02474,2023-09-01,P01,Annual,,Active
S-C02475,C02475,2023-05-01,P02,Monthly,,Active
S-C02476,C02476,2024-06-01,P04,Monthly,,Active
S-C02477,C02477,2024-10-01,P01,Monthly,2025-03-01,Churned
S-C02478,C02478,2023-08-01,P02,Annual,,Active
S-C02479,C02479,2023-04-01,P01,Annual,,Active
S-C02480,C02480,2023-06-01,P02,Annual,,Active
S-C02481,C02481,2025-03-01,P02,Monthly,,Active
S-C02482,C02482,2025-12-01,P01,Monthly,,Active
S-C02483,C02483,2023-08-01,P01,Annual,2024-04-01,Churned
S-C02484,C02484,2024-02-01,P03,Monthly,,Active
S-C02485,C02485,2024-03-01,P02,Monthly,,Active
S-C02486,C02486,2024-03-01,P01,Monthly,,Active
S-C02487,C02487,2023-11-01,P01,Monthly,,Active
S-C02488,C02488,2023-03-01,P02,Annual,2025-02-01,Churned
S-C02489,C02489,2024-10-01,P01,Monthly,,Active
S-C02490,C02490,2024-03-01,P04,Monthly,,Active
S-C02491,C02491,2024-03-01,P02,Monthly,,Active
S-C02492,C02492,2023-11-01,P01,Annual,,Active
S-C02493,C02493,2026-03-01,P03,Monthly,,Active
S-C02494,C02494,2025-01-01,P02,Monthly,2025-07-01,Churned
S-C02495,C02495,2024-06-01,P04,Annual,,Active
S-C02496,C02496,2023-09-01,P04,Monthly,2025-09-01,Churned
S-C02497,C02497,2025-09-01,P01,Monthly,,Active
S-C02498,C02498,2026-01-01,P03,Monthly,,Active
S-C02499,C02499,2023-02-01,P04,Monthly,2025-12-01,Churned
S-C02500,C02500,2026-03-01,P01,Monthly,,Active
S-C02501,C02501,2025-05-01,P01,Monthly,,Active
S-C02502,C02502,2023-05-01,P02,Annual,2024-08-01,Churned
S-C02503,C02503,2025-07-01,P01,Monthly,,Active
S-C02504,C02504,2023-05-01,P01,Monthly,2024-01-01,Churned
S-C02505,C02505,2023-03-01,P02,Monthly,2025-01-01,Churned
S-C02506,C02506,2023-05-01,P02,Annual,2024-02-01,Churned
S-C02507,C02507,2024-07-01,P01,Annual,,Active
S-C02508,C02508,2025-02-01,P03,Monthly,,Active
S-C02509,C02509,2024-05-01,P02,Monthly,,Active
S-C02510,C02510,2023-06-01,P02,Monthly,,Active
S-C02511,C02511,2023-09-01,P03,Monthly,2024-12-01,Churned
S-C02512,C02512,2025-11-01,P01,Monthly,,Active
S-C02513,C02513,2026-04-01,P01,Monthly,,Active
S-C02514,C02514,2025-07-01,P02,Annual,,Active
S-C02515,C02515,2023-05-01,P01,Monthly,2024-05-01,Churned
S-C02516,C02516,2025-10-01,P02,Annual,,Active
S-C02517,C02517,2025-05-01,P01,Annual,,Active
S-C02518,C02518,2024-10-01,P03,Annual,,Active
S-C02519,C02519,2023-06-01,P02,Monthly,2025-05-01,Churned
S-C02520,C02520,2026-05-01,P01,Annual,,Active
S-C02521,C02521,2024-07-01,P01,Monthly,2025-11-01,Churned
S-C02522,C02522,2023-02-01,P03,Monthly,2024-07-01,Churned
S-C02523,C02523,2023-09-01,P02,Monthly,,Active
S-C02524,C02524,2024-05-01,P02,Annual,,Active
S-C02525,C02525,2023-03-01,P01,Annual,,Active
S-C02526,C02526,2024-02-01,P01,Monthly,,Active
S-C02527,C02527,2024-08-01,P03,Monthly,2025-09-01,Churned
S-C02528,C02528,2026-03-01,P01,Annual,,Active
S-C02529,C02529,2023-04-01,P04,Monthly,2023-11-01,Churned
S-C02530,C02530,2024-12-01,P02,Monthly,2025-04-01,Churned
S-C02531,C02531,2026-02-01,P02,Monthly,,Active
S-C02532,C02532,2025-10-01,P02,Annual,,Active
S-C02533,C02533,2026-02-01,P02,Monthly,,Active
S-C02534,C02534,2023-08-01,P01,Monthly,2025-10-01,Churned
S-C02535,C02535,2025-09-01,P01,Monthly,,Active
S-C02536,C02536,2026-05-01,P02,Monthly,,Active
S-C02537,C02537,2024-02-01,P01,Monthly,,Active
S-C02538,C02538,2024-09-01,P02,Monthly,,Active
S-C02539,C02539,2024-10-01,P01,Annual,,Active
S-C02540,C02540,2024-09-01,P01,Monthly,,Active
S-C02541,C02541,2023-12-01,P01,Monthly,2024-06-01,Churned
S-C02542,C02542,2026-04-01,P02,Annual,,Active
S-C02543,C02543,2026-04-01,P03,Annual,2026-07-01,Churned
S-C02544,C02544,2024-04-01,P01,Monthly,,Active
S-C02545,C02545,2025-10-01,P01,Annual,2026-02-01,Churned
S-C02546,C02546,2024-05-01,P02,Monthly,,Active
S-C02547,C02547,2025-09-01,P01,Annual,,Active
S-C02548,C02548,2024-12-01,P04,Annual,2025-03-01,Churned
S-C02549,C02549,2024-08-01,P01,Monthly,2025-07-01,Churned
S-C02550,C02550,2023-06-01,P03,Monthly,2023-09-01,Churned
S-C02551,C02551,2025-03-01,P01,Monthly,,Active
S-C02552,C02552,2024-02-01,P03,Monthly,2025-09-01,Churned
S-C02553,C02553,2023-09-01,P01,Monthly,,Active
S-C02554,C02554,2023-08-01,P01,Annual,,Active
S-C02555,C02555,2026-05-01,P03,Monthly,,Active
S-C02556,C02556,2023-05-01,P02,Monthly,2023-08-01,Churned
S-C02557,C02557,2025-09-01,P02,Monthly,,Active
S-C02558,C02558,2025-12-01,P01,Monthly,,Active
S-C02559,C02559,2023-02-01,P02,Monthly,,Active
S-C02560,C02560,2025-01-01,P04,Monthly,,Active
S-C02561,C02561,2024-12-01,P02,Monthly,,Active
S-C02562,C02562,2024-03-01,P01,Annual,,Active
S-C02563,C02563,2025-04-01,P03,Monthly,,Active
S-C02564,C02564,2024-05-01,P01,Monthly,,Active
S-C02565,C02565,2024-07-01,P03,Annual,2025-10-01,Churned
S-C02566,C02566,2024-06-01,P02,Monthly,,Active
S-C02567,C02567,2025-09-01,P04,Annual,,Active
S-C02568,C02568,2025-03-01,P03,Annual,,Active
S-C02569,C02569,2024-04-01,P01,Monthly,,Active
S-C02570,C02570,2026-03-01,P01,Annual,,Active
S-C02571,C02571,2025-09-01,P02,Monthly,,Active
S-C02572,C02572,2026-03-01,P01,Monthly,,Active
S-C02573,C02573,2025-06-01,P02,Monthly,,Active
S-C02574,C02574,2024-05-01,P02,Monthly,2024-12-01,Churned
S-C02575,C02575,2025-08-01,P01,Monthly,,Active
S-C02576,C02576,2024-02-01,P02,Annual,,Active
S-C02577,C02577,2023-12-01,P02,Monthly,,Active
S-C02578,C02578,2024-07-01,P02,Monthly,,Active
S-C02579,C02579,2026-04-01,P02,Monthly,,Active
S-C02580,C02580,2024-12-01,P02,Monthly,,Active
S-C02581,C02581,2024-04-01,P04,Monthly,,Active
S-C02582,C02582,2024-07-01,P02,Monthly,,Active
S-C02583,C02583,2023-12-01,P02,Monthly,,Active
S-C02584,C02584,2025-04-01,P01,Annual,,Active
S-C02585,C02585,2024-03-01,P04,Monthly,2024-12-01,Churned
S-C02586,C02586,2024-11-01,P01,Monthly,2025-02-01,Churned
S-C02587,C02587,2024-04-01,P02,Annual,,Active
S-C02588,C02588,2024-02-01,P02,Monthly,,Active
S-C02589,C02589,2026-04-01,P02,Annual,,Active
S-C02590,C02590,2024-03-01,P02,Monthly,,Active
S-C02591,C02591,2023-03-01,P01,Monthly,2023-09-01,Churned
S-C02592,C02592,2024-04-01,P02,Monthly,2024-12-01,Churned
S-C02593,C02593,2024-10-01,P02,Monthly,,Active
S-C02594,C02594,2023-04-01,P01,Annual,,Active
S-C02595,C02595,2024-01-01,P02,Monthly,,Active
S-C02596,C02596,2023-07-01,P01,Annual,,Active
S-C02597,C02597,2024-09-01,P02,Monthly,2025-03-01,Churned
S-C02598,C02598,2025-06-01,P01,Monthly,,Active
S-C02599,C02599,2026-04-01,P01,Monthly,,Active
S-C02600,C02600,2024-04-01,P02,Monthly,2026-01-01,Churned
S-C02601,C02601,2025-12-01,P02,Monthly,,Active
S-C02602,C02602,2023-09-01,P01,Monthly,2025-09-01,Churned
S-C02603,C02603,2025-09-01,P01,Monthly,,Active
S-C02604,C02604,2024-12-01,P03,Monthly,,Active
S-C02605,C02605,2025-08-01,P01,Monthly,,Active
S-C02606,C02606,2025-07-01,P02,Monthly,,Active
S-C02607,C02607,2024-10-01,P03,Monthly,2025-04-01,Churned
S-C02608,C02608,2023-11-01,P01,Monthly,2025-12-01,Churned
S-C02609,C02609,2024-10-01,P01,Monthly,,Active
S-C02610,C02610,2025-10-01,P03,Monthly,,Active
S-C02611,C02611,2026-04-01,P01,Annual,,Active
S-C02612,C02612,2026-03-01,P03,Monthly,,Active
S-C02613,C02613,2023-08-01,P01,Annual,,Active
S-C02614,C02614,2025-01-01,P01,Monthly,,Active
S-C02615,C02615,2023-05-01,P03,Monthly,,Active
S-C02616,C02616,2025-04-01,P01,Monthly,,Active
S-C02617,C02617,2026-05-01,P03,Monthly,,Active
S-C02618,C02618,2023-03-01,P01,Annual,,Active
S-C02619,C02619,2025-03-01,P02,Monthly,,Active
S-C02620,C02620,2026-03-01,P04,Monthly,,Active
S-C02621,C02621,2025-11-01,P02,Monthly,,Active
S-C02622,C02622,2024-05-01,P02,Monthly,2024-11-01,Churned
S-C02623,C02623,2023-05-01,P01,Annual,,Active
S-C02624,C02624,2026-02-01,P01,Monthly,,Active
S-C02625,C02625,2026-02-01,P03,Monthly,,Active
S-C02626,C02626,2024-12-01,P01,Monthly,,Active
S-C02627,C02627,2026-05-01,P01,Monthly,2026-08-01,Churned
S-C02628,C02628,2023-01-01,P02,Annual,2024-07-01,Churned
S-C02629,C02629,2025-02-01,P02,Monthly,,Active
S-C02630,C02630,2023-02-01,P02,Monthly,,Active
S-C02631,C02631,2026-03-01,P01,Annual,,Active
S-C02632,C02632,2025-04-01,P02,Annual,,Active
S-C02633,C02633,2026-02-01,P02,Monthly,,Active
S-C02634,C02634,2024-12-01,P02,Annual,2026-03-01,Churned
S-C02635,C02635,2023-04-01,P01,Monthly,2025-01-01,Churned
S-C02636,C02636,2023-02-01,P01,Monthly,2024-03-01,Churned
S-C02637,C02637,2024-02-01,P03,Monthly,,Active
S-C02638,C02638,2025-07-01,P01,Monthly,,Active
S-C02639,C02639,2023-07-01,P02,Annual,2024-01-01,Churned
S-C02640,C02640,2025-11-01,P01,Annual,,Active
S-C02641,C02641,2023-10-01,P02,Monthly,2024-11-01,Churned
S-C02642,C02642,2024-09-01,P01,Monthly,2025-07-01,Churned
S-C02643,C02643,2023-09-01,P02,Monthly,,Active
S-C02644,C02644,2024-08-01,P02,Annual,,Active
S-C02645,C02645,2024-07-01,P02,Monthly,,Active
S-C02646,C02646,2023-01-01,P01,Monthly,,Active
S-C02647,C02647,2024-12-01,P01,Monthly,,Active
S-C02648,C02648,2025-09-01,P01,Annual,2026-02-01,Churned
S-C02649,C02649,2026-03-01,P01,Monthly,,Active
S-C02650,C02650,2024-02-01,P02,Monthly,,Active
S-C02651,C02651,2026-01-01,P02,Monthly,,Active
S-C02652,C02652,2026-01-01,P01,Monthly,,Active
S-C02653,C02653,2026-05-01,P01,Monthly,,Active
S-C02654,C02654,2024-04-01,P01,Annual,,Active
S-C02655,C02655,2025-11-01,P01,Monthly,,Active
S-C02656,C02656,2024-12-01,P02,Monthly,2026-04-01,Churned
S-C02657,C02657,2023-03-01,P02,Monthly,2024-12-01,Churned
S-C02658,C02658,2023-12-01,P03,Monthly,,Active
S-C02659,C02659,2025-04-01,P01,Monthly,,Active
S-C02660,C02660,2023-07-01,P02,Monthly,,Active
S-C02661,C02661,2024-06-01,P02,Monthly,,Active
S-C02662,C02662,2025-08-01,P01,Monthly,,Active
S-C02663,C02663,2023-07-01,P01,Annual,2025-04-01,Churned
S-C02664,C02664,2024-09-01,P01,Annual,2026-04-01,Churned
S-C02665,C02665,2023-09-01,P02,Monthly,,Active
S-C02666,C02666,2024-10-01,P01,Monthly,,Active
S-C02667,C02667,2023-10-01,P03,Annual,,Active
S-C02668,C02668,2026-04-01,P01,Annual,,Active
S-C02669,C02669,2023-04-01,P01,Monthly,2026-08-01,Churned
S-C02670,C02670,2026-04-01,P01,Monthly,,Active
S-C02671,C02671,2025-09-01,P03,Monthly,,Active
S-C02672,C02672,2025-12-01,P02,Monthly,,Active
S-C02673,C02673,2025-11-01,P01,Monthly,,Active
S-C02674,C02674,2023-08-01,P01,Monthly,2026-03-01,Churned
S-C02675,C02675,2026-03-01,P03,Monthly,,Active
S-C02676,C02676,2025-01-01,P02,Monthly,,Active
S-C02677,C02677,2026-04-01,P01,Monthly,,Active
S-C02678,C02678,2025-12-01,P04,Monthly,,Active
S-C02679,C02679,2024-12-01,P01,Annual,2025-07-01,Churned
S-C02680,C02680,2024-04-01,P01,Annual,,Active
S-C02681,C02681,2023-05-01,P02,Monthly,,Active
S-C02682,C02682,2023-05-01,P01,Monthly,,Active
S-C02683,C02683,2024-05-01,P01,Annual,,Active
S-C02684,C02684,2025-10-01,P03,Monthly,,Active
S-C02685,C02685,2024-09-01,P01,Annual,2025-02-01,Churned
S-C02686,C02686,2024-08-01,P04,Monthly,2026-04-01,Churned
S-C02687,C02687,2023-11-01,P03,Monthly,,Active
S-C02688,C02688,2024-12-01,P02,Monthly,,Active
S-C02689,C02689,2025-03-01,P02,Monthly,,Active
S-C02690,C02690,2026-05-01,P02,Annual,,Active
S-C02691,C02691,2025-06-01,P02,Monthly,,Active
S-C02692,C02692,2025-01-01,P03,Monthly,2025-08-01,Churned
S-C02693,C02693,2026-02-01,P03,Annual,,Active
S-C02694,C02694,2024-06-01,P01,Annual,2025-09-01,Churned
S-C02695,C02695,2026-03-01,P01,Monthly,,Active
S-C02696,C02696,2024-04-01,P01,Annual,,Active
S-C02697,C02697,2023-06-01,P01,Monthly,,Active
S-C02698,C02698,2024-06-01,P02,Monthly,,Active
S-C02699,C02699,2023-06-01,P02,Monthly,2026-07-01,Churned
S-C02700,C02700,2023-05-01,P02,Annual,,Active
S-C02701,C02701,2026-01-01,P02,Monthly,,Active
S-C02702,C02702,2025-09-01,P02,Monthly,,Active
S-C02703,C02703,2023-10-01,P01,Monthly,,Active
S-C02704,C02704,2025-11-01,P01,Monthly,,Active
S-C02705,C02705,2023-03-01,P02,Monthly,2026-06-01,Churned
S-C02706,C02706,2023-12-01,P04,Annual,,Active
S-C02707,C02707,2025-05-01,P02,Annual,,Active
S-C02708,C02708,2024-01-01,P02,Monthly,2024-10-01,Churned
S-C02709,C02709,2025-06-01,P01,Monthly,,Active
S-C02710,C02710,2025-12-01,P01,Annual,,Active
S-C02711,C02711,2023-03-01,P03,Monthly,,Active
S-C02712,C02712,2023-01-01,P03,Monthly,2025-11-01,Churned
S-C02713,C02713,2026-03-01,P03,Monthly,,Active
S-C02714,C02714,2024-10-01,P03,Monthly,,Active
S-C02715,C02715,2024-09-01,P01,Monthly,,Active
S-C02716,C02716,2024-08-01,P01,Monthly,,Active
S-C02717,C02717,2024-06-01,P04,Monthly,,Active
S-C02718,C02718,2025-05-01,P01,Monthly,,Active
S-C02719,C02719,2024-12-01,P01,Monthly,2025-06-01,Churned
S-C02720,C02720,2023-07-01,P03,Monthly,,Active
S-C02721,C02721,2025-02-01,P01,Monthly,,Active
S-C02722,C02722,2025-04-01,P01,Monthly,2026-02-01,Churned
S-C02723,C02723,2023-05-01,P01,Monthly,,Active
S-C02724,C02724,2024-04-01,P01,Monthly,2025-03-01,Churned
S-C02725,C02725,2025-09-01,P01,Monthly,,Active
S-C02726,C02726,2025-02-01,P04,Monthly,,Active
S-C02727,C02727,2023-06-01,P01,Monthly,,Active
S-C02728,C02728,2023-02-01,P01,Monthly,,Active
S-C02729,C02729,2024-12-01,P01,Monthly,,Active
S-C02730,C02730,2024-07-01,P03,Monthly,,Active
S-C02731,C02731,2026-04-01,P02,Monthly,,Active
S-C02732,C02732,2024-10-01,P02,Annual,2026-05-01,Churned
S-C02733,C02733,2026-03-01,P01,Monthly,,Active
S-C02734,C02734,2023-09-01,P01,Monthly,,Active
S-C02735,C02735,2024-07-01,P01,Annual,2025-06-01,Churned
S-C02736,C02736,2023-06-01,P02,Monthly,2026-02-01,Churned
S-C02737,C02737,2024-12-01,P02,Monthly,,Active
S-C02738,C02738,2023-08-01,P01,Monthly,2024-04-01,Churned
S-C02739,C02739,2024-09-01,P01,Annual,2025-09-01,Churned
S-C02740,C02740,2024-03-01,P01,Annual,,Active
S-C02741,C02741,2023-08-01,P01,Monthly,2025-01-01,Churned
S-C02742,C02742,2023-05-01,P02,Annual,2025-12-01,Churned
S-C02743,C02743,2024-10-01,P03,Monthly,2025-04-01,Churned
S-C02744,C02744,2026-03-01,P04,Monthly,,Active
S-C02745,C02745,2023-09-01,P03,Monthly,2025-08-01,Churned
S-C02746,C02746,2024-05-01,P01,Monthly,,Active
S-C02747,C02747,2023-10-01,P01,Monthly,,Active
S-C02748,C02748,2025-10-01,P01,Monthly,,Active
S-C02749,C02749,2024-06-01,P01,Monthly,2024-09-01,Churned
S-C02750,C02750,2026-05-01,P02,Monthly,,Active
S-C02751,C02751,2023-11-01,P01,Monthly,,Active
S-C02752,C02752,2023-04-01,P02,Monthly,,Active
S-C02753,C02753,2024-12-01,P01,Monthly,2025-08-01,Churned
S-C02754,C02754,2025-03-01,P02,Monthly,2025-10-01,Churned
S-C02755,C02755,2026-05-01,P03,Monthly,,Active
S-C02756,C02756,2025-12-01,P03,Monthly,,Active
S-C02757,C02757,2026-01-01,P01,Monthly,,Active
S-C02758,C02758,2025-03-01,P02,Monthly,2025-11-01,Churned
S-C02759,C02759,2024-03-01,P01,Monthly,,Active
S-C02760,C02760,2024-06-01,P01,Monthly,2025-02-01,Churned
S-C02761,C02761,2023-06-01,P02,Monthly,,Active
S-C02762,C02762,2024-06-01,P03,Monthly,2026-05-01,Churned
S-C02763,C02763,2024-03-01,P02,Monthly,,Active
S-C02764,C02764,2023-02-01,P02,Annual,2024-08-01,Churned
S-C02765,C02765,2023-09-01,P02,Monthly,,Active
S-C02766,C02766,2024-10-01,P02,Monthly,2026-02-01,Churned
S-C02767,C02767,2024-04-01,P01,Annual,2025-11-01,Churned
S-C02768,C02768,2026-05-01,P01,Monthly,2026-08-01,Churned
S-C02769,C02769,2024-08-01,P03,Annual,2026-04-01,Churned
S-C02770,C02770,2026-04-01,P01,Monthly,,Active
S-C02771,C02771,2025-04-01,P02,Monthly,,Active
S-C02772,C02772,2023-02-01,P03,Monthly,2026-01-01,Churned
S-C02773,C02773,2023-09-01,P02,Monthly,,Active
S-C02774,C02774,2025-05-01,P02,Monthly,,Active
S-C02775,C02775,2024-11-01,P01,Annual,,Active
S-C02776,C02776,2024-01-01,P03,Annual,,Active
S-C02777,C02777,2024-10-01,P02,Monthly,,Active
S-C02778,C02778,2026-01-01,P01,Monthly,,Active
S-C02779,C02779,2024-04-01,P01,Monthly,,Active
S-C02780,C02780,2023-02-01,P01,Annual,2024-08-01,Churned
S-C02781,C02781,2024-01-01,P02,Monthly,2026-07-01,Churned
S-C02782,C02782,2026-03-01,P03,Monthly,,Active
S-C02783,C02783,2025-08-01,P01,Monthly,,Active
S-C02784,C02784,2025-11-01,P02,Monthly,,Active
S-C02785,C02785,2026-02-01,P02,Monthly,,Active
S-C02786,C02786,2023-05-01,P02,Monthly,,Active
S-C02787,C02787,2023-12-01,P01,Annual,,Active
S-C02788,C02788,2023-03-01,P03,Monthly,2026-05-01,Churned
S-C02789,C02789,2023-01-01,P02,Monthly,,Active
S-C02790,C02790,2025-11-01,P01,Monthly,,Active
S-C02791,C02791,2026-03-01,P03,Monthly,2026-08-01,Churned
S-C02792,C02792,2023-07-01,P02,Monthly,2025-09-01,Churned
S-C02793,C02793,2025-06-01,P02,Monthly,,Active
S-C02794,C02794,2024-10-01,P02,Monthly,,Active
S-C02795,C02795,2023-03-01,P01,Monthly,,Active
S-C02796,C02796,2026-02-01,P02,Monthly,,Active
S-C02797,C02797,2025-12-01,P04,Monthly,,Active
S-C02798,C02798,2024-12-01,P02,Monthly,,Active
S-C02799,C02799,2025-06-01,P01,Monthly,2026-05-01,Churned
S-C02800,C02800,2024-05-01,P02,Monthly,2025-01-01,Churned
S-C02801,C02801,2025-09-01,P03,Monthly,,Active
S-C02802,C02802,2024-07-01,P01,Monthly,,Active
S-C02803,C02803,2026-05-01,P02,Monthly,,Active
S-C02804,C02804,2023-03-01,P04,Monthly,,Active
S-C02805,C02805,2023-08-01,P04,Annual,,Active
S-C02806,C02806,2026-04-01,P01,Monthly,,Active
S-C02807,C02807,2023-12-01,P01,Monthly,,Active
S-C02808,C02808,2024-01-01,P03,Monthly,,Active
S-C02809,C02809,2025-09-01,P04,Monthly,,Active
S-C02810,C02810,2023-08-01,P03,Monthly,,Active
S-C02811,C02811,2024-10-01,P01,Monthly,,Active
S-C02812,C02812,2023-12-01,P01,Monthly,,Active
S-C02813,C02813,2023-09-01,P02,Annual,,Active
S-C02814,C02814,2026-04-01,P02,Monthly,,Active
S-C02815,C02815,2023-09-01,P01,Monthly,2026-06-01,Churned
S-C02816,C02816,2023-04-01,P03,Monthly,,Active
S-C02817,C02817,2025-04-01,P01,Monthly,,Active
S-C02818,C02818,2025-12-01,P01,Monthly,,Active
S-C02819,C02819,2023-06-01,P01,Annual,,Active
S-C02820,C02820,2025-06-01,P03,Monthly,,Active
S-C02821,C02821,2024-11-01,P01,Monthly,,Active
S-C02822,C02822,2025-11-01,P02,Annual,,Active
S-C02823,C02823,2023-06-01,P02,Monthly,,Active
S-C02824,C02824,2026-05-01,P01,Monthly,,Active
S-C02825,C02825,2025-02-01,P01,Annual,,Active
S-C02826,C02826,2025-11-01,P01,Monthly,,Active
S-C02827,C02827,2024-03-01,P03,Annual,2026-05-01,Churned
S-C02828,C02828,2026-03-01,P02,Monthly,,Active
S-C02829,C02829,2025-02-01,P01,Monthly,,Active
S-C02830,C02830,2023-06-01,P02,Monthly,,Active
S-C02831,C02831,2026-02-01,P01,Monthly,,Active
S-C02832,C02832,2025-09-01,P02,Monthly,,Active
S-C02833,C02833,2024-01-01,P02,Annual,,Active
S-C02834,C02834,2024-11-01,P02,Monthly,,Active
S-C02835,C02835,2024-04-01,P01,Monthly,2025-03-01,Churned
S-C02836,C02836,2024-11-01,P01,Monthly,,Active
S-C02837,C02837,2026-04-01,P02,Monthly,,Active
S-C02838,C02838,2026-01-01,P01,Monthly,,Active
S-C02839,C02839,2023-09-01,P01,Monthly,,Active
S-C02840,C02840,2026-04-01,P03,Monthly,2026-07-01,Churned
S-C02841,C02841,2024-06-01,P01,Monthly,,Active
S-C02842,C02842,2025-05-01,P02,Monthly,2025-09-01,Churned
S-C02843,C02843,2025-08-01,P02,Monthly,,Active
S-C02844,C02844,2024-08-01,P01,Monthly,,Active
S-C02845,C02845,2024-07-01,P02,Monthly,,Active
S-C02846,C02846,2024-07-01,P02,Annual,,Active
S-C02847,C02847,2025-12-01,P04,Annual,,Active
S-C02848,C02848,2024-04-01,P01,Monthly,,Active
S-C02849,C02849,2023-12-01,P01,Annual,,Active
S-C02850,C02850,2024-03-01,P04,Annual,2025-08-01,Churned
S-C02851,C02851,2023-09-01,P01,Monthly,,Active
S-C02852,C02852,2024-05-01,P04,Monthly,,Active
S-C02853,C02853,2023-05-01,P02,Monthly,,Active
S-C02854,C02854,2023-04-01,P01,Monthly,2023-07-01,Churned
S-C02855,C02855,2025-06-01,P02,Annual,,Active
S-C02856,C02856,2023-04-01,P01,Monthly,,Active
S-C02857,C02857,2024-12-01,P03,Monthly,,Active
S-C02858,C02858,2025-08-01,P03,Annual,,Active
S-C02859,C02859,2025-06-01,P02,Annual,,Active
S-C02860,C02860,2024-07-01,P01,Monthly,,Active
S-C02861,C02861,2023-08-01,P01,Monthly,2026-07-01,Churned
S-C02862,C02862,2026-03-01,P04,Monthly,,Active
S-C02863,C02863,2025-11-01,P03,Annual,,Active
S-C02864,C02864,2025-02-01,P03,Monthly,,Active
S-C02865,C02865,2023-04-01,P02,Annual,,Active
S-C02866,C02866,2023-02-01,P01,Monthly,2024-04-01,Churned
S-C02867,C02867,2024-01-01,P01,Monthly,2025-10-01,Churned
S-C02868,C02868,2023-07-01,P02,Monthly,2024-05-01,Churned
S-C02869,C02869,2025-12-01,P01,Monthly,,Active
S-C02870,C02870,2023-09-01,P02,Annual,,Active
S-C02871,C02871,2023-12-01,P02,Monthly,2024-06-01,Churned
S-C02872,C02872,2026-05-01,P04,Monthly,,Active
S-C02873,C02873,2025-10-01,P04,Monthly,,Active
S-C02874,C02874,2023-09-01,P01,Monthly,,Active
S-C02875,C02875,2024-04-01,P04,Monthly,,Active
S-C02876,C02876,2024-10-01,P02,Monthly,,Active
S-C02877,C02877,2025-04-01,P04,Monthly,,Active
S-C02878,C02878,2026-03-01,P01,Annual,,Active
S-C02879,C02879,2025-12-01,P01,Monthly,,Active
S-C02880,C02880,2026-05-01,P03,Monthly,,Active
S-C02881,C02881,2023-02-01,P02,Annual,,Active
S-C02882,C02882,2023-10-01,P02,Monthly,2024-04-01,Churned
S-C02883,C02883,2024-12-01,P04,Annual,2025-06-01,Churned
S-C02884,C02884,2023-03-01,P02,Annual,2025-07-01,Churned
S-C02885,C02885,2024-03-01,P02,Monthly,2025-12-01,Churned
S-C02886,C02886,2023-07-01,P01,Monthly,2025-07-01,Churned
S-C02887,C02887,2026-03-01,P01,Monthly,,Active
S-C02888,C02888,2023-03-01,P01,Monthly,,Active
S-C02889,C02889,2023-07-01,P01,Monthly,,Active
S-C02890,C02890,2023-09-01,P01,Monthly,,Active
S-C02891,C02891,2023-07-01,P03,Annual,,Active
S-C02892,C02892,2024-12-01,P01,Monthly,,Active
S-C02893,C02893,2024-03-01,P01,Monthly,,Active
S-C02894,C02894,2026-02-01,P03,Monthly,,Active
S-C02895,C02895,2023-11-01,P02,Monthly,2024-12-01,Churned
S-C02896,C02896,2024-11-01,P02,Monthly,,Active
S-C02897,C02897,2025-04-01,P02,Monthly,2026-03-01,Churned
S-C02898,C02898,2025-02-01,P02,Annual,,Active
S-C02899,C02899,2025-09-01,P01,Monthly,,Active
S-C02900,C02900,2023-09-01,P01,Monthly,,Active
S-C02901,C02901,2024-09-01,P01,Annual,2025-07-01,Churned
S-C02902,C02902,2025-09-01,P03,Annual,,Active
S-C02903,C02903,2025-12-01,P01,Monthly,,Active
S-C02904,C02904,2025-02-01,P03,Annual,,Active
S-C02905,C02905,2025-03-01,P01,Monthly,,Active
S-C02906,C02906,2025-12-01,P04,Monthly,,Active
S-C02907,C02907,2025-02-01,P03,Monthly,2025-12-01,Churned
S-C02908,C02908,2026-03-01,P03,Annual,,Active
S-C02909,C02909,2023-06-01,P02,Monthly,,Active
S-C02910,C02910,2024-03-01,P01,Monthly,,Active
S-C02911,C02911,2023-05-01,P01,Monthly,2025-05-01,Churned
S-C02912,C02912,2023-04-01,P03,Annual,,Active
S-C02913,C02913,2024-08-01,P03,Monthly,2025-09-01,Churned
S-C02914,C02914,2023-10-01,P02,Monthly,2025-12-01,Churned
S-C02915,C02915,2024-05-01,P01,Annual,,Active
S-C02916,C02916,2024-06-01,P01,Annual,,Active
S-C02917,C02917,2025-02-01,P01,Monthly,2025-08-01,Churned
S-C02918,C02918,2026-03-01,P02,Monthly,,Active
S-C02919,C02919,2025-11-01,P01,Monthly,,Active
S-C02920,C02920,2024-04-01,P01,Annual,2025-10-01,Churned
S-C02921,C02921,2024-02-01,P01,Monthly,2024-10-01,Churned
S-C02922,C02922,2025-08-01,P04,Monthly,2025-11-01,Churned
S-C02923,C02923,2023-06-01,P03,Monthly,,Active
S-C02924,C02924,2024-11-01,P03,Annual,,Active
S-C02925,C02925,2024-06-01,P03,Monthly,2025-03-01,Churned
S-C02926,C02926,2023-08-01,P02,Monthly,,Active
S-C02927,C02927,2025-02-01,P02,Monthly,2026-06-01,Churned
S-C02928,C02928,2024-02-01,P02,Monthly,,Active
S-C02929,C02929,2023-08-01,P01,Annual,,Active
S-C02930,C02930,2025-03-01,P02,Monthly,,Active
S-C02931,C02931,2023-08-01,P02,Monthly,2024-09-01,Churned
S-C02932,C02932,2025-04-01,P01,Monthly,,Active
S-C02933,C02933,2023-07-01,P04,Annual,2026-01-01,Churned
S-C02934,C02934,2024-06-01,P02,Monthly,,Active
S-C02935,C02935,2025-10-01,P04,Annual,,Active
S-C02936,C02936,2023-10-01,P01,Monthly,,Active
S-C02937,C02937,2025-08-01,P01,Monthly,2026-07-01,Churned
S-C02938,C02938,2025-06-01,P02,Monthly,,Active
S-C02939,C02939,2026-01-01,P02,Monthly,,Active
S-C02940,C02940,2023-07-01,P01,Monthly,2024-05-01,Churned
S-C02941,C02941,2025-06-01,P02,Monthly,2026-04-01,Churned
S-C02942,C02942,2026-03-01,P02,Annual,,Active
S-C02943,C02943,2025-08-01,P01,Monthly,,Active
S-C02944,C02944,2023-08-01,P01,Monthly,2025-12-01,Churned
S-C02945,C02945,2025-10-01,P01,Annual,,Active
S-C02946,C02946,2023-05-01,P02,Monthly,2024-12-01,Churned
S-C02947,C02947,2025-01-01,P01,Annual,,Active
S-C02948,C02948,2024-09-01,P02,Monthly,,Active
S-C02949,C02949,2024-10-01,P04,Annual,,Active
S-C02950,C02950,2024-10-01,P02,Monthly,,Active
S-C02951,C02951,2023-02-01,P01,Monthly,,Active
S-C02952,C02952,2024-09-01,P01,Monthly,,Active
S-C02953,C02953,2026-03-01,P03,Monthly,,Active
S-C02954,C02954,2024-06-01,P02,Monthly,,Active
S-C02955,C02955,2023-12-01,P03,Annual,2024-07-01,Churned
S-C02956,C02956,2026-05-01,P02,Monthly,,Active
S-C02957,C02957,2023-05-01,P01,Monthly,2025-08-01,Churned
S-C02958,C02958,2024-08-01,P02,Monthly,,Active
S-C02959,C02959,2024-10-01,P02,Monthly,,Active
S-C02960,C02960,2024-08-01,P03,Annual,2025-03-01,Churned
S-C02961,C02961,2026-02-01,P04,Annual,,Active
S-C02962,C02962,2024-06-01,P04,Monthly,,Active
S-C02963,C02963,2026-04-01,P01,Monthly,,Active
S-C02964,C02964,2023-03-01,P02,Monthly,,Active
S-C02965,C02965,2025-07-01,P03,Monthly,,Active
S-C02966,C02966,2025-01-01,P01,Monthly,,Active
S-C02967,C02967,2023-10-01,P01,Annual,,Active
S-C02968,C02968,2023-10-01,P01,Monthly,,Active
S-C02969,C02969,2025-06-01,P02,Annual,,Active
S-C02970,C02970,2025-03-01,P01,Monthly,2026-01-01,Churned
S-C02971,C02971,2025-02-01,P02,Monthly,,Active
S-C02972,C02972,2023-03-01,P01,Monthly,,Active
S-C02973,C02973,2025-01-01,P02,Monthly,2025-05-01,Churned
S-C02974,C02974,2026-05-01,P03,Monthly,,Active
S-C02975,C02975,2023-01-01,P01,Monthly,,Active
S-C02976,C02976,2024-08-01,P04,Monthly,,Active
S-C02977,C02977,2024-09-01,P03,Monthly,,Active
S-C02978,C02978,2026-01-01,P01,Monthly,,Active
S-C02979,C02979,2023-12-01,P01,Monthly,,Active
S-C02980,C02980,2024-08-01,P01,Monthly,,Active
S-C02981,C02981,2025-06-01,P01,Monthly,2025-10-01,Churned
S-C02982,C02982,2023-03-01,P02,Monthly,2025-04-01,Churned
S-C02983,C02983,2025-09-01,P02,Monthly,,Active
S-C02984,C02984,2025-10-01,P01,Monthly,2026-04-01,Churned
S-C02985,C02985,2025-06-01,P02,Annual,,Active
S-C02986,C02986,2025-03-01,P01,Annual,,Active
S-C02987,C02987,2025-07-01,P03,Monthly,,Active
S-C02988,C02988,2025-09-01,P02,Monthly,,Active
S-C02989,C02989,2026-02-01,P03,Annual,,Active
S-C02990,C02990,2024-06-01,P02,Annual,2024-09-01,Churned
S-C02991,C02991,2024-07-01,P01,Annual,2026-07-01,Churned
S-C02992,C02992,2025-03-01,P02,Annual,,Active
S-C02993,C02993,2023-08-01,P03,Monthly,,Active
S-C02994,C02994,2025-12-01,P01,Annual,,Active
S-C02995,C02995,2025-08-01,P03,Monthly,,Active
S-C02996,C02996,2025-02-01,P03,Monthly,2025-07-01,Churned
S-C02997,C02997,2024-01-01,P02,Monthly,2025-06-01,Churned
S-C02998,C02998,2024-03-01,P01,Monthly,,Active
S-C02999,C02999,2024-06-01,P01,Monthly,,Active
S-C03000,C03000,2025-04-01,P03,Annual,,Active
S-C03001,C03001,2025-08-01,P03,Monthly,,Active
S-C03002,C03002,2025-04-01,P03,Monthly,2025-10-01,Churned
S-C03003,C03003,2026-03-01,P01,Annual,,Active
S-C03004,C03004,2026-04-01,P01,Monthly,,Active
S-C03005,C03005,2025-05-01,P02,Annual,,Active
S-C03006,C03006,2024-04-01,P02,Monthly,,Active
S-C03007,C03007,2025-01-01,P02,Annual,2025-04-01,Churned
S-C03008,C03008,2024-06-01,P02,Monthly,2025-01-01,Churned
S-C03009,C03009,2025-02-01,P02,Monthly,,Active
S-C03010,C03010,2025-10-01,P03,Annual,,Active
S-C03011,C03011,2024-04-01,P01,Monthly,2026-04-01,Churned
S-C03012,C03012,2024-09-01,P02,Monthly,2025-03-01,Churned
S-C03013,C03013,2023-02-01,P01,Monthly,2024-09-01,Churned
S-C03014,C03014,2025-07-01,P02,Annual,,Active
S-C03015,C03015,2024-09-01,P02,Annual,,Active
S-C03016,C03016,2024-07-01,P02,Monthly,,Active
S-C03017,C03017,2024-10-01,P01,Monthly,,Active
S-C03018,C03018,2023-09-01,P02,Annual,2026-06-01,Churned
S-C03019,C03019,2025-01-01,P01,Monthly,,Active
S-C03020,C03020,2025-07-01,P04,Monthly,2026-01-01,Churned
S-C03021,C03021,2024-03-01,P01,Monthly,,Active
S-C03022,C03022,2023-06-01,P02,Monthly,2023-10-01,Churned
S-C03023,C03023,2024-04-01,P02,Annual,2024-11-01,Churned
S-C03024,C03024,2023-09-01,P02,Monthly,,Active
S-C03025,C03025,2024-04-01,P02,Monthly,2025-06-01,Churned
S-C03026,C03026,2025-02-01,P02,Monthly,,Active
S-C03027,C03027,2023-05-01,P03,Monthly,2024-10-01,Churned
S-C03028,C03028,2025-07-01,P02,Annual,,Active
S-C03029,C03029,2023-10-01,P01,Monthly,,Active
S-C03030,C03030,2026-01-01,P03,Annual,,Active
S-C03031,C03031,2025-07-01,P02,Annual,,Active
S-C03032,C03032,2023-12-01,P02,Monthly,,Active
S-C03033,C03033,2024-12-01,P02,Monthly,2025-06-01,Churned
S-C03034,C03034,2023-05-01,P01,Monthly,,Active
S-C03035,C03035,2023-05-01,P03,Monthly,,Active
S-C03036,C03036,2026-04-01,P03,Monthly,,Active
S-C03037,C03037,2025-09-01,P03,Annual,,Active
S-C03038,C03038,2023-07-01,P02,Monthly,2024-12-01,Churned
S-C03039,C03039,2023-12-01,P03,Monthly,,Active
S-C03040,C03040,2023-09-01,P02,Monthly,2023-12-01,Churned
S-C03041,C03041,2024-05-01,P04,Monthly,,Active
S-C03042,C03042,2023-12-01,P04,Annual,,Active
S-C03043,C03043,2024-02-01,P02,Monthly,,Active
S-C03044,C03044,2024-10-01,P01,Monthly,,Active
S-C03045,C03045,2023-08-01,P01,Monthly,,Active
S-C03046,C03046,2026-01-01,P02,Annual,,Active
S-C03047,C03047,2025-06-01,P02,Monthly,,Active
S-C03048,C03048,2025-08-01,P01,Annual,,Active
S-C03049,C03049,2023-07-01,P01,Monthly,,Active
S-C03050,C03050,2025-06-01,P04,Monthly,,Active
S-C03051,C03051,2025-11-01,P01,Monthly,,Active
S-C03052,C03052,2023-08-01,P01,Monthly,2025-03-01,Churned
S-C03053,C03053,2025-07-01,P02,Monthly,,Active
S-C03054,C03054,2024-03-01,P01,Annual,2025-02-01,Churned
S-C03055,C03055,2025-09-01,P04,Monthly,2026-08-01,Churned
S-C03056,C03056,2024-08-01,P01,Monthly,,Active
S-C03057,C03057,2025-09-01,P01,Monthly,,Active
S-C03058,C03058,2023-07-01,P02,Monthly,,Active
S-C03059,C03059,2024-04-01,P02,Monthly,,Active
S-C03060,C03060,2023-12-01,P01,Monthly,,Active
S-C03061,C03061,2023-11-01,P01,Annual,,Active
S-C03062,C03062,2024-01-01,P04,Annual,2026-07-01,Churned
S-C03063,C03063,2024-04-01,P01,Monthly,,Active
S-C03064,C03064,2023-06-01,P02,Monthly,,Active
S-C03065,C03065,2025-06-01,P01,Monthly,2025-11-01,Churned
S-C03066,C03066,2024-11-01,P01,Monthly,,Active
S-C03067,C03067,2025-10-01,P03,Annual,2026-01-01,Churned
S-C03068,C03068,2025-05-01,P01,Annual,2025-09-01,Churned
S-C03069,C03069,2023-07-01,P02,Monthly,,Active
S-C03070,C03070,2023-03-01,P02,Annual,2024-02-01,Churned
S-C03071,C03071,2024-06-01,P01,Monthly,,Active
S-C03072,C03072,2024-08-01,P01,Monthly,2025-01-01,Churned
S-C03073,C03073,2023-10-01,P01,Annual,,Active
S-C03074,C03074,2025-09-01,P02,Annual,,Active
S-C03075,C03075,2024-12-01,P02,Annual,,Active
S-C03076,C03076,2025-07-01,P03,Monthly,,Active
S-C03077,C03077,2023-05-01,P02,Monthly,,Active
S-C03078,C03078,2025-10-01,P03,Annual,,Active
S-C03079,C03079,2023-09-01,P01,Monthly,,Active
S-C03080,C03080,2024-07-01,P01,Annual,,Active
S-C03081,C03081,2024-07-01,P01,Monthly,2026-08-01,Churned
S-C03082,C03082,2025-10-01,P02,Monthly,,Active
S-C03083,C03083,2023-12-01,P01,Monthly,,Active
S-C03084,C03084,2023-10-01,P01,Monthly,2024-12-01,Churned
S-C03085,C03085,2024-02-01,P03,Monthly,,Active
S-C03086,C03086,2024-03-01,P04,Monthly,,Active
S-C03087,C03087,2023-08-01,P02,Monthly,2025-07-01,Churned
S-C03088,C03088,2023-08-01,P02,Annual,2025-04-01,Churned
S-C03089,C03089,2023-10-01,P01,Monthly,,Active
S-C03090,C03090,2024-08-01,P03,Monthly,2026-03-01,Churned
S-C03091,C03091,2024-03-01,P02,Monthly,,Active
S-C03092,C03092,2024-05-01,P02,Monthly,,Active
S-C03093,C03093,2025-06-01,P03,Monthly,2026-01-01,Churned
S-C03094,C03094,2023-10-01,P04,Monthly,,Active
S-C03095,C03095,2026-02-01,P04,Annual,,Active
S-C03096,C03096,2025-07-01,P01,Monthly,,Active
S-C03097,C03097,2023-08-01,P01,Monthly,2024-11-01,Churned
S-C03098,C03098,2024-01-01,P04,Annual,2025-08-01,Churned
S-C03099,C03099,2023-08-01,P01,Monthly,,Active
S-C03100,C03100,2023-12-01,P03,Monthly,,Active
S-C03101,C03101,2024-04-01,P01,Monthly,,Active
S-C03102,C03102,2023-06-01,P02,Annual,,Active
S-C03103,C03103,2023-01-01,P01,Monthly,,Active
S-C03104,C03104,2024-07-01,P03,Annual,2025-12-01,Churned
S-C03105,C03105,2025-05-01,P01,Annual,,Active
S-C03106,C03106,2024-01-01,P02,Monthly,,Active
S-C03107,C03107,2025-12-01,P01,Monthly,,Active
S-C03108,C03108,2024-04-01,P01,Monthly,2025-05-01,Churned
S-C03109,C03109,2026-01-01,P04,Monthly,,Active
S-C03110,C03110,2023-10-01,P01,Monthly,,Active
S-C03111,C03111,2024-11-01,P01,Monthly,,Active
S-C03112,C03112,2025-08-01,P01,Monthly,,Active
S-C03113,C03113,2023-03-01,P03,Monthly,2023-07-01,Churned
S-C03114,C03114,2026-03-01,P01,Annual,,Active
S-C03115,C03115,2024-03-01,P03,Annual,2026-05-01,Churned
S-C03116,C03116,2024-09-01,P01,Monthly,,Active
S-C03117,C03117,2025-02-01,P03,Annual,,Active
S-C03118,C03118,2025-03-01,P01,Monthly,,Active
S-C03119,C03119,2023-01-01,P02,Monthly,,Active
S-C03120,C03120,2025-12-01,P02,Annual,,Active
S-C03121,C03121,2025-02-01,P02,Monthly,2025-07-01,Churned
S-C03122,C03122,2026-05-01,P02,Annual,,Active
S-C03123,C03123,2024-08-01,P02,Monthly,,Active
S-C03124,C03124,2025-02-01,P01,Monthly,,Active
S-C03125,C03125,2024-07-01,P01,Monthly,2025-11-01,Churned
S-C03126,C03126,2026-01-01,P02,Monthly,,Active
S-C03127,C03127,2025-11-01,P04,Monthly,,Active
S-C03128,C03128,2026-02-01,P03,Annual,,Active
S-C03129,C03129,2024-09-01,P02,Annual,,Active
S-C03130,C03130,2025-09-01,P02,Annual,,Active
S-C03131,C03131,2024-03-01,P01,Annual,,Active
S-C03132,C03132,2024-07-01,P02,Monthly,,Active
S-C03133,C03133,2025-08-01,P01,Monthly,,Active
S-C03134,C03134,2023-04-01,P02,Monthly,2023-08-01,Churned
S-C03135,C03135,2025-06-01,P02,Monthly,,Active
S-C03136,C03136,2023-01-01,P02,Annual,,Active
S-C03137,C03137,2024-12-01,P01,Monthly,,Active
S-C03138,C03138,2024-08-01,P01,Monthly,,Active
S-C03139,C03139,2024-08-01,P01,Annual,,Active
S-C03140,C03140,2024-09-01,P01,Monthly,2025-11-01,Churned
S-C03141,C03141,2024-09-01,P01,Monthly,,Active
S-C03142,C03142,2024-05-01,P02,Monthly,,Active
S-C03143,C03143,2024-07-01,P02,Monthly,,Active
S-C03144,C03144,2024-12-01,P02,Annual,2025-10-01,Churned
S-C03145,C03145,2025-08-01,P03,Monthly,,Active
S-C03146,C03146,2024-11-01,P01,Annual,2025-08-01,Churned
S-C03147,C03147,2025-03-01,P02,Annual,,Active
S-C03148,C03148,2025-11-01,P02,Monthly,,Active
S-C03149,C03149,2026-05-01,P03,Annual,,Active
S-C03150,C03150,2023-05-01,P02,Monthly,2025-04-01,Churned
S-C03151,C03151,2025-06-01,P02,Monthly,,Active
S-C03152,C03152,2023-10-01,P02,Monthly,,Active
S-C03153,C03153,2023-09-01,P02,Monthly,2025-01-01,Churned
S-C03154,C03154,2025-09-01,P02,Monthly,,Active
S-C03155,C03155,2023-03-01,P02,Monthly,2023-06-01,Churned
S-C03156,C03156,2025-11-01,P03,Annual,,Active
S-C03157,C03157,2025-08-01,P01,Monthly,,Active
S-C03158,C03158,2026-05-01,P04,Monthly,,Active
S-C03159,C03159,2025-04-01,P01,Monthly,,Active
S-C03160,C03160,2025-12-01,P01,Annual,,Active
S-C03161,C03161,2023-05-01,P01,Monthly,,Active
S-C03162,C03162,2026-01-01,P01,Monthly,,Active
S-C03163,C03163,2023-07-01,P01,Annual,,Active
S-C03164,C03164,2024-01-01,P02,Annual,,Active
S-C03165,C03165,2023-06-01,P02,Annual,,Active
S-C03166,C03166,2024-05-01,P01,Annual,,Active
S-C03167,C03167,2025-07-01,P01,Monthly,,Active
S-C03168,C03168,2023-12-01,P04,Monthly,,Active
S-C03169,C03169,2025-10-01,P02,Annual,,Active
S-C03170,C03170,2025-01-01,P02,Monthly,,Active
S-C03171,C03171,2025-02-01,P01,Annual,,Active
S-C03172,C03172,2026-03-01,P01,Monthly,,Active
S-C03173,C03173,2024-06-01,P01,Monthly,,Active
S-C03174,C03174,2024-03-01,P02,Monthly,,Active
S-C03175,C03175,2026-05-01,P02,Monthly,,Active
S-C03176,C03176,2024-11-01,P01,Monthly,,Active
S-C03177,C03177,2025-02-01,P03,Monthly,,Active
S-C03178,C03178,2024-01-01,P01,Monthly,,Active
S-C03179,C03179,2023-09-01,P04,Monthly,2024-12-01,Churned
S-C03180,C03180,2023-07-01,P02,Monthly,,Active
S-C03181,C03181,2023-10-01,P02,Monthly,,Active
S-C03182,C03182,2023-09-01,P02,Monthly,2024-04-01,Churned
S-C03183,C03183,2025-07-01,P01,Monthly,,Active
S-C03184,C03184,2023-03-01,P01,Monthly,2024-09-01,Churned
S-C03185,C03185,2025-02-01,P03,Annual,,Active
S-C03186,C03186,2026-03-01,P03,Monthly,,Active
S-C03187,C03187,2025-08-01,P04,Annual,,Active
S-C03188,C03188,2024-05-01,P02,Annual,,Active
S-C03189,C03189,2023-03-01,P03,Monthly,2023-06-01,Churned
S-C03190,C03190,2025-11-01,P02,Monthly,2026-03-01,Churned
S-C03191,C03191,2023-01-01,P02,Monthly,,Active
S-C03192,C03192,2025-04-01,P01,Annual,,Active
S-C03193,C03193,2025-04-01,P01,Monthly,,Active
S-C03194,C03194,2023-08-01,P01,Monthly,,Active
S-C03195,C03195,2025-07-01,P01,Monthly,2025-12-01,Churned
S-C03196,C03196,2023-08-01,P01,Monthly,,Active
S-C03197,C03197,2023-10-01,P03,Monthly,2024-08-01,Churned
S-C03198,C03198,2025-10-01,P02,Monthly,,Active
S-C03199,C03199,2026-05-01,P02,Monthly,,Active
S-C03200,C03200,2023-11-01,P01,Monthly,,Active
S-C03201,C03201,2026-02-01,P01,Monthly,,Active
S-C03202,C03202,2026-02-01,P01,Monthly,,Active
S-C03203,C03203,2025-08-01,P03,Monthly,,Active
S-C03204,C03204,2023-06-01,P03,Monthly,2024-03-01,Churned
S-C03205,C03205,2024-01-01,P01,Monthly,2024-12-01,Churned
S-C03206,C03206,2025-04-01,P02,Monthly,,Active
S-C03207,C03207,2026-06-01,P01,Monthly,,Active
S-C03208,C03208,2025-10-01,P02,Annual,,Active
S-C03209,C03209,2024-06-01,P01,Monthly,2026-07-01,Churned
S-C03210,C03210,2023-10-01,P03,Monthly,2024-01-01,Churned
S-C03211,C03211,2026-04-01,P03,Monthly,,Active
S-C03212,C03212,2023-12-01,P01,Monthly,,Active
S-C03213,C03213,2024-03-01,P01,Monthly,,Active
S-C03214,C03214,2026-04-01,P02,Monthly,,Active
S-C03215,C03215,2024-12-01,P01,Monthly,,Active
S-C03216,C03216,2023-11-01,P04,Monthly,,Active
S-C03217,C03217,2023-01-01,P03,Monthly,,Active
S-C03218,C03218,2024-06-01,P01,Monthly,,Active
S-C03219,C03219,2026-05-01,P01,Monthly,,Active
S-C03220,C03220,2024-06-01,P01,Monthly,2026-06-01,Churned
S-C03221,C03221,2025-05-01,P02,Annual,,Active
S-C03222,C03222,2023-11-01,P01,Monthly,2024-08-01,Churned
S-C03223,C03223,2025-08-01,P02,Annual,,Active
S-C03224,C03224,2025-08-01,P01,Monthly,,Active
S-C03225,C03225,2025-01-01,P01,Monthly,,Active
S-C03226,C03226,2025-08-01,P04,Monthly,,Active
S-C03227,C03227,2024-12-01,P02,Annual,2025-03-01,Churned
S-C03228,C03228,2024-04-01,P01,Monthly,,Active
S-C03229,C03229,2025-07-01,P01,Monthly,,Active
S-C03230,C03230,2025-11-01,P02,Monthly,,Active
S-C03231,C03231,2025-11-01,P01,Monthly,,Active
S-C03232,C03232,2023-09-01,P01,Monthly,2026-01-01,Churned
S-C03233,C03233,2025-04-01,P01,Annual,,Active
S-C03234,C03234,2023-01-01,P01,Annual,2024-11-01,Churned
S-C03235,C03235,2024-12-01,P01,Monthly,,Active
S-C03236,C03236,2024-12-01,P01,Annual,,Active
S-C03237,C03237,2024-03-01,P01,Monthly,,Active
S-C03238,C03238,2026-05-01,P03,Monthly,,Active
S-C03239,C03239,2026-01-01,P02,Monthly,,Active
S-C03240,C03240,2023-02-01,P04,Annual,,Active
S-C03241,C03241,2023-09-01,P02,Annual,,Active
S-C03242,C03242,2023-09-01,P02,Monthly,,Active
S-C03243,C03243,2026-01-01,P01,Monthly,,Active
S-C03244,C03244,2024-10-01,P01,Annual,,Active
S-C03245,C03245,2025-06-01,P01,Annual,,Active
S-C03246,C03246,2025-10-01,P03,Monthly,,Active
S-C03247,C03247,2025-08-01,P04,Monthly,,Active
S-C03248,C03248,2023-04-01,P03,Monthly,2023-12-01,Churned
S-C03249,C03249,2023-06-01,P02,Monthly,2023-09-01,Churned
S-C03250,C03250,2024-05-01,P01,Annual,2025-10-01,Churned
S-C03251,C03251,2024-02-01,P01,Monthly,,Active
S-C03252,C03252,2025-07-01,P03,Monthly,,Active
S-C03253,C03253,2023-07-01,P01,Annual,2024-06-01,Churned
S-C03254,C03254,2024-04-01,P02,Monthly,,Active
S-C03255,C03255,2023-10-01,P02,Monthly,,Active
S-C03256,C03256,2023-08-01,P03,Monthly,,Active
S-C03257,C03257,2023-08-01,P01,Monthly,,Active
S-C03258,C03258,2023-09-01,P01,Monthly,2025-08-01,Churned
S-C03259,C03259,2024-12-01,P01,Monthly,,Active
S-C03260,C03260,2024-05-01,P02,Monthly,,Active
S-C03261,C03261,2024-06-01,P01,Monthly,,Active
S-C03262,C03262,2024-08-01,P01,Monthly,2026-06-01,Churned
S-C03263,C03263,2025-07-01,P02,Monthly,,Active
S-C03264,C03264,2025-12-01,P03,Annual,,Active
S-C03265,C03265,2024-10-01,P02,Annual,,Active
S-C03266,C03266,2025-03-01,P03,Annual,,Active
S-C03267,C03267,2025-07-01,P01,Monthly,,Active
S-C03268,C03268,2025-05-01,P02,Monthly,,Active
S-C03269,C03269,2023-06-01,P02,Monthly,2024-08-01,Churned
S-C03270,C03270,2026-05-01,P02,Annual,,Active
S-C03271,C03271,2023-07-01,P01,Monthly,,Active
S-C03272,C03272,2024-05-01,P01,Monthly,2025-09-01,Churned
S-C03273,C03273,2025-03-01,P02,Annual,2026-04-01,Churned
S-C03274,C03274,2024-05-01,P02,Monthly,,Active
S-C03275,C03275,2023-10-01,P01,Monthly,,Active
S-C03276,C03276,2026-02-01,P02,Monthly,,Active
S-C03277,C03277,2023-03-01,P03,Annual,2024-11-01,Churned
S-C03278,C03278,2023-11-01,P02,Monthly,2026-06-01,Churned
S-C03279,C03279,2026-05-01,P03,Annual,,Active
S-C03280,C03280,2025-06-01,P01,Monthly,,Active
S-C03281,C03281,2023-04-01,P01,Annual,,Active
S-C03282,C03282,2025-07-01,P01,Monthly,,Active
S-C03283,C03283,2026-04-01,P01,Monthly,,Active
S-C03284,C03284,2023-05-01,P01,Annual,,Active
S-C03285,C03285,2024-05-01,P03,Annual,2024-08-01,Churned
S-C03286,C03286,2024-08-01,P02,Annual,,Active
S-C03287,C03287,2023-06-01,P01,Monthly,2024-01-01,Churned
S-C03288,C03288,2023-09-01,P02,Annual,,Active
S-C03289,C03289,2023-08-01,P03,Monthly,2026-06-01,Churned
S-C03290,C03290,2023-08-01,P01,Monthly,,Active
S-C03291,C03291,2024-05-01,P02,Monthly,,Active
S-C03292,C03292,2024-08-01,P03,Annual,,Active
S-C03293,C03293,2023-10-01,P01,Monthly,,Active
S-C03294,C03294,2023-12-01,P01,Annual,,Active
S-C03295,C03295,2023-08-01,P02,Annual,2024-08-01,Churned
S-C03296,C03296,2025-09-01,P04,Monthly,,Active
S-C03297,C03297,2023-09-01,P03,Monthly,,Active
S-C03298,C03298,2026-02-01,P02,Monthly,,Active
S-C03299,C03299,2024-11-01,P04,Annual,,Active
S-C03300,C03300,2025-09-01,P02,Annual,,Active
S-C03301,C03301,2025-03-01,P02,Monthly,,Active
S-C03302,C03302,2023-11-01,P01,Annual,2024-12-01,Churned
S-C03303,C03303,2025-01-01,P03,Monthly,,Active
S-C03304,C03304,2023-12-01,P01,Monthly,,Active
S-C03305,C03305,2023-05-01,P01,Annual,,Active
S-C03306,C03306,2023-11-01,P01,Monthly,2026-06-01,Churned
S-C03307,C03307,2023-12-01,P04,Monthly,,Active
S-C03308,C03308,2023-06-01,P01,Annual,,Active
S-C03309,C03309,2023-01-01,P01,Monthly,,Active
S-C03310,C03310,2026-03-01,P02,Monthly,,Active
S-C03311,C03311,2024-10-01,P03,Monthly,,Active
S-C03312,C03312,2024-05-01,P02,Monthly,,Active
S-C03313,C03313,2026-03-01,P01,Monthly,,Active
S-C03314,C03314,2023-10-01,P02,Monthly,2025-03-01,Churned
S-C03315,C03315,2024-05-01,P02,Monthly,,Active
S-C03316,C03316,2025-11-01,P03,Annual,,Active
S-C03317,C03317,2025-02-01,P02,Annual,,Active
S-C03318,C03318,2024-05-01,P01,Monthly,,Active
S-C03319,C03319,2023-11-01,P02,Monthly,2026-08-01,Churned
S-C03320,C03320,2023-02-01,P02,Annual,,Active
S-C03321,C03321,2023-04-01,P02,Monthly,2023-09-01,Churned
S-C03322,C03322,2023-07-01,P02,Monthly,2026-02-01,Churned
S-C03323,C03323,2025-09-01,P04,Monthly,,Active
S-C03324,C03324,2025-03-01,P03,Monthly,,Active
S-C03325,C03325,2024-06-01,P01,Monthly,2025-09-01,Churned
S-C03326,C03326,2025-09-01,P02,Monthly,,Active
S-C03327,C03327,2023-07-01,P03,Annual,2024-12-01,Churned
S-C03328,C03328,2023-09-01,P04,Monthly,,Active
S-C03329,C03329,2024-05-01,P02,Monthly,2024-08-01,Churned
S-C03330,C03330,2026-02-01,P02,Monthly,,Active
S-C03331,C03331,2025-02-01,P01,Monthly,,Active
S-C03332,C03332,2025-11-01,P02,Monthly,,Active
S-C03333,C03333,2023-11-01,P02,Monthly,2025-01-01,Churned
S-C03334,C03334,2025-11-01,P01,Monthly,,Active
S-C03335,C03335,2023-04-01,P03,Monthly,2024-03-01,Churned
S-C03336,C03336,2023-10-01,P01,Annual,2025-06-01,Churned
S-C03337,C03337,2024-10-01,P02,Monthly,2025-07-01,Churned
S-C03338,C03338,2023-03-01,P01,Monthly,,Active
S-C03339,C03339,2025-12-01,P02,Monthly,2026-06-01,Churned
S-C03340,C03340,2025-12-01,P04,Annual,,Active
S-C03341,C03341,2024-11-01,P03,Monthly,,Active
S-C03342,C03342,2024-01-01,P02,Monthly,2024-12-01,Churned
S-C03343,C03343,2023-05-01,P01,Monthly,,Active
S-C03344,C03344,2025-02-01,P04,Annual,2026-04-01,Churned
S-C03345,C03345,2024-11-01,P02,Monthly,,Active
S-C03346,C03346,2025-08-01,P02,Monthly,,Active
S-C03347,C03347,2025-01-01,P01,Annual,,Active
S-C03348,C03348,2023-06-01,P03,Monthly,2026-06-01,Churned
S-C03349,C03349,2023-06-01,P04,Annual,,Active
S-C03350,C03350,2025-09-01,P03,Monthly,,Active
S-C03351,C03351,2023-07-01,P03,Monthly,2025-03-01,Churned
S-C03352,C03352,2026-03-01,P01,Monthly,,Active
S-C03353,C03353,2023-05-01,P02,Monthly,2025-10-01,Churned
S-C03354,C03354,2025-06-01,P02,Annual,,Active
S-C03355,C03355,2026-05-01,P01,Annual,,Active
S-C03356,C03356,2024-07-01,P01,Annual,,Active
S-C03357,C03357,2023-03-01,P01,Annual,2024-11-01,Churned
S-C03358,C03358,2025-12-01,P01,Monthly,,Active
S-C03359,C03359,2023-08-01,P01,Monthly,2025-07-01,Churned
S-C03360,C03360,2024-10-01,P01,Monthly,,Active
S-C03361,C03361,2026-05-01,P02,Monthly,,Active
S-C03362,C03362,2025-07-01,P03,Monthly,,Active
S-C03363,C03363,2023-02-01,P01,Monthly,,Active
S-C03364,C03364,2025-10-01,P02,Annual,,Active
S-C03365,C03365,2023-07-01,P02,Monthly,2025-05-01,Churned
S-C03366,C03366,2025-07-01,P03,Monthly,,Active
S-C03367,C03367,2025-02-01,P01,Annual,,Active
S-C03368,C03368,2023-12-01,P01,Annual,2024-04-01,Churned
S-C03369,C03369,2024-06-01,P02,Monthly,,Active
S-C03370,C03370,2023-05-01,P02,Annual,,Active
S-C03371,C03371,2026-05-01,P01,Monthly,,Active
S-C03372,C03372,2023-10-01,P02,Monthly,,Active
S-C03373,C03373,2024-01-01,P01,Annual,2024-07-01,Churned
S-C03374,C03374,2024-09-01,P03,Monthly,,Active
S-C03375,C03375,2025-04-01,P01,Annual,,Active
S-C03376,C03376,2024-09-01,P01,Monthly,2025-05-01,Churned
S-C03377,C03377,2024-09-01,P03,Annual,,Active
S-C03378,C03378,2024-12-01,P01,Monthly,,Active
S-C03379,C03379,2025-12-01,P02,Monthly,,Active
S-C03380,C03380,2024-05-01,P02,Monthly,,Active
S-C03381,C03381,2025-11-01,P01,Monthly,,Active
S-C03382,C03382,2025-09-01,P02,Monthly,,Active
S-C03383,C03383,2026-04-01,P01,Monthly,,Active
S-C03384,C03384,2026-02-01,P01,Monthly,,Active
S-C03385,C03385,2025-09-01,P04,Monthly,,Active
S-C03386,C03386,2023-11-01,P02,Monthly,,Active
S-C03387,C03387,2025-08-01,P01,Monthly,2026-05-01,Churned
S-C03388,C03388,2025-07-01,P01,Monthly,,Active
S-C03389,C03389,2023-12-01,P01,Monthly,,Active
S-C03390,C03390,2025-04-01,P02,Monthly,,Active
S-C03391,C03391,2023-11-01,P01,Monthly,2025-08-01,Churned
S-C03392,C03392,2024-10-01,P01,Annual,,Active
S-C03393,C03393,2025-09-01,P02,Monthly,,Active
S-C03394,C03394,2023-08-01,P02,Monthly,,Active
S-C03395,C03395,2024-02-01,P01,Monthly,,Active
S-C03396,C03396,2025-09-01,P02,Annual,,Active
S-C03397,C03397,2024-07-01,P01,Annual,,Active
S-C03398,C03398,2026-04-01,P04,Monthly,,Active
S-C03399,C03399,2023-01-01,P03,Monthly,2024-10-01,Churned
S-C03400,C03400,2025-06-01,P02,Annual,,Active
S-C03401,C03401,2025-10-01,P01,Annual,,Active
S-C03402,C03402,2026-02-01,P01,Monthly,,Active
S-C03403,C03403,2023-07-01,P02,Monthly,2025-05-01,Churned
S-C03404,C03404,2026-05-01,P01,Annual,,Active
S-C03405,C03405,2024-05-01,P01,Monthly,,Active
S-C03406,C03406,2024-03-01,P01,Monthly,,Active
S-C03407,C03407,2024-03-01,P01,Annual,2024-10-01,Churned
S-C03408,C03408,2025-03-01,P01,Monthly,2026-01-01,Churned
S-C03409,C03409,2025-04-01,P01,Annual,,Active
S-C03410,C03410,2024-08-01,P02,Monthly,,Active
S-C03411,C03411,2023-03-01,P03,Monthly,2024-08-01,Churned
S-C03412,C03412,2026-05-01,P01,Monthly,,Active
S-C03413,C03413,2023-10-01,P01,Monthly,,Active
S-C03414,C03414,2023-04-01,P01,Monthly,2024-02-01,Churned
S-C03415,C03415,2025-01-01,P01,Monthly,,Active
S-C03416,C03416,2024-05-01,P04,Monthly,,Active
S-C03417,C03417,2025-02-01,P03,Monthly,,Active
S-C03418,C03418,2025-12-01,P01,Monthly,,Active
S-C03419,C03419,2023-05-01,P03,Monthly,,Active
S-C03420,C03420,2023-12-01,P01,Annual,,Active
S-C03421,C03421,2024-10-01,P02,Monthly,2026-08-01,Churned
S-C03422,C03422,2025-09-01,P01,Monthly,,Active
S-C03423,C03423,2025-01-01,P03,Annual,2025-05-01,Churned
S-C03424,C03424,2024-04-01,P02,Annual,,Active
S-C03425,C03425,2025-01-01,P02,Monthly,,Active
S-C03426,C03426,2026-05-01,P03,Annual,,Active
S-C03427,C03427,2024-08-01,P04,Monthly,2026-01-01,Churned
S-C03428,C03428,2026-01-01,P03,Monthly,,Active
S-C03429,C03429,2025-08-01,P01,Monthly,,Active
S-C03430,C03430,2024-01-01,P02,Monthly,,Active
S-C03431,C03431,2023-11-01,P01,Monthly,,Active
S-C03432,C03432,2025-08-01,P02,Annual,,Active
S-C03433,C03433,2023-09-01,P03,Monthly,,Active
S-C03434,C03434,2024-02-01,P03,Monthly,,Active
S-C03435,C03435,2023-10-01,P01,Monthly,,Active
S-C03436,C03436,2025-01-01,P02,Monthly,2025-05-01,Churned
S-C03437,C03437,2024-01-01,P01,Monthly,,Active
S-C03438,C03438,2025-04-01,P02,Monthly,,Active
S-C03439,C03439,2026-03-01,P02,Monthly,,Active
S-C03440,C03440,2025-11-01,P01,Monthly,,Active
S-C03441,C03441,2026-03-01,P01,Monthly,,Active
S-C03442,C03442,2023-01-01,P04,Monthly,2025-06-01,Churned
S-C03443,C03443,2024-07-01,P01,Monthly,2025-02-01,Churned
S-C03444,C03444,2023-10-01,P01,Annual,2024-07-01,Churned
S-C03445,C03445,2026-02-01,P03,Annual,,Active
S-C03446,C03446,2025-06-01,P04,Monthly,,Active
S-C03447,C03447,2024-02-01,P01,Monthly,2025-08-01,Churned
S-C03448,C03448,2024-12-01,P02,Monthly,,Active
S-C03449,C03449,2025-01-01,P01,Monthly,,Active
S-C03450,C03450,2024-09-01,P03,Annual,2025-02-01,Churned
S-C03451,C03451,2024-08-01,P02,Monthly,2024-12-01,Churned
S-C03452,C03452,2023-03-01,P03,Monthly,2023-10-01,Churned
S-C03453,C03453,2024-07-01,P02,Monthly,,Active
S-C03454,C03454,2024-03-01,P01,Monthly,,Active
S-C03455,C03455,2025-10-01,P03,Monthly,,Active
S-C03456,C03456,2025-12-01,P03,Annual,2026-05-01,Churned
S-C03457,C03457,2025-07-01,P02,Monthly,,Active
S-C03458,C03458,2023-02-01,P02,Monthly,,Active
S-C03459,C03459,2025-11-01,P01,Monthly,,Active
S-C03460,C03460,2024-05-01,P02,Annual,2025-04-01,Churned
S-C03461,C03461,2024-06-01,P02,Monthly,,Active
S-C03462,C03462,2026-03-01,P02,Monthly,,Active
S-C03463,C03463,2025-12-01,P03,Monthly,,Active
S-C03464,C03464,2023-03-01,P01,Annual,2026-03-01,Churned
S-C03465,C03465,2024-03-01,P01,Monthly,2025-02-01,Churned
S-C03466,C03466,2025-07-01,P02,Monthly,,Active
S-C03467,C03467,2024-11-01,P02,Monthly,2026-06-01,Churned
S-C03468,C03468,2023-11-01,P03,Monthly,,Active
S-C03469,C03469,2024-10-01,P03,Monthly,,Active
S-C03470,C03470,2025-12-01,P01,Annual,,Active
S-C03471,C03471,2023-10-01,P04,Monthly,,Active
S-C03472,C03472,2025-07-01,P01,Annual,,Active
S-C03473,C03473,2025-07-01,P03,Monthly,,Active
S-C03474,C03474,2026-01-01,P02,Monthly,,Active
S-C03475,C03475,2024-01-01,P02,Monthly,,Active
S-C03476,C03476,2023-09-01,P02,Annual,,Active
S-C03477,C03477,2024-11-01,P01,Monthly,2026-01-01,Churned
S-C03478,C03478,2024-10-01,P03,Monthly,,Active
S-C03479,C03479,2024-05-01,P02,Annual,,Active
S-C03480,C03480,2025-08-01,P03,Monthly,,Active
S-C03481,C03481,2025-09-01,P03,Monthly,2026-03-01,Churned
S-C03482,C03482,2023-11-01,P03,Annual,,Active
S-C03483,C03483,2025-09-01,P01,Annual,,Active
S-C03484,C03484,2023-10-01,P04,Monthly,2024-02-01,Churned
S-C03485,C03485,2024-05-01,P03,Annual,,Active
S-C03486,C03486,2023-02-01,P01,Monthly,2023-11-01,Churned
S-C03487,C03487,2024-02-01,P01,Monthly,,Active
S-C03488,C03488,2026-04-01,P02,Monthly,,Active
S-C03489,C03489,2024-07-01,P03,Monthly,,Active
S-C03490,C03490,2025-06-01,P01,Monthly,,Active
S-C03491,C03491,2023-05-01,P02,Monthly,2024-08-01,Churned
S-C03492,C03492,2025-03-01,P01,Annual,,Active
S-C03493,C03493,2024-04-01,P02,Monthly,2025-07-01,Churned
S-C03494,C03494,2025-07-01,P01,Monthly,2026-06-01,Churned
S-C03495,C03495,2026-03-01,P02,Monthly,,Active
S-C03496,C03496,2024-10-01,P01,Annual,,Active
S-C03497,C03497,2023-05-01,P02,Monthly,,Active
S-C03498,C03498,2024-08-01,P02,Monthly,2025-08-01,Churned
S-C03499,C03499,2023-06-01,P01,Annual,2023-10-01,Churned
S-C03500,C03500,2024-07-01,P02,Annual,2025-12-01,Churned
S-C03501,C03501,2023-03-01,P03,Monthly,,Active
S-C03502,C03502,2025-03-01,P02,Monthly,,Active
S-C03503,C03503,2024-01-01,P02,Monthly,2025-11-01,Churned
S-C03504,C03504,2023-09-01,P01,Monthly,,Active
S-C03505,C03505,2023-01-01,P01,Annual,2024-10-01,Churned
S-C03506,C03506,2026-01-01,P02,Annual,,Active
S-C03507,C03507,2025-11-01,P02,Annual,2026-05-01,Churned
S-C03508,C03508,2025-10-01,P02,Monthly,,Active
S-C03509,C03509,2023-03-01,P02,Annual,,Active
S-C03510,C03510,2024-03-01,P04,Monthly,,Active
S-C03511,C03511,2026-04-01,P03,Monthly,,Active
S-C03512,C03512,2024-12-01,P01,Monthly,,Active
S-C03513,C03513,2023-06-01,P03,Monthly,,Active
S-C03514,C03514,2023-06-01,P01,Monthly,2024-02-01,Churned
S-C03515,C03515,2023-11-01,P02,Monthly,,Active
S-C03516,C03516,2026-04-01,P02,Monthly,2026-07-01,Churned
S-C03517,C03517,2023-07-01,P02,Monthly,2023-12-01,Churned
S-C03518,C03518,2026-01-01,P02,Monthly,,Active
S-C03519,C03519,2025-04-01,P01,Monthly,2026-02-01,Churned
S-C03520,C03520,2026-02-01,P01,Monthly,2026-05-01,Churned
S-C03521,C03521,2025-10-01,P01,Monthly,2026-06-01,Churned
S-C03522,C03522,2024-02-01,P02,Monthly,,Active
S-C03523,C03523,2025-10-01,P02,Monthly,,Active
S-C03524,C03524,2023-07-01,P02,Monthly,,Active
S-C03525,C03525,2023-12-01,P01,Monthly,2026-05-01,Churned
S-C03526,C03526,2023-09-01,P01,Annual,2025-02-01,Churned
S-C03527,C03527,2023-06-01,P02,Monthly,2026-02-01,Churned
S-C03528,C03528,2023-04-01,P02,Monthly,2025-08-01,Churned
S-C03529,C03529,2023-08-01,P01,Monthly,2024-02-01,Churned
S-C03530,C03530,2023-05-01,P01,Annual,2025-06-01,Churned
S-C03531,C03531,2024-04-01,P01,Monthly,,Active
S-C03532,C03532,2023-03-01,P01,Annual,2024-11-01,Churned
S-C03533,C03533,2023-03-01,P01,Annual,,Active
S-C03534,C03534,2026-05-01,P02,Annual,,Active
S-C03535,C03535,2023-04-01,P01,Annual,,Active
S-C03536,C03536,2023-04-01,P04,Monthly,,Active
S-C03537,C03537,2023-02-01,P01,Monthly,2024-07-01,Churned
S-C03538,C03538,2023-06-01,P01,Annual,2024-01-01,Churned
S-C03539,C03539,2024-10-01,P01,Monthly,,Active
S-C03540,C03540,2025-10-01,P02,Monthly,,Active
S-C03541,C03541,2025-07-01,P02,Annual,,Active
S-C03542,C03542,2024-12-01,P01,Monthly,,Active
S-C03543,C03543,2023-04-01,P01,Monthly,2026-08-01,Churned
S-C03544,C03544,2025-08-01,P01,Annual,,Active
S-C03545,C03545,2023-02-01,P01,Annual,2024-11-01,Churned
S-C03546,C03546,2025-02-01,P01,Annual,,Active
S-C03547,C03547,2024-05-01,P02,Annual,2026-02-01,Churned
S-C03548,C03548,2026-01-01,P01,Annual,,Active
S-C03549,C03549,2024-01-01,P01,Annual,,Active
S-C03550,C03550,2025-03-01,P01,Monthly,2026-02-01,Churned
S-C03551,C03551,2024-07-01,P01,Annual,2025-04-01,Churned
S-C03552,C03552,2024-10-01,P02,Monthly,,Active
S-C03553,C03553,2026-03-01,P01,Monthly,,Active
S-C03554,C03554,2025-06-01,P02,Monthly,,Active
S-C03555,C03555,2024-06-01,P02,Monthly,,Active
S-C03556,C03556,2024-07-01,P01,Monthly,,Active
S-C03557,C03557,2025-05-01,P02,Monthly,,Active
S-C03558,C03558,2024-03-01,P01,Monthly,,Active
S-C03559,C03559,2023-07-01,P01,Monthly,,Active
S-C03560,C03560,2024-08-01,P02,Annual,,Active
S-C03561,C03561,2023-03-01,P01,Monthly,,Active
S-C03562,C03562,2023-07-01,P02,Monthly,,Active
S-C03563,C03563,2024-06-01,P01,Monthly,2026-04-01,Churned
S-C03564,C03564,2025-09-01,P03,Annual,,Active
S-C03565,C03565,2025-09-01,P04,Monthly,,Active
S-C03566,C03566,2023-11-01,P03,Monthly,,Active
S-C03567,C03567,2024-06-01,P01,Monthly,,Active
S-C03568,C03568,2023-07-01,P03,Monthly,,Active
S-C03569,C03569,2025-07-01,P01,Annual,,Active
S-C03570,C03570,2023-11-01,P02,Monthly,2026-03-01,Churned
S-C03571,C03571,2025-09-01,P03,Monthly,,Active
S-C03572,C03572,2025-11-01,P03,Monthly,,Active
S-C03573,C03573,2025-05-01,P02,Monthly,,Active
S-C03574,C03574,2024-02-01,P01,Monthly,,Active
S-C03575,C03575,2026-04-01,P01,Annual,,Active
S-C03576,C03576,2025-05-01,P04,Annual,2026-03-01,Churned
S-C03577,C03577,2025-03-01,P02,Annual,2025-09-01,Churned
S-C03578,C03578,2025-12-01,P02,Monthly,,Active
S-C03579,C03579,2026-01-01,P01,Monthly,,Active
S-C03580,C03580,2023-04-01,P01,Annual,2025-07-01,Churned
S-C03581,C03581,2026-01-01,P02,Monthly,2026-05-01,Churned
S-C03582,C03582,2025-08-01,P03,Annual,,Active
S-C03583,C03583,2023-09-01,P01,Monthly,,Active
S-C03584,C03584,2024-01-01,P01,Annual,,Active
S-C03585,C03585,2025-07-01,P01,Monthly,,Active
S-C03586,C03586,2023-09-01,P03,Monthly,,Active
S-C03587,C03587,2024-07-01,P01,Annual,,Active
S-C03588,C03588,2025-05-01,P02,Monthly,,Active
S-C03589,C03589,2025-03-01,P02,Monthly,2025-11-01,Churned
S-C03590,C03590,2026-02-01,P01,Monthly,,Active
S-C03591,C03591,2023-05-01,P02,Monthly,,Active
S-C03592,C03592,2024-01-01,P01,Monthly,,Active
S-C03593,C03593,2026-05-01,P03,Monthly,,Active
S-C03594,C03594,2024-12-01,P03,Monthly,,Active
S-C03595,C03595,2023-11-01,P02,Monthly,,Active
S-C03596,C03596,2023-12-01,P03,Monthly,,Active
S-C03597,C03597,2024-02-01,P03,Monthly,,Active
S-C03598,C03598,2024-11-01,P01,Annual,2025-07-01,Churned
S-C03599,C03599,2023-12-01,P03,Monthly,,Active
S-C03600,C03600,2025-02-01,P02,Monthly,,Active
S-C03601,C03601,2024-07-01,P01,Annual,,Active
S-C03602,C03602,2025-01-01,P01,Annual,,Active
S-C03603,C03603,2023-07-01,P02,Monthly,,Active
S-C03604,C03604,2025-02-01,P02,Monthly,,Active
S-C03605,C03605,2026-02-01,P01,Annual,,Active
S-C03606,C03606,2023-06-01,P01,Monthly,2024-12-01,Churned
S-C03607,C03607,2024-02-01,P03,Monthly,2024-08-01,Churned
S-C03608,C03608,2025-05-01,P01,Annual,2025-10-01,Churned
S-C03609,C03609,2025-02-01,P02,Monthly,2025-10-01,Churned
S-C03610,C03610,2025-04-01,P04,Monthly,,Active
S-C03611,C03611,2024-11-01,P01,Monthly,,Active
S-C03612,C03612,2025-05-01,P01,Monthly,,Active
S-C03613,C03613,2025-01-01,P02,Monthly,,Active
S-C03614,C03614,2023-04-01,P03,Monthly,,Active
S-C03615,C03615,2025-07-01,P01,Annual,,Active
S-C03616,C03616,2024-07-01,P02,Monthly,,Active
S-C03617,C03617,2023-03-01,P02,Monthly,,Active
S-C03618,C03618,2024-05-01,P02,Monthly,2025-07-01,Churned
S-C03619,C03619,2024-06-01,P02,Monthly,,Active
S-C03620,C03620,2023-04-01,P01,Annual,,Active
S-C03621,C03621,2026-05-01,P02,Monthly,,Active
S-C03622,C03622,2023-10-01,P02,Monthly,2024-02-01,Churned
S-C03623,C03623,2024-02-01,P01,Monthly,,Active
S-C03624,C03624,2024-07-01,P02,Annual,,Active
S-C03625,C03625,2025-11-01,P02,Monthly,,Active
S-C03626,C03626,2025-07-01,P04,Monthly,,Active
S-C03627,C03627,2025-08-01,P03,Monthly,,Active
S-C03628,C03628,2023-10-01,P01,Annual,,Active
S-C03629,C03629,2025-11-01,P03,Annual,,Active
S-C03630,C03630,2025-11-01,P01,Monthly,,Active
S-C03631,C03631,2024-08-01,P01,Monthly,2025-01-01,Churned
S-C03632,C03632,2024-11-01,P01,Annual,,Active
S-C03633,C03633,2023-02-01,P01,Monthly,2025-07-01,Churned
S-C03634,C03634,2025-08-01,P01,Annual,,Active
S-C03635,C03635,2026-04-01,P01,Monthly,,Active
S-C03636,C03636,2024-08-01,P02,Monthly,,Active
S-C03637,C03637,2024-11-01,P03,Monthly,2025-06-01,Churned
S-C03638,C03638,2024-09-01,P02,Monthly,2025-08-01,Churned
S-C03639,C03639,2023-04-01,P01,Monthly,2023-08-01,Churned
S-C03640,C03640,2025-02-01,P01,Monthly,2025-05-01,Churned
S-C03641,C03641,2025-06-01,P01,Monthly,,Active
S-C03642,C03642,2026-03-01,P02,Monthly,,Active
S-C03643,C03643,2026-03-01,P01,Monthly,,Active
S-C03644,C03644,2024-09-01,P01,Monthly,,Active
S-C03645,C03645,2026-04-01,P04,Monthly,,Active
S-C03646,C03646,2024-10-01,P03,Monthly,,Active
S-C03647,C03647,2025-03-01,P01,Annual,,Active
S-C03648,C03648,2025-01-01,P03,Monthly,,Active
S-C03649,C03649,2026-05-01,P02,Monthly,,Active
S-C03650,C03650,2025-07-01,P01,Monthly,,Active
S-C03651,C03651,2023-05-01,P01,Monthly,,Active
S-C03652,C03652,2023-03-01,P01,Monthly,2023-07-01,Churned
S-C03653,C03653,2024-05-01,P04,Monthly,,Active
S-C03654,C03654,2024-10-01,P02,Annual,2025-02-01,Churned
S-C03655,C03655,2025-04-01,P01,Annual,,Active
S-C03656,C03656,2024-08-01,P01,Annual,,Active
S-C03657,C03657,2024-10-01,P01,Annual,,Active
S-C03658,C03658,2026-02-01,P01,Annual,,Active
S-C03659,C03659,2024-02-01,P02,Monthly,,Active
S-C03660,C03660,2024-09-01,P02,Monthly,,Active
S-C03661,C03661,2024-11-01,P03,Annual,,Active
S-C03662,C03662,2024-08-01,P02,Monthly,2025-03-01,Churned
S-C03663,C03663,2026-04-01,P02,Monthly,,Active
S-C03664,C03664,2026-04-01,P01,Monthly,,Active
S-C03665,C03665,2024-10-01,P03,Monthly,,Active
S-C03666,C03666,2024-07-01,P02,Monthly,,Active
S-C03667,C03667,2025-01-01,P02,Annual,2025-06-01,Churned
S-C03668,C03668,2023-08-01,P03,Annual,,Active
S-C03669,C03669,2024-06-01,P01,Annual,,Active
S-C03670,C03670,2023-09-01,P04,Monthly,2024-09-01,Churned
S-C03671,C03671,2023-06-01,P02,Monthly,2025-11-01,Churned
S-C03672,C03672,2023-04-01,P02,Monthly,,Active
S-C03673,C03673,2025-01-01,P02,Monthly,,Active
S-C03674,C03674,2023-01-01,P02,Monthly,,Active
S-C03675,C03675,2025-03-01,P03,Monthly,,Active
S-C03676,C03676,2024-06-01,P03,Annual,,Active
S-C03677,C03677,2024-04-01,P01,Monthly,,Active
S-C03678,C03678,2025-08-01,P01,Annual,,Active
S-C03679,C03679,2024-11-01,P03,Annual,,Active
S-C03680,C03680,2025-07-01,P01,Monthly,,Active
S-C03681,C03681,2025-06-01,P03,Annual,,Active
S-C03682,C03682,2023-02-01,P02,Monthly,,Active
S-C03683,C03683,2023-09-01,P02,Monthly,,Active
S-C03684,C03684,2024-12-01,P01,Annual,,Active
S-C03685,C03685,2026-05-01,P01,Monthly,,Active
S-C03686,C03686,2023-07-01,P01,Monthly,2024-01-01,Churned
S-C03687,C03687,2023-05-01,P02,Monthly,2023-11-01,Churned
S-C03688,C03688,2026-03-01,P01,Monthly,,Active
S-C03689,C03689,2026-04-01,P01,Monthly,,Active
S-C03690,C03690,2023-07-01,P01,Monthly,,Active
S-C03691,C03691,2024-05-01,P01,Monthly,2024-08-01,Churned
S-C03692,C03692,2025-02-01,P01,Annual,,Active
S-C03693,C03693,2023-09-01,P01,Monthly,2024-12-01,Churned
S-C03694,C03694,2024-02-01,P01,Monthly,,Active
S-C03695,C03695,2024-05-01,P02,Monthly,2025-12-01,Churned
S-C03696,C03696,2025-03-01,P03,Annual,,Active
S-C03697,C03697,2024-01-01,P02,Annual,,Active
S-C03698,C03698,2024-05-01,P03,Annual,,Active
S-C03699,C03699,2023-12-01,P03,Monthly,,Active
S-C03700,C03700,2025-08-01,P01,Monthly,,Active
S-C03701,C03701,2023-07-01,P01,Annual,,Active
S-C03702,C03702,2023-10-01,P01,Annual,2024-05-01,Churned
S-C03703,C03703,2023-11-01,P01,Monthly,2024-11-01,Churned
S-C03704,C03704,2026-02-01,P02,Monthly,,Active
S-C03705,C03705,2026-03-01,P01,Monthly,2026-06-01,Churned
S-C03706,C03706,2024-09-01,P03,Annual,,Active
S-C03707,C03707,2023-07-01,P02,Annual,2026-02-01,Churned
S-C03708,C03708,2025-08-01,P01,Monthly,,Active
S-C03709,C03709,2024-09-01,P01,Monthly,2026-04-01,Churned
S-C03710,C03710,2025-11-01,P02,Monthly,,Active
S-C03711,C03711,2024-03-01,P03,Monthly,2026-03-01,Churned
S-C03712,C03712,2026-05-01,P01,Monthly,,Active
S-C03713,C03713,2025-10-01,P02,Annual,,Active
S-C03714,C03714,2023-10-01,P01,Monthly,,Active
S-C03715,C03715,2025-06-01,P01,Monthly,2026-08-01,Churned
S-C03716,C03716,2023-12-01,P02,Monthly,2025-05-01,Churned
S-C03717,C03717,2024-03-01,P02,Monthly,,Active
S-C03718,C03718,2023-11-01,P02,Monthly,2026-06-01,Churned
S-C03719,C03719,2025-05-01,P02,Monthly,,Active
S-C03720,C03720,2023-11-01,P02,Annual,,Active
S-C03721,C03721,2025-03-01,P02,Monthly,,Active
S-C03722,C03722,2024-12-01,P04,Monthly,,Active
S-C03723,C03723,2025-07-01,P02,Monthly,,Active
S-C03724,C03724,2026-05-01,P03,Monthly,,Active
S-C03725,C03725,2023-01-01,P01,Monthly,2024-11-01,Churned
S-C03726,C03726,2026-05-01,P01,Annual,,Active
S-C03727,C03727,2023-05-01,P01,Monthly,,Active
S-C03728,C03728,2024-10-01,P01,Monthly,,Active
S-C03729,C03729,2024-03-01,P02,Monthly,,Active
S-C03730,C03730,2025-03-01,P02,Annual,,Active
S-C03731,C03731,2025-06-01,P02,Monthly,,Active
S-C03732,C03732,2025-12-01,P02,Monthly,,Active
S-C03733,C03733,2024-05-01,P03,Annual,,Active
S-C03734,C03734,2026-03-01,P03,Monthly,,Active
S-C03735,C03735,2024-02-01,P02,Monthly,,Active
S-C03736,C03736,2023-09-01,P01,Annual,2024-12-01,Churned
S-C03737,C03737,2024-04-01,P02,Monthly,,Active
S-C03738,C03738,2024-10-01,P02,Annual,2026-08-01,Churned
S-C03739,C03739,2025-04-01,P04,Monthly,,Active
S-C03740,C03740,2025-11-01,P01,Monthly,,Active
S-C03741,C03741,2023-10-01,P03,Monthly,,Active
S-C03742,C03742,2024-01-01,P01,Monthly,,Active
S-C03743,C03743,2026-03-01,P01,Monthly,,Active
S-C03744,C03744,2024-07-01,P02,Annual,,Active
S-C03745,C03745,2023-10-01,P01,Monthly,,Active
S-C03746,C03746,2026-05-01,P01,Monthly,,Active
S-C03747,C03747,2024-07-01,P01,Monthly,,Active
S-C03748,C03748,2026-05-01,P03,Monthly,,Active
S-C03749,C03749,2026-02-01,P01,Monthly,,Active
S-C03750,C03750,2026-02-01,P01,Monthly,,Active
S-C03751,C03751,2024-12-01,P01,Annual,,Active
S-C03752,C03752,2025-09-01,P01,Annual,,Active
S-C03753,C03753,2026-04-01,P03,Annual,,Active
S-C03754,C03754,2023-12-01,P01,Monthly,2025-10-01,Churned
S-C03755,C03755,2023-02-01,P01,Monthly,2023-08-01,Churned
S-C03756,C03756,2024-02-01,P01,Monthly,2025-06-01,Churned
S-C03757,C03757,2025-03-01,P01,Monthly,2025-11-01,Churned
S-C03758,C03758,2024-11-01,P01,Monthly,,Active
S-C03759,C03759,2023-04-01,P01,Monthly,,Active
S-C03760,C03760,2024-11-01,P03,Annual,,Active
S-C03761,C03761,2023-08-01,P02,Monthly,2025-03-01,Churned
S-C03762,C03762,2024-09-01,P03,Monthly,2025-06-01,Churned
S-C03763,C03763,2024-12-01,P01,Monthly,2025-07-01,Churned
S-C03764,C03764,2025-03-01,P01,Monthly,,Active
S-C03765,C03765,2024-05-01,P01,Monthly,,Active
S-C03766,C03766,2024-05-01,P03,Monthly,,Active
S-C03767,C03767,2025-04-01,P01,Annual,,Active
S-C03768,C03768,2025-07-01,P03,Monthly,,Active
S-C03769,C03769,2025-10-01,P04,Monthly,,Active
S-C03770,C03770,2024-02-01,P01,Monthly,,Active
S-C03771,C03771,2024-06-01,P01,Annual,,Active
S-C03772,C03772,2024-02-01,P04,Monthly,,Active
S-C03773,C03773,2024-10-01,P01,Annual,2026-03-01,Churned
S-C03774,C03774,2023-06-01,P01,Monthly,,Active
S-C03775,C03775,2024-06-01,P02,Annual,,Active
S-C03776,C03776,2023-08-01,P03,Monthly,2023-12-01,Churned
S-C03777,C03777,2024-10-01,P01,Annual,,Active
S-C03778,C03778,2025-11-01,P03,Monthly,,Active
S-C03779,C03779,2026-05-01,P01,Monthly,,Active
S-C03780,C03780,2024-07-01,P02,Monthly,,Active
S-C03781,C03781,2023-03-01,P01,Monthly,,Active
S-C03782,C03782,2023-10-01,P03,Annual,,Active
S-C03783,C03783,2023-05-01,P02,Monthly,2025-09-01,Churned
S-C03784,C03784,2025-08-01,P02,Monthly,,Active
S-C03785,C03785,2026-05-01,P03,Monthly,,Active
S-C03786,C03786,2024-11-01,P04,Annual,,Active
S-C03787,C03787,2023-08-01,P03,Monthly,2025-08-01,Churned
S-C03788,C03788,2023-01-01,P01,Monthly,,Active
S-C03789,C03789,2026-05-01,P01,Annual,,Active
S-C03790,C03790,2024-01-01,P02,Monthly,,Active
S-C03791,C03791,2023-05-01,P01,Monthly,,Active
S-C03792,C03792,2023-08-01,P02,Monthly,,Active
S-C03793,C03793,2023-11-01,P03,Monthly,,Active
S-C03794,C03794,2025-03-01,P04,Monthly,,Active
S-C03795,C03795,2026-01-01,P01,Monthly,2026-07-01,Churned
S-C03796,C03796,2023-12-01,P01,Annual,2026-01-01,Churned
S-C03797,C03797,2025-05-01,P02,Annual,,Active
S-C03798,C03798,2023-03-01,P02,Monthly,2025-02-01,Churned
S-C03799,C03799,2023-01-01,P01,Monthly,,Active
S-C03800,C03800,2023-03-01,P01,Monthly,2025-02-01,Churned
S-C03801,C03801,2026-02-01,P04,Monthly,,Active
S-C03802,C03802,2024-12-01,P01,Monthly,,Active
S-C03803,C03803,2025-10-01,P04,Monthly,,Active
S-C03804,C03804,2023-01-01,P03,Annual,,Active
S-C03805,C03805,2023-01-01,P03,Monthly,2023-08-01,Churned
S-C03806,C03806,2025-11-01,P02,Monthly,,Active
S-C03807,C03807,2023-05-01,P01,Annual,,Active
S-C03808,C03808,2023-07-01,P02,Monthly,,Active
S-C03809,C03809,2024-10-01,P01,Annual,,Active
S-C03810,C03810,2025-01-01,P01,Monthly,2026-01-01,Churned
S-C03811,C03811,2023-10-01,P02,Annual,,Active
S-C03812,C03812,2024-07-01,P02,Monthly,2025-07-01,Churned
S-C03813,C03813,2025-04-01,P01,Annual,,Active
S-C03814,C03814,2024-07-01,P01,Monthly,,Active
S-C03815,C03815,2024-04-01,P01,Monthly,2024-10-01,Churned
S-C03816,C03816,2023-03-01,P01,Annual,2025-07-01,Churned
S-C03817,C03817,2024-07-01,P01,Monthly,,Active
S-C03818,C03818,2025-09-01,P01,Annual,,Active
S-C03819,C03819,2025-02-01,P03,Annual,,Active
S-C03820,C03820,2026-01-01,P03,Monthly,,Active
S-C03821,C03821,2023-06-01,P01,Monthly,,Active
S-C03822,C03822,2023-01-01,P01,Monthly,,Active
S-C03823,C03823,2024-11-01,P02,Monthly,2026-03-01,Churned
S-C03824,C03824,2023-08-01,P01,Monthly,,Active
S-C03825,C03825,2025-01-01,P01,Monthly,,Active
S-C03826,C03826,2026-02-01,P02,Annual,,Active
S-C03827,C03827,2024-02-01,P01,Monthly,,Active
S-C03828,C03828,2024-11-01,P01,Monthly,,Active
S-C03829,C03829,2025-04-01,P01,Monthly,,Active
S-C03830,C03830,2023-07-01,P01,Monthly,,Active
S-C03831,C03831,2026-01-01,P01,Monthly,,Active
S-C03832,C03832,2023-09-01,P03,Monthly,,Active
S-C03833,C03833,2025-10-01,P02,Monthly,,Active
S-C03834,C03834,2025-04-01,P01,Annual,,Active
S-C03835,C03835,2023-06-01,P03,Monthly,,Active
S-C03836,C03836,2025-06-01,P03,Monthly,,Active
S-C03837,C03837,2023-09-01,P03,Monthly,2024-04-01,Churned
S-C03838,C03838,2025-01-01,P03,Monthly,,Active
S-C03839,C03839,2026-04-01,P02,Monthly,,Active
S-C03840,C03840,2026-04-01,P01,Monthly,,Active
S-C03841,C03841,2025-12-01,P03,Monthly,,Active
S-C03842,C03842,2024-09-01,P02,Monthly,,Active
S-C03843,C03843,2024-11-01,P01,Annual,2026-03-01,Churned
S-C03844,C03844,2024-01-01,P02,Annual,,Active
S-C03845,C03845,2026-02-01,P02,Monthly,,Active
S-C03846,C03846,2024-08-01,P01,Annual,,Active
S-C03847,C03847,2025-08-01,P01,Annual,,Active
S-C03848,C03848,2024-03-01,P02,Monthly,,Active
S-C03849,C03849,2025-07-01,P01,Annual,2025-10-01,Churned
S-C03850,C03850,2023-10-01,P01,Monthly,,Active
S-C03851,C03851,2025-07-01,P03,Monthly,,Active
S-C03852,C03852,2023-02-01,P04,Annual,,Active
S-C03853,C03853,2023-05-01,P03,Monthly,2024-11-01,Churned
S-C03854,C03854,2024-03-01,P02,Annual,,Active
S-C03855,C03855,2024-08-01,P04,Monthly,,Active
S-C03856,C03856,2025-06-01,P01,Monthly,,Active
S-C03857,C03857,2024-03-01,P02,Annual,,Active
S-C03858,C03858,2023-01-01,P03,Monthly,2024-12-01,Churned
S-C03859,C03859,2024-02-01,P02,Monthly,,Active
S-C03860,C03860,2024-07-01,P03,Annual,,Active
S-C03861,C03861,2024-11-01,P01,Annual,,Active
S-C03862,C03862,2025-03-01,P01,Annual,2025-06-01,Churned
S-C03863,C03863,2023-11-01,P01,Monthly,,Active
S-C03864,C03864,2025-01-01,P02,Monthly,,Active
S-C03865,C03865,2025-02-01,P02,Monthly,,Active
S-C03866,C03866,2025-08-01,P03,Monthly,,Active
S-C03867,C03867,2024-10-01,P01,Monthly,,Active
S-C03868,C03868,2025-10-01,P02,Monthly,,Active
S-C03869,C03869,2023-10-01,P01,Monthly,,Active
S-C03870,C03870,2025-06-01,P03,Monthly,2026-07-01,Churned
S-C03871,C03871,2023-02-01,P02,Annual,,Active
S-C03872,C03872,2023-05-01,P04,Monthly,,Active
S-C03873,C03873,2025-12-01,P02,Monthly,,Active
S-C03874,C03874,2024-08-01,P01,Annual,,Active
S-C03875,C03875,2025-02-01,P02,Annual,,Active
S-C03876,C03876,2025-01-01,P02,Monthly,2026-06-01,Churned
S-C03877,C03877,2025-05-01,P01,Monthly,,Active
S-C03878,C03878,2023-11-01,P02,Monthly,,Active
S-C03879,C03879,2023-08-01,P01,Monthly,2025-01-01,Churned
S-C03880,C03880,2023-02-01,P03,Monthly,2025-02-01,Churned
S-C03881,C03881,2025-12-01,P01,Monthly,,Active
S-C03882,C03882,2023-10-01,P02,Monthly,,Active
S-C03883,C03883,2024-12-01,P03,Annual,,Active
S-C03884,C03884,2024-07-01,P01,Monthly,2026-07-01,Churned
S-C03885,C03885,2023-07-01,P01,Monthly,,Active
S-C03886,C03886,2024-05-01,P03,Monthly,,Active
S-C03887,C03887,2023-04-01,P04,Monthly,2023-08-01,Churned
S-C03888,C03888,2023-08-01,P01,Monthly,,Active
S-C03889,C03889,2023-06-01,P02,Monthly,2024-11-01,Churned
S-C03890,C03890,2025-10-01,P03,Annual,,Active
S-C03891,C03891,2024-12-01,P02,Monthly,,Active
S-C03892,C03892,2026-03-01,P01,Monthly,,Active
S-C03893,C03893,2024-06-01,P03,Monthly,,Active
S-C03894,C03894,2023-09-01,P02,Monthly,2024-09-01,Churned
S-C03895,C03895,2025-01-01,P01,Monthly,2025-07-01,Churned
S-C03896,C03896,2026-03-01,P01,Annual,,Active
S-C03897,C03897,2024-10-01,P02,Monthly,,Active
S-C03898,C03898,2023-01-01,P01,Monthly,,Active
S-C03899,C03899,2024-01-01,P01,Monthly,2025-01-01,Churned
S-C03900,C03900,2026-02-01,P01,Monthly,,Active
S-C03901,C03901,2024-10-01,P01,Annual,2025-04-01,Churned
S-C03902,C03902,2026-04-01,P01,Annual,,Active
S-C03903,C03903,2024-09-01,P01,Monthly,,Active
S-C03904,C03904,2023-01-01,P02,Monthly,2026-08-01,Churned
S-C03905,C03905,2025-12-01,P03,Annual,,Active
S-C03906,C03906,2025-08-01,P01,Annual,,Active
S-C03907,C03907,2025-06-01,P02,Monthly,,Active
S-C03908,C03908,2026-04-01,P02,Monthly,,Active
S-C03909,C03909,2023-09-01,P02,Annual,2025-12-01,Churned
S-C03910,C03910,2026-02-01,P01,Monthly,,Active
S-C03911,C03911,2023-10-01,P03,Monthly,,Active
S-C03912,C03912,2026-04-01,P03,Annual,,Active
S-C03913,C03913,2023-08-01,P02,Annual,,Active
S-C03914,C03914,2024-11-01,P01,Monthly,,Active
S-C03915,C03915,2025-09-01,P03,Monthly,,Active
S-C03916,C03916,2023-04-01,P01,Annual,2025-07-01,Churned
S-C03917,C03917,2023-03-01,P01,Annual,,Active
S-C03918,C03918,2025-11-01,P02,Monthly,,Active
S-C03919,C03919,2023-03-01,P03,Monthly,2025-04-01,Churned
S-C03920,C03920,2025-02-01,P01,Monthly,,Active
S-C03921,C03921,2026-03-01,P02,Monthly,,Active
S-C03922,C03922,2025-02-01,P02,Annual,2026-05-01,Churned
S-C03923,C03923,2024-08-01,P04,Monthly,2025-07-01,Churned
S-C03924,C03924,2024-06-01,P04,Monthly,2025-06-01,Churned
S-C03925,C03925,2025-03-01,P03,Monthly,2026-04-01,Churned
S-C03926,C03926,2024-12-01,P02,Monthly,2025-12-01,Churned
S-C03927,C03927,2024-09-01,P01,Monthly,,Active
S-C03928,C03928,2023-07-01,P01,Monthly,,Active
S-C03929,C03929,2025-04-01,P01,Monthly,,Active
S-C03930,C03930,2025-07-01,P01,Monthly,,Active
S-C03931,C03931,2025-06-01,P04,Annual,,Active
S-C03932,C03932,2023-04-01,P01,Monthly,2026-02-01,Churned
S-C03933,C03933,2025-05-01,P03,Monthly,,Active
S-C03934,C03934,2025-06-01,P01,Monthly,2025-12-01,Churned
S-C03935,C03935,2023-08-01,P03,Monthly,2025-06-01,Churned
S-C03936,C03936,2025-11-01,P01,Monthly,,Active
S-C03937,C03937,2024-10-01,P03,Monthly,2025-02-01,Churned
S-C03938,C03938,2024-08-01,P01,Monthly,2026-01-01,Churned
S-C03939,C03939,2025-06-01,P03,Monthly,,Active
S-C03940,C03940,2024-09-01,P01,Monthly,2026-08-01,Churned
S-C03941,C03941,2024-11-01,P01,Monthly,2025-12-01,Churned
S-C03942,C03942,2024-01-01,P04,Monthly,,Active
S-C03943,C03943,2026-03-01,P01,Annual,,Active
S-C03944,C03944,2026-04-01,P03,Monthly,,Active
S-C03945,C03945,2023-06-01,P02,Monthly,,Active
S-C03946,C03946,2025-07-01,P01,Monthly,,Active
S-C03947,C03947,2023-01-01,P01,Annual,2025-09-01,Churned
S-C03948,C03948,2024-04-01,P04,Monthly,,Active
S-C03949,C03949,2026-04-01,P01,Monthly,,Active
S-C03950,C03950,2023-08-01,P01,Monthly,,Active
S-C03951,C03951,2024-04-01,P01,Monthly,,Active
S-C03952,C03952,2023-10-01,P02,Monthly,2026-05-01,Churned
S-C03953,C03953,2025-06-01,P04,Monthly,,Active
S-C03954,C03954,2024-08-01,P01,Annual,,Active
S-C03955,C03955,2025-01-01,P01,Monthly,2026-07-01,Churned
S-C03956,C03956,2026-03-01,P02,Monthly,,Active
S-C03957,C03957,2024-10-01,P02,Monthly,2025-10-01,Churned
S-C03958,C03958,2025-07-01,P02,Monthly,,Active
S-C03959,C03959,2023-05-01,P01,Monthly,,Active
S-C03960,C03960,2023-09-01,P03,Monthly,2024-02-01,Churned
S-C03961,C03961,2026-03-01,P01,Annual,,Active
S-C03962,C03962,2025-12-01,P01,Monthly,,Active
S-C03963,C03963,2025-03-01,P01,Annual,,Active
S-C03964,C03964,2024-04-01,P03,Annual,,Active
S-C03965,C03965,2023-09-01,P01,Annual,2024-03-01,Churned
S-C03966,C03966,2025-11-01,P04,Monthly,,Active
S-C03967,C03967,2025-09-01,P01,Monthly,,Active
S-C03968,C03968,2023-10-01,P01,Annual,2026-05-01,Churned
S-C03969,C03969,2025-01-01,P02,Monthly,,Active
S-C03970,C03970,2025-02-01,P01,Monthly,2025-10-01,Churned
S-C03971,C03971,2024-08-01,P02,Monthly,,Active
S-C03972,C03972,2026-03-01,P04,Monthly,,Active
S-C03973,C03973,2023-06-01,P04,Monthly,,Active
S-C03974,C03974,2023-11-01,P01,Monthly,2024-05-01,Churned
S-C03975,C03975,2023-04-01,P04,Monthly,2024-02-01,Churned
S-C03976,C03976,2025-05-01,P02,Annual,,Active
S-C03977,C03977,2025-03-01,P03,Monthly,,Active
S-C03978,C03978,2026-05-01,P03,Monthly,,Active
S-C03979,C03979,2024-11-01,P03,Annual,,Active
S-C03980,C03980,2023-07-01,P02,Monthly,,Active
S-C03981,C03981,2024-07-01,P02,Monthly,,Active
S-C03982,C03982,2023-04-01,P01,Monthly,2025-11-01,Churned
S-C03983,C03983,2025-04-01,P02,Annual,,Active
S-C03984,C03984,2025-04-01,P02,Annual,,Active
S-C03985,C03985,2025-12-01,P03,Monthly,,Active
S-C03986,C03986,2024-02-01,P01,Annual,2024-06-01,Churned
S-C03987,C03987,2024-01-01,P01,Monthly,2024-08-01,Churned
S-C03988,C03988,2023-03-01,P04,Monthly,,Active
S-C03989,C03989,2024-06-01,P04,Monthly,,Active
S-C03990,C03990,2024-08-01,P02,Monthly,,Active
S-C03991,C03991,2025-07-01,P01,Monthly,,Active
S-C03992,C03992,2025-07-01,P01,Monthly,2026-08-01,Churned
S-C03993,C03993,2023-06-01,P02,Annual,2025-09-01,Churned
S-C03994,C03994,2023-12-01,P03,Annual,2026-08-01,Churned
S-C03995,C03995,2024-09-01,P02,Monthly,2024-12-01,Churned
S-C03996,C03996,2024-02-01,P02,Monthly,,Active
S-C03997,C03997,2023-02-01,P01,Monthly,2025-01-01,Churned
S-C03998,C03998,2025-11-01,P01,Annual,,Active
S-C03999,C03999,2025-07-01,P01,Monthly,,Active
S-C04000,C04000,2024-10-01,P01,Monthly,,Active
S-C04001,C04001,2024-02-01,P02,Annual,2025-12-01,Churned
S-C04002,C04002,2025-11-01,P02,Monthly,,Active
S-C04003,C04003,2023-02-01,P02,Monthly,2025-10-01,Churned
S-C04004,C04004,2024-07-01,P02,Monthly,,Active
S-C04005,C04005,2025-09-01,P03,Monthly,,Active
S-C04006,C04006,2026-04-01,P01,Monthly,,Active
S-C04007,C04007,2023-11-01,P02,Monthly,,Active
S-C04008,C04008,2025-03-01,P02,Monthly,,Active
S-C04009,C04009,2023-08-01,P03,Monthly,2026-04-01,Churned
S-C04010,C04010,2023-05-01,P04,Monthly,,Active
S-C04011,C04011,2024-03-01,P01,Annual,,Active
S-C04012,C04012,2026-01-01,P02,Monthly,,Active
S-C04013,C04013,2025-05-01,P02,Monthly,,Active
S-C04014,C04014,2024-09-01,P02,Monthly,,Active
S-C04015,C04015,2023-12-01,P02,Monthly,,Active
S-C04016,C04016,2023-06-01,P01,Monthly,2024-01-01,Churned
S-C04017,C04017,2023-12-01,P02,Monthly,,Active
S-C04018,C04018,2023-07-01,P01,Monthly,2024-06-01,Churned
S-C04019,C04019,2023-08-01,P03,Annual,2026-08-01,Churned
S-C04020,C04020,2025-05-01,P01,Annual,,Active
S-C04021,C04021,2023-06-01,P01,Monthly,,Active
S-C04022,C04022,2023-03-01,P03,Monthly,,Active
S-C04023,C04023,2024-11-01,P03,Monthly,2026-07-01,Churned
S-C04024,C04024,2023-12-01,P03,Annual,2025-08-01,Churned
S-C04025,C04025,2024-07-01,P01,Monthly,2026-08-01,Churned
S-C04026,C04026,2023-06-01,P01,Monthly,2024-02-01,Churned
S-C04027,C04027,2023-09-01,P02,Monthly,,Active
S-C04028,C04028,2024-07-01,P03,Monthly,,Active
S-C04029,C04029,2025-05-01,P01,Monthly,,Active
S-C04030,C04030,2024-06-01,P01,Monthly,,Active
S-C04031,C04031,2024-11-01,P02,Monthly,,Active
S-C04032,C04032,2024-10-01,P01,Annual,2025-11-01,Churned
S-C04033,C04033,2023-12-01,P03,Annual,,Active
S-C04034,C04034,2023-12-01,P02,Annual,2024-07-01,Churned
S-C04035,C04035,2024-06-01,P01,Annual,,Active
S-C04036,C04036,2023-02-01,P01,Monthly,,Active
S-C04037,C04037,2025-05-01,P02,Monthly,2025-12-01,Churned
S-C04038,C04038,2025-02-01,P03,Annual,2026-06-01,Churned
S-C04039,C04039,2024-01-01,P01,Annual,2025-09-01,Churned
S-C04040,C04040,2024-04-01,P03,Monthly,,Active
S-C04041,C04041,2024-02-01,P01,Monthly,2024-05-01,Churned
S-C04042,C04042,2025-03-01,P03,Annual,,Active
S-C04043,C04043,2025-08-01,P02,Monthly,,Active
S-C04044,C04044,2023-05-01,P01,Annual,2024-01-01,Churned
S-C04045,C04045,2024-05-01,P01,Monthly,,Active
S-C04046,C04046,2023-01-01,P01,Annual,,Active
S-C04047,C04047,2024-07-01,P01,Monthly,,Active
S-C04048,C04048,2023-11-01,P02,Monthly,2026-01-01,Churned
S-C04049,C04049,2024-02-01,P03,Monthly,,Active
S-C04050,C04050,2024-07-01,P01,Monthly,,Active
S-C04051,C04051,2024-02-01,P02,Monthly,,Active
S-C04052,C04052,2024-05-01,P01,Annual,,Active
S-C04053,C04053,2025-08-01,P02,Monthly,,Active
S-C04054,C04054,2025-10-01,P02,Annual,2026-04-01,Churned
S-C04055,C04055,2023-01-01,P02,Monthly,,Active
S-C04056,C04056,2024-04-01,P02,Annual,,Active
S-C04057,C04057,2025-11-01,P01,Monthly,,Active
S-C04058,C04058,2024-10-01,P01,Monthly,,Active
S-C04059,C04059,2023-09-01,P01,Monthly,,Active
S-C04060,C04060,2025-01-01,P02,Monthly,,Active
S-C04061,C04061,2023-06-01,P01,Monthly,,Active
S-C04062,C04062,2023-01-01,P02,Monthly,2026-04-01,Churned
S-C04063,C04063,2025-02-01,P03,Monthly,,Active
S-C04064,C04064,2024-10-01,P03,Monthly,,Active
S-C04065,C04065,2025-08-01,P04,Monthly,,Active
S-C04066,C04066,2024-03-01,P03,Monthly,,Active
S-C04067,C04067,2025-12-01,P03,Monthly,,Active
S-C04068,C04068,2024-06-01,P02,Annual,,Active
S-C04069,C04069,2025-07-01,P01,Monthly,,Active
S-C04070,C04070,2023-05-01,P04,Annual,2024-05-01,Churned
S-C04071,C04071,2023-05-01,P01,Monthly,,Active
S-C04072,C04072,2025-09-01,P01,Monthly,,Active
S-C04073,C04073,2025-11-01,P02,Monthly,,Active
S-C04074,C04074,2026-03-01,P03,Monthly,,Active
S-C04075,C04075,2024-02-01,P01,Monthly,2024-06-01,Churned
S-C04076,C04076,2023-01-01,P04,Monthly,,Active
S-C04077,C04077,2026-05-01,P02,Monthly,,Active
S-C04078,C04078,2025-01-01,P03,Monthly,,Active
S-C04079,C04079,2023-11-01,P02,Monthly,2026-04-01,Churned
S-C04080,C04080,2025-08-01,P01,Monthly,,Active
S-C04081,C04081,2026-02-01,P02,Annual,,Active
S-C04082,C04082,2023-12-01,P02,Annual,,Active
S-C04083,C04083,2025-08-01,P03,Annual,,Active
S-C04084,C04084,2025-09-01,P03,Monthly,,Active
S-C04085,C04085,2024-09-01,P01,Monthly,,Active
S-C04086,C04086,2025-02-01,P01,Monthly,,Active
S-C04087,C04087,2023-12-01,P02,Monthly,,Active
S-C04088,C04088,2026-03-01,P02,Monthly,,Active
S-C04089,C04089,2026-05-01,P03,Monthly,,Active
S-C04090,C04090,2026-05-01,P03,Monthly,,Active
S-C04091,C04091,2025-07-01,P03,Annual,,Active
S-C04092,C04092,2023-02-01,P02,Monthly,,Active
S-C04093,C04093,2024-04-01,P01,Annual,2025-06-01,Churned
S-C04094,C04094,2024-07-01,P02,Monthly,,Active
S-C04095,C04095,2026-04-01,P01,Annual,,Active
S-C04096,C04096,2024-11-01,P02,Annual,,Active
S-C04097,C04097,2024-10-01,P03,Monthly,2026-07-01,Churned
S-C04098,C04098,2023-07-01,P02,Annual,,Active
S-C04099,C04099,2025-09-01,P02,Monthly,,Active
S-C04100,C04100,2024-02-01,P01,Annual,,Active
S-C04101,C04101,2023-04-01,P02,Monthly,,Active
S-C04102,C04102,2026-05-01,P01,Annual,,Active
S-C04103,C04103,2023-08-01,P04,Monthly,2024-06-01,Churned
S-C04104,C04104,2023-01-01,P01,Annual,,Active
S-C04105,C04105,2023-04-01,P02,Monthly,2025-08-01,Churned
S-C04106,C04106,2024-07-01,P01,Monthly,,Active
S-C04107,C04107,2023-05-01,P01,Monthly,,Active
S-C04108,C04108,2025-11-01,P01,Monthly,,Active
S-C04109,C04109,2024-10-01,P01,Monthly,,Active
S-C04110,C04110,2024-02-01,P01,Annual,2026-01-01,Churned
S-C04111,C04111,2023-01-01,P04,Annual,2026-05-01,Churned
S-C04112,C04112,2024-08-01,P03,Annual,,Active
S-C04113,C04113,2023-07-01,P02,Annual,,Active
S-C04114,C04114,2026-05-01,P02,Monthly,,Active
S-C04115,C04115,2023-12-01,P02,Monthly,2025-07-01,Churned
S-C04116,C04116,2024-08-01,P01,Monthly,2025-02-01,Churned
S-C04117,C04117,2023-01-01,P01,Monthly,,Active
S-C04118,C04118,2023-06-01,P01,Monthly,2025-04-01,Churned
S-C04119,C04119,2023-09-01,P03,Monthly,,Active
S-C04120,C04120,2023-03-01,P01,Annual,,Active
S-C04121,C04121,2025-06-01,P02,Monthly,,Active
S-C04122,C04122,2026-03-01,P04,Annual,,Active
S-C04123,C04123,2026-05-01,P01,Monthly,,Active
S-C04124,C04124,2023-11-01,P01,Monthly,2024-02-01,Churned
S-C04125,C04125,2025-09-01,P01,Monthly,,Active
S-C04126,C04126,2024-09-01,P02,Annual,,Active
S-C04127,C04127,2023-02-01,P02,Annual,,Active
S-C04128,C04128,2023-04-01,P01,Annual,,Active
S-C04129,C04129,2024-11-01,P02,Monthly,,Active
S-C04130,C04130,2024-06-01,P03,Monthly,,Active
S-C04131,C04131,2023-01-01,P01,Monthly,,Active
S-C04132,C04132,2026-03-01,P01,Annual,,Active
S-C04133,C04133,2025-06-01,P02,Annual,2025-09-01,Churned
S-C04134,C04134,2024-09-01,P03,Annual,2025-03-01,Churned
S-C04135,C04135,2026-05-01,P01,Monthly,,Active
S-C04136,C04136,2026-04-01,P01,Annual,,Active
S-C04137,C04137,2026-04-01,P04,Annual,,Active
S-C04138,C04138,2023-11-01,P03,Monthly,,Active
S-C04139,C04139,2026-01-01,P03,Monthly,,Active
S-C04140,C04140,2024-09-01,P03,Monthly,,Active
S-C04141,C04141,2025-06-01,P02,Monthly,2026-02-01,Churned
S-C04142,C04142,2025-12-01,P01,Monthly,,Active
S-C04143,C04143,2023-07-01,P01,Monthly,,Active
S-C04144,C04144,2024-07-01,P02,Monthly,2025-01-01,Churned
S-C04145,C04145,2023-06-01,P01,Monthly,,Active
S-C04146,C04146,2023-12-01,P01,Monthly,,Active
S-C04147,C04147,2024-05-01,P02,Annual,2025-10-01,Churned
S-C04148,C04148,2025-12-01,P03,Annual,,Active
S-C04149,C04149,2025-12-01,P02,Monthly,,Active
S-C04150,C04150,2024-05-01,P03,Monthly,2025-10-01,Churned
S-C04151,C04151,2024-02-01,P01,Monthly,2025-11-01,Churned
S-C04152,C04152,2024-10-01,P01,Monthly,,Active
S-C04153,C04153,2026-02-01,P01,Annual,,Active
S-C04154,C04154,2026-05-01,P01,Monthly,,Active
S-C04155,C04155,2023-10-01,P02,Monthly,2026-03-01,Churned
S-C04156,C04156,2023-08-01,P04,Annual,,Active
S-C04157,C04157,2025-06-01,P01,Monthly,,Active
S-C04158,C04158,2024-01-01,P01,Monthly,,Active
S-C04159,C04159,2023-09-01,P02,Monthly,2024-11-01,Churned
S-C04160,C04160,2023-02-01,P02,Annual,,Active
S-C04161,C04161,2024-05-01,P04,Monthly,,Active
S-C04162,C04162,2024-05-01,P03,Monthly,,Active
S-C04163,C04163,2024-12-01,P01,Annual,2025-09-01,Churned
S-C04164,C04164,2023-09-01,P02,Annual,2026-03-01,Churned
S-C04165,C04165,2025-06-01,P01,Monthly,2025-11-01,Churned
S-C04166,C04166,2025-04-01,P02,Annual,,Active
S-C04167,C04167,2024-07-01,P03,Annual,,Active
S-C04168,C04168,2023-08-01,P04,Monthly,2024-10-01,Churned
S-C04169,C04169,2024-09-01,P03,Monthly,,Active
S-C04170,C04170,2025-04-01,P03,Monthly,,Active
S-C04171,C04171,2024-04-01,P01,Monthly,,Active
S-C04172,C04172,2023-11-01,P03,Annual,2025-06-01,Churned
S-C04173,C04173,2024-09-01,P02,Monthly,,Active
S-C04174,C04174,2024-03-01,P02,Monthly,2026-04-01,Churned
S-C04175,C04175,2024-05-01,P01,Annual,,Active
S-C04176,C04176,2024-03-01,P01,Annual,2024-06-01,Churned
S-C04177,C04177,2024-01-01,P02,Monthly,,Active
S-C04178,C04178,2025-06-01,P02,Monthly,,Active
S-C04179,C04179,2024-07-01,P03,Monthly,2025-07-01,Churned
S-C04180,C04180,2024-08-01,P02,Monthly,,Active
S-C04181,C04181,2025-03-01,P02,Annual,,Active
S-C04182,C04182,2024-03-01,P03,Monthly,2026-04-01,Churned
S-C04183,C04183,2023-05-01,P01,Monthly,,Active
S-C04184,C04184,2025-11-01,P03,Monthly,,Active
S-C04185,C04185,2023-03-01,P02,Monthly,,Active
S-C04186,C04186,2024-12-01,P03,Monthly,,Active
S-C04187,C04187,2023-11-01,P01,Monthly,2026-07-01,Churned
S-C04188,C04188,2023-09-01,P03,Monthly,,Active
S-C04189,C04189,2023-02-01,P01,Monthly,2024-06-01,Churned
S-C04190,C04190,2026-01-01,P01,Monthly,,Active
S-C04191,C04191,2024-06-01,P02,Annual,,Active
S-C04192,C04192,2024-03-01,P02,Monthly,2025-05-01,Churned
S-C04193,C04193,2025-07-01,P03,Monthly,,Active
S-C04194,C04194,2023-02-01,P02,Annual,2024-06-01,Churned
S-C04195,C04195,2024-12-01,P01,Monthly,,Active
S-C04196,C04196,2024-09-01,P02,Annual,,Active
S-C04197,C04197,2024-11-01,P04,Monthly,,Active
S-C04198,C04198,2023-06-01,P01,Monthly,,Active
S-C04199,C04199,2026-04-01,P01,Monthly,,Active
S-C04200,C04200,2023-10-01,P01,Monthly,,Active
S-C04201,C04201,2025-04-01,P01,Annual,,Active
S-C04202,C04202,2025-07-01,P01,Monthly,,Active
S-C04203,C04203,2024-03-01,P03,Monthly,2025-08-01,Churned
S-C04204,C04204,2023-06-01,P02,Monthly,2023-09-01,Churned
S-C04205,C04205,2024-01-01,P01,Annual,2024-11-01,Churned
S-C04206,C04206,2025-10-01,P01,Monthly,,Active
S-C04207,C04207,2026-02-01,P02,Monthly,,Active
S-C04208,C04208,2026-03-01,P03,Monthly,,Active
S-C04209,C04209,2023-10-01,P01,Annual,2025-07-01,Churned
S-C04210,C04210,2025-01-01,P02,Monthly,,Active
S-C04211,C04211,2023-07-01,P03,Monthly,,Active
S-C04212,C04212,2025-06-01,P02,Monthly,,Active
S-C04213,C04213,2024-06-01,P01,Annual,,Active
S-C04214,C04214,2025-06-01,P01,Monthly,,Active
S-C04215,C04215,2025-05-01,P01,Monthly,,Active
S-C04216,C04216,2026-05-01,P03,Monthly,,Active
S-C04217,C04217,2024-09-01,P04,Annual,2026-08-01,Churned
S-C04218,C04218,2024-03-01,P01,Annual,,Active
S-C04219,C04219,2024-10-01,P01,Monthly,,Active
S-C04220,C04220,2023-07-01,P03,Annual,2025-01-01,Churned
S-C04221,C04221,2023-05-01,P03,Monthly,,Active
S-C04222,C04222,2024-10-01,P03,Monthly,,Active
S-C04223,C04223,2025-10-01,P02,Annual,,Active
S-C04224,C04224,2024-10-01,P01,Monthly,2025-03-01,Churned
S-C04225,C04225,2025-09-01,P01,Annual,,Active
S-C04226,C04226,2023-08-01,P01,Annual,,Active
S-C04227,C04227,2024-07-01,P02,Annual,2026-01-01,Churned
S-C04228,C04228,2025-02-01,P02,Monthly,2025-07-01,Churned
S-C04229,C04229,2024-03-01,P01,Annual,,Active
S-C04230,C04230,2023-01-01,P01,Annual,2023-12-01,Churned
S-C04231,C04231,2023-04-01,P03,Annual,,Active
S-C04232,C04232,2026-03-01,P01,Annual,,Active
S-C04233,C04233,2025-01-01,P02,Monthly,,Active
S-C04234,C04234,2023-11-01,P03,Annual,,Active
S-C04235,C04235,2023-11-01,P03,Monthly,2024-02-01,Churned
S-C04236,C04236,2023-02-01,P01,Monthly,2023-09-01,Churned
S-C04237,C04237,2026-03-01,P01,Monthly,,Active
S-C04238,C04238,2023-05-01,P04,Monthly,2024-11-01,Churned
S-C04239,C04239,2025-08-01,P01,Monthly,,Active
S-C04240,C04240,2023-10-01,P01,Monthly,,Active
S-C04241,C04241,2024-02-01,P02,Monthly,,Active
S-C04242,C04242,2023-12-01,P01,Monthly,,Active
S-C04243,C04243,2025-10-01,P01,Annual,,Active
S-C04244,C04244,2023-02-01,P01,Monthly,,Active
S-C04245,C04245,2024-03-01,P02,Monthly,,Active
S-C04246,C04246,2023-12-01,P02,Monthly,,Active
S-C04247,C04247,2023-12-01,P03,Annual,2025-11-01,Churned
S-C04248,C04248,2023-08-01,P02,Monthly,2025-03-01,Churned
S-C04249,C04249,2026-02-01,P01,Monthly,,Active
S-C04250,C04250,2024-04-01,P02,Monthly,2026-02-01,Churned
S-C04251,C04251,2024-06-01,P03,Monthly,2025-08-01,Churned
S-C04252,C04252,2024-04-01,P02,Annual,,Active
S-C04253,C04253,2026-05-01,P02,Monthly,,Active
S-C04254,C04254,2024-02-01,P01,Monthly,,Active
S-C04255,C04255,2024-03-01,P02,Monthly,,Active
S-C04256,C04256,2024-02-01,P01,Monthly,,Active
S-C04257,C04257,2024-02-01,P03,Monthly,,Active
S-C04258,C04258,2023-04-01,P01,Monthly,,Active
S-C04259,C04259,2025-01-01,P01,Monthly,,Active
S-C04260,C04260,2023-02-01,P02,Annual,2023-09-01,Churned
S-C04261,C04261,2023-10-01,P01,Monthly,2024-04-01,Churned
S-C04262,C04262,2023-09-01,P01,Annual,2024-10-01,Churned
S-C04263,C04263,2023-12-01,P02,Annual,2024-11-01,Churned
S-C04264,C04264,2025-08-01,P02,Monthly,2026-07-01,Churned
S-C04265,C04265,2025-01-01,P02,Monthly,,Active
S-C04266,C04266,2026-05-01,P01,Annual,,Active
S-C04267,C04267,2024-03-01,P02,Monthly,,Active
S-C04268,C04268,2026-03-01,P01,Monthly,,Active
S-C04269,C04269,2023-02-01,P01,Annual,,Active
S-C04270,C04270,2024-09-01,P02,Monthly,2025-12-01,Churned
S-C04271,C04271,2025-09-01,P01,Annual,,Active
S-C04272,C04272,2024-10-01,P01,Monthly,,Active
S-C04273,C04273,2026-03-01,P01,Annual,,Active
S-C04274,C04274,2024-01-01,P01,Monthly,,Active
S-C04275,C04275,2023-02-01,P01,Monthly,,Active
S-C04276,C04276,2025-08-01,P02,Monthly,,Active
S-C04277,C04277,2023-03-01,P03,Monthly,2024-01-01,Churned
S-C04278,C04278,2025-08-01,P02,Annual,2026-08-01,Churned
S-C04279,C04279,2025-07-01,P01,Annual,,Active
S-C04280,C04280,2025-11-01,P02,Annual,2026-08-01,Churned
S-C04281,C04281,2024-08-01,P01,Monthly,,Active
S-C04282,C04282,2026-01-01,P03,Monthly,,Active
S-C04283,C04283,2023-07-01,P02,Monthly,2026-03-01,Churned
S-C04284,C04284,2024-06-01,P01,Monthly,,Active
S-C04285,C04285,2023-06-01,P02,Monthly,,Active
S-C04286,C04286,2025-08-01,P03,Monthly,,Active
S-C04287,C04287,2025-06-01,P02,Annual,,Active
S-C04288,C04288,2025-10-01,P01,Monthly,,Active
S-C04289,C04289,2025-08-01,P03,Monthly,,Active
S-C04290,C04290,2024-01-01,P03,Annual,2024-05-01,Churned
S-C04291,C04291,2023-03-01,P01,Monthly,,Active
S-C04292,C04292,2026-03-01,P02,Annual,,Active
S-C04293,C04293,2024-09-01,P01,Monthly,2025-08-01,Churned
S-C04294,C04294,2023-04-01,P01,Monthly,,Active
S-C04295,C04295,2026-03-01,P04,Annual,,Active
S-C04296,C04296,2026-05-01,P01,Monthly,,Active
S-C04297,C04297,2024-07-01,P01,Annual,2025-12-01,Churned
S-C04298,C04298,2025-08-01,P02,Monthly,2025-11-01,Churned
S-C04299,C04299,2023-02-01,P03,Monthly,2023-06-01,Churned
S-C04300,C04300,2023-04-01,P04,Annual,2025-01-01,Churned
S-C04301,C04301,2023-12-01,P01,Monthly,,Active
S-C04302,C04302,2025-03-01,P01,Monthly,,Active
S-C04303,C04303,2023-06-01,P02,Monthly,,Active
S-C04304,C04304,2023-02-01,P01,Monthly,,Active
S-C04305,C04305,2025-04-01,P02,Monthly,,Active
S-C04306,C04306,2025-08-01,P02,Monthly,,Active
S-C04307,C04307,2025-07-01,P03,Monthly,,Active
S-C04308,C04308,2025-09-01,P01,Annual,2026-02-01,Churned
S-C04309,C04309,2025-09-01,P02,Monthly,,Active
S-C04310,C04310,2025-01-01,P02,Monthly,,Active
S-C04311,C04311,2024-10-01,P01,Annual,,Active
S-C04312,C04312,2025-12-01,P03,Monthly,,Active
S-C04313,C04313,2024-03-01,P02,Monthly,2025-04-01,Churned
S-C04314,C04314,2023-05-01,P02,Monthly,2025-11-01,Churned
S-C04315,C04315,2025-07-01,P01,Monthly,,Active
S-C04316,C04316,2023-12-01,P02,Monthly,2024-07-01,Churned
S-C04317,C04317,2026-05-01,P01,Monthly,,Active
S-C04318,C04318,2024-05-01,P01,Monthly,,Active
S-C04319,C04319,2025-11-01,P02,Monthly,,Active
S-C04320,C04320,2023-02-01,P01,Monthly,2023-06-01,Churned
S-C04321,C04321,2025-04-01,P02,Monthly,,Active
S-C04322,C04322,2024-07-01,P02,Monthly,2026-04-01,Churned
S-C04323,C04323,2024-07-01,P02,Monthly,,Active
S-C04324,C04324,2023-11-01,P04,Annual,2024-07-01,Churned
S-C04325,C04325,2026-04-01,P03,Monthly,,Active
S-C04326,C04326,2024-05-01,P01,Monthly,,Active
S-C04327,C04327,2025-11-01,P01,Monthly,,Active
S-C04328,C04328,2024-06-01,P01,Monthly,,Active
S-C04329,C04329,2023-03-01,P01,Annual,2026-06-01,Churned
S-C04330,C04330,2026-01-01,P01,Annual,,Active
S-C04331,C04331,2023-08-01,P03,Annual,,Active
S-C04332,C04332,2023-12-01,P01,Monthly,,Active
S-C04333,C04333,2025-12-01,P02,Monthly,,Active
S-C04334,C04334,2026-01-01,P01,Monthly,,Active
S-C04335,C04335,2026-02-01,P04,Monthly,,Active
S-C04336,C04336,2024-06-01,P03,Annual,2025-01-01,Churned
S-C04337,C04337,2025-08-01,P03,Monthly,2025-12-01,Churned
S-C04338,C04338,2024-02-01,P01,Annual,,Active
S-C04339,C04339,2025-07-01,P03,Monthly,,Active
S-C04340,C04340,2024-09-01,P01,Monthly,2025-11-01,Churned
S-C04341,C04341,2023-03-01,P01,Annual,,Active
S-C04342,C04342,2024-06-01,P01,Monthly,,Active
S-C04343,C04343,2024-08-01,P01,Monthly,,Active
S-C04344,C04344,2023-11-01,P01,Annual,,Active
S-C04345,C04345,2024-04-01,P03,Monthly,,Active
S-C04346,C04346,2024-09-01,P01,Monthly,,Active
S-C04347,C04347,2023-03-01,P02,Monthly,,Active
S-C04348,C04348,2023-07-01,P03,Monthly,2024-05-01,Churned
S-C04349,C04349,2025-08-01,P03,Monthly,,Active
S-C04350,C04350,2024-03-01,P01,Annual,2026-07-01,Churned
S-C04351,C04351,2025-01-01,P04,Annual,2025-11-01,Churned
S-C04352,C04352,2024-12-01,P01,Annual,,Active
S-C04353,C04353,2024-11-01,P03,Monthly,,Active
S-C04354,C04354,2024-05-01,P02,Monthly,,Active
S-C04355,C04355,2024-08-01,P01,Monthly,,Active
S-C04356,C04356,2025-10-01,P04,Annual,,Active
S-C04357,C04357,2026-04-01,P03,Monthly,,Active
S-C04358,C04358,2023-11-01,P01,Annual,,Active
S-C04359,C04359,2025-04-01,P03,Monthly,,Active
S-C04360,C04360,2026-04-01,P03,Annual,,Active
S-C04361,C04361,2023-01-01,P02,Annual,2023-04-01,Churned
S-C04362,C04362,2025-09-01,P01,Monthly,,Active
S-C04363,C04363,2024-09-01,P01,Monthly,,Active
S-C04364,C04364,2026-04-01,P02,Annual,,Active
S-C04365,C04365,2024-12-01,P01,Annual,,Active
S-C04366,C04366,2025-11-01,P01,Monthly,,Active
S-C04367,C04367,2023-07-01,P04,Monthly,,Active
S-C04368,C04368,2023-06-01,P01,Monthly,2024-07-01,Churned
S-C04369,C04369,2026-03-01,P01,Monthly,,Active
S-C04370,C04370,2024-10-01,P02,Annual,,Active
S-C04371,C04371,2024-11-01,P01,Monthly,2026-01-01,Churned
S-C04372,C04372,2023-08-01,P03,Monthly,2024-01-01,Churned
S-C04373,C04373,2023-10-01,P03,Annual,,Active
S-C04374,C04374,2025-10-01,P03,Monthly,,Active
S-C04375,C04375,2024-01-01,P04,Annual,,Active
S-C04376,C04376,2024-12-01,P02,Monthly,,Active
S-C04377,C04377,2024-01-01,P02,Monthly,,Active
S-C04378,C04378,2023-11-01,P01,Monthly,2025-06-01,Churned
S-C04379,C04379,2023-07-01,P01,Monthly,,Active
S-C04380,C04380,2026-03-01,P01,Annual,,Active
S-C04381,C04381,2026-03-01,P03,Annual,,Active
S-C04382,C04382,2023-05-01,P02,Monthly,2023-09-01,Churned
S-C04383,C04383,2024-03-01,P01,Annual,,Active
S-C04384,C04384,2024-12-01,P03,Monthly,2026-01-01,Churned
S-C04385,C04385,2024-04-01,P01,Monthly,2024-08-01,Churned
S-C04386,C04386,2025-06-01,P02,Monthly,,Active
S-C04387,C04387,2023-11-01,P01,Monthly,,Active
S-C04388,C04388,2023-03-01,P02,Monthly,2024-10-01,Churned
S-C04389,C04389,2024-02-01,P03,Monthly,2026-07-01,Churned
S-C04390,C04390,2025-01-01,P02,Monthly,,Active
S-C04391,C04391,2023-08-01,P03,Monthly,,Active
S-C04392,C04392,2025-10-01,P03,Monthly,,Active
S-C04393,C04393,2023-01-01,P02,Monthly,,Active
S-C04394,C04394,2023-03-01,P02,Monthly,2024-01-01,Churned
S-C04395,C04395,2024-09-01,P02,Monthly,,Active
S-C04396,C04396,2024-10-01,P03,Monthly,,Active
S-C04397,C04397,2024-01-01,P03,Monthly,,Active
S-C04398,C04398,2023-11-01,P02,Annual,,Active
S-C04399,C04399,2023-03-01,P01,Monthly,2025-06-01,Churned
S-C04400,C04400,2025-04-01,P03,Monthly,2026-03-01,Churned
S-C04401,C04401,2024-04-01,P03,Monthly,2025-12-01,Churned
S-C04402,C04402,2023-05-01,P03,Monthly,2025-08-01,Churned
S-C04403,C04403,2024-05-01,P01,Monthly,2025-05-01,Churned
S-C04404,C04404,2026-03-01,P02,Annual,,Active
S-C04405,C04405,2023-11-01,P01,Annual,,Active
S-C04406,C04406,2026-01-01,P04,Annual,,Active
S-C04407,C04407,2023-11-01,P03,Monthly,,Active
S-C04408,C04408,2023-08-01,P01,Monthly,,Active
S-C04409,C04409,2023-11-01,P03,Monthly,2026-07-01,Churned
S-C04410,C04410,2024-02-01,P02,Annual,2024-06-01,Churned
S-C04411,C04411,2023-05-01,P01,Monthly,,Active
S-C04412,C04412,2025-01-01,P03,Monthly,,Active
S-C04413,C04413,2024-02-01,P02,Annual,,Active
S-C04414,C04414,2025-06-01,P03,Monthly,,Active
S-C04415,C04415,2024-09-01,P01,Monthly,2026-03-01,Churned
S-C04416,C04416,2024-07-01,P01,Monthly,2025-06-01,Churned
S-C04417,C04417,2024-08-01,P01,Annual,2025-06-01,Churned
S-C04418,C04418,2023-07-01,P03,Annual,,Active
S-C04419,C04419,2025-06-01,P01,Monthly,,Active
S-C04420,C04420,2023-05-01,P02,Annual,2025-10-01,Churned
S-C04421,C04421,2025-06-01,P01,Monthly,,Active
S-C04422,C04422,2026-06-01,P01,Annual,,Active
S-C04423,C04423,2025-08-01,P02,Monthly,,Active
S-C04424,C04424,2024-07-01,P03,Monthly,,Active
S-C04425,C04425,2024-01-01,P02,Monthly,,Active
S-C04426,C04426,2025-12-01,P03,Annual,,Active
S-C04427,C04427,2023-11-01,P02,Annual,2026-07-01,Churned
S-C04428,C04428,2024-08-01,P01,Monthly,,Active
S-C04429,C04429,2025-08-01,P01,Monthly,,Active
S-C04430,C04430,2026-02-01,P04,Monthly,,Active
S-C04431,C04431,2026-02-01,P03,Annual,,Active
S-C04432,C04432,2023-04-01,P02,Monthly,,Active
S-C04433,C04433,2026-01-01,P02,Annual,,Active
S-C04434,C04434,2023-05-01,P02,Annual,,Active
S-C04435,C04435,2024-12-01,P02,Monthly,,Active
S-C04436,C04436,2026-03-01,P02,Annual,,Active
S-C04437,C04437,2025-03-01,P02,Annual,,Active
S-C04438,C04438,2026-03-01,P01,Monthly,,Active
S-C04439,C04439,2024-03-01,P03,Annual,2025-08-01,Churned
S-C04440,C04440,2024-01-01,P02,Monthly,2026-08-01,Churned
S-C04441,C04441,2024-02-01,P02,Monthly,2025-09-01,Churned
S-C04442,C04442,2024-03-01,P03,Annual,,Active
S-C04443,C04443,2025-05-01,P01,Monthly,,Active
S-C04444,C04444,2024-07-01,P03,Monthly,,Active
S-C04445,C04445,2025-07-01,P01,Monthly,2026-04-01,Churned
S-C04446,C04446,2024-06-01,P02,Monthly,,Active
S-C04447,C04447,2024-01-01,P02,Annual,,Active
S-C04448,C04448,2023-08-01,P01,Annual,,Active
S-C04449,C04449,2024-11-01,P01,Monthly,,Active
S-C04450,C04450,2026-01-01,P02,Annual,,Active
S-C04451,C04451,2025-12-01,P04,Monthly,,Active
S-C04452,C04452,2023-11-01,P03,Monthly,,Active
S-C04453,C04453,2024-08-01,P01,Monthly,2026-08-01,Churned
S-C04454,C04454,2025-05-01,P03,Annual,,Active
S-C04455,C04455,2025-02-01,P01,Annual,,Active
S-C04456,C04456,2023-03-01,P04,Annual,,Active
S-C04457,C04457,2025-01-01,P01,Monthly,,Active
S-C04458,C04458,2023-02-01,P02,Monthly,,Active
S-C04459,C04459,2023-05-01,P02,Monthly,,Active
S-C04460,C04460,2025-03-01,P03,Annual,,Active
S-C04461,C04461,2023-05-01,P02,Monthly,,Active
S-C04462,C04462,2024-02-01,P01,Annual,2026-04-01,Churned
S-C04463,C04463,2025-01-01,P01,Monthly,,Active
S-C04464,C04464,2025-03-01,P01,Annual,,Active
S-C04465,C04465,2024-07-01,P01,Monthly,2026-07-01,Churned
S-C04466,C04466,2023-04-01,P02,Monthly,,Active
S-C04467,C04467,2025-09-01,P02,Monthly,2026-05-01,Churned
S-C04468,C04468,2026-03-01,P03,Monthly,,Active
S-C04469,C04469,2026-01-01,P03,Monthly,,Active
S-C04470,C04470,2025-07-01,P04,Monthly,,Active
S-C04471,C04471,2024-05-01,P03,Annual,2025-05-01,Churned
S-C04472,C04472,2025-12-01,P02,Monthly,,Active
S-C04473,C04473,2024-09-01,P02,Monthly,,Active
S-C04474,C04474,2023-06-01,P04,Monthly,,Active
S-C04475,C04475,2025-11-01,P02,Monthly,2026-06-01,Churned
S-C04476,C04476,2024-02-01,P01,Annual,,Active
S-C04477,C04477,2026-03-01,P02,Monthly,,Active
S-C04478,C04478,2024-04-01,P03,Monthly,2024-09-01,Churned
S-C04479,C04479,2025-12-01,P01,Monthly,2026-03-01,Churned
S-C04480,C04480,2024-11-01,P02,Annual,,Active
S-C04481,C04481,2024-08-01,P01,Monthly,,Active
S-C04482,C04482,2024-01-01,P01,Annual,,Active
S-C04483,C04483,2025-11-01,P03,Monthly,,Active
S-C04484,C04484,2023-03-01,P04,Monthly,,Active
S-C04485,C04485,2024-08-01,P03,Monthly,,Active
S-C04486,C04486,2024-04-01,P01,Monthly,2026-05-01,Churned
S-C04487,C04487,2024-11-01,P01,Monthly,,Active
S-C04488,C04488,2023-11-01,P01,Monthly,,Active
S-C04489,C04489,2025-04-01,P02,Monthly,,Active
S-C04490,C04490,2024-04-01,P04,Monthly,,Active
S-C04491,C04491,2023-08-01,P04,Monthly,2023-11-01,Churned
S-C04492,C04492,2023-09-01,P02,Annual,,Active
S-C04493,C04493,2025-05-01,P01,Monthly,,Active
S-C04494,C04494,2023-11-01,P02,Annual,,Active
S-C04495,C04495,2024-01-01,P02,Monthly,,Active
S-C04496,C04496,2025-02-01,P02,Monthly,,Active
S-C04497,C04497,2024-02-01,P01,Monthly,,Active
S-C04498,C04498,2024-04-01,P03,Annual,,Active
S-C04499,C04499,2023-11-01,P01,Monthly,,Active
S-C04500,C04500,2024-03-01,P01,Monthly,,Active
S-C04501,C04501,2025-05-01,P02,Monthly,,Active
S-C04502,C04502,2024-10-01,P01,Monthly,,Active
S-C04503,C04503,2026-05-01,P02,Monthly,,Active
S-C04504,C04504,2025-08-01,P02,Monthly,,Active
S-C04505,C04505,2023-01-01,P01,Monthly,2023-09-01,Churned
S-C04506,C04506,2024-04-01,P03,Monthly,,Active
S-C04507,C04507,2023-12-01,P01,Annual,,Active
S-C04508,C04508,2025-01-01,P02,Annual,2026-02-01,Churned
S-C04509,C04509,2023-11-01,P02,Annual,,Active
S-C04510,C04510,2026-04-01,P02,Annual,,Active
S-C04511,C04511,2024-01-01,P02,Monthly,,Active
S-C04512,C04512,2024-10-01,P01,Monthly,,Active
S-C04513,C04513,2023-06-01,P02,Monthly,2023-11-01,Churned
S-C04514,C04514,2026-02-01,P02,Monthly,,Active
S-C04515,C04515,2026-02-01,P01,Monthly,,Active
S-C04516,C04516,2025-09-01,P02,Monthly,,Active
S-C04517,C04517,2024-03-01,P01,Monthly,,Active
S-C04518,C04518,2023-03-01,P03,Monthly,2023-11-01,Churned
S-C04519,C04519,2025-06-01,P01,Monthly,,Active
S-C04520,C04520,2024-06-01,P02,Monthly,,Active
S-C04521,C04521,2026-05-01,P01,Monthly,,Active
S-C04522,C04522,2025-05-01,P01,Monthly,,Active
S-C04523,C04523,2024-11-01,P03,Monthly,,Active
S-C04524,C04524,2026-05-01,P01,Monthly,,Active
S-C04525,C04525,2025-09-01,P04,Monthly,,Active
S-C04526,C04526,2024-07-01,P01,Monthly,,Active
S-C04527,C04527,2023-01-01,P01,Monthly,2026-02-01,Churned
S-C04528,C04528,2023-04-01,P01,Monthly,,Active
S-C04529,C04529,2024-07-01,P01,Annual,,Active
S-C04530,C04530,2024-12-01,P04,Monthly,,Active
S-C04531,C04531,2023-02-01,P02,Monthly,2024-05-01,Churned
S-C04532,C04532,2023-06-01,P02,Monthly,2024-03-01,Churned
S-C04533,C04533,2025-05-01,P01,Annual,,Active
S-C04534,C04534,2025-07-01,P01,Monthly,,Active
S-C04535,C04535,2023-02-01,P01,Monthly,,Active
S-C04536,C04536,2024-09-01,P03,Monthly,,Active
S-C04537,C04537,2023-04-01,P01,Monthly,2024-04-01,Churned
S-C04538,C04538,2025-06-01,P01,Monthly,,Active
S-C04539,C04539,2025-11-01,P01,Annual,,Active
S-C04540,C04540,2025-12-01,P04,Monthly,,Active
S-C04541,C04541,2025-01-01,P01,Monthly,,Active
S-C04542,C04542,2025-02-01,P04,Monthly,,Active
S-C04543,C04543,2026-03-01,P02,Annual,,Active
S-C04544,C04544,2025-02-01,P02,Annual,2025-05-01,Churned
S-C04545,C04545,2024-07-01,P03,Monthly,2026-01-01,Churned
S-C04546,C04546,2025-07-01,P01,Monthly,,Active
S-C04547,C04547,2025-01-01,P02,Monthly,2025-05-01,Churned
S-C04548,C04548,2025-11-01,P04,Annual,,Active
S-C04549,C04549,2024-10-01,P02,Monthly,,Active
S-C04550,C04550,2025-12-01,P04,Monthly,,Active
S-C04551,C04551,2023-02-01,P02,Monthly,2023-08-01,Churned
S-C04552,C04552,2023-02-01,P02,Monthly,,Active
S-C04553,C04553,2023-05-01,P02,Monthly,2026-01-01,Churned
S-C04554,C04554,2024-11-01,P03,Monthly,2025-08-01,Churned
S-C04555,C04555,2025-06-01,P02,Monthly,2026-03-01,Churned
S-C04556,C04556,2023-09-01,P01,Monthly,,Active
S-C04557,C04557,2023-07-01,P03,Monthly,,Active
S-C04558,C04558,2025-12-01,P01,Monthly,,Active
S-C04559,C04559,2025-07-01,P01,Monthly,,Active
S-C04560,C04560,2025-03-01,P01,Monthly,,Active
S-C04561,C04561,2024-09-01,P02,Annual,,Active
S-C04562,C04562,2024-06-01,P01,Monthly,,Active
S-C04563,C04563,2023-01-01,P01,Monthly,2025-11-01,Churned
S-C04564,C04564,2023-08-01,P01,Monthly,,Active
S-C04565,C04565,2026-01-01,P01,Monthly,,Active
S-C04566,C04566,2024-02-01,P01,Monthly,,Active
S-C04567,C04567,2025-05-01,P03,Monthly,,Active
S-C04568,C04568,2025-05-01,P03,Monthly,2025-12-01,Churned
S-C04569,C04569,2024-01-01,P03,Monthly,2025-02-01,Churned
S-C04570,C04570,2023-09-01,P04,Monthly,,Active
S-C04571,C04571,2025-05-01,P01,Annual,,Active
S-C04572,C04572,2023-04-01,P03,Monthly,,Active
S-C04573,C04573,2024-09-01,P02,Monthly,,Active
S-C04574,C04574,2026-01-01,P01,Monthly,,Active
S-C04575,C04575,2025-06-01,P03,Annual,,Active
S-C04576,C04576,2025-08-01,P03,Monthly,,Active
S-C04577,C04577,2023-04-01,P01,Monthly,2026-01-01,Churned
S-C04578,C04578,2023-09-01,P01,Monthly,2024-04-01,Churned
S-C04579,C04579,2023-12-01,P01,Monthly,,Active
S-C04580,C04580,2023-12-01,P01,Monthly,,Active
S-C04581,C04581,2023-08-01,P02,Monthly,2025-07-01,Churned
S-C04582,C04582,2026-04-01,P01,Monthly,,Active
S-C04583,C04583,2023-07-01,P01,Monthly,2026-01-01,Churned
S-C04584,C04584,2025-06-01,P02,Annual,,Active
S-C04585,C04585,2025-01-01,P01,Monthly,,Active
S-C04586,C04586,2025-01-01,P04,Annual,,Active
S-C04587,C04587,2023-09-01,P02,Monthly,,Active
S-C04588,C04588,2024-01-01,P03,Annual,,Active
S-C04589,C04589,2025-01-01,P02,Monthly,2025-08-01,Churned
S-C04590,C04590,2024-01-01,P01,Monthly,,Active
S-C04591,C04591,2025-05-01,P04,Monthly,,Active
S-C04592,C04592,2023-02-01,P02,Annual,,Active
S-C04593,C04593,2023-04-01,P02,Annual,,Active
S-C04594,C04594,2025-06-01,P01,Monthly,,Active
S-C04595,C04595,2025-02-01,P03,Monthly,,Active
S-C04596,C04596,2023-02-01,P01,Monthly,,Active
S-C04597,C04597,2026-01-01,P02,Annual,,Active
S-C04598,C04598,2023-01-01,P01,Annual,2023-04-01,Churned
S-C04599,C04599,2026-04-01,P02,Annual,,Active
S-C04600,C04600,2025-06-01,P01,Annual,,Active
S-C04601,C04601,2026-05-01,P04,Monthly,,Active
S-C04602,C04602,2026-03-01,P04,Monthly,,Active
S-C04603,C04603,2024-01-01,P02,Annual,2026-06-01,Churned
S-C04604,C04604,2025-08-01,P03,Annual,2025-12-01,Churned
S-C04605,C04605,2023-09-01,P04,Monthly,,Active
S-C04606,C04606,2024-08-01,P01,Monthly,2026-07-01,Churned
S-C04607,C04607,2023-10-01,P03,Annual,,Active
S-C04608,C04608,2024-08-01,P02,Annual,,Active
S-C04609,C04609,2025-12-01,P02,Monthly,,Active
S-C04610,C04610,2024-06-01,P02,Monthly,2026-04-01,Churned
S-C04611,C04611,2023-04-01,P01,Monthly,2024-11-01,Churned
S-C04612,C04612,2024-02-01,P01,Monthly,,Active
S-C04613,C04613,2025-09-01,P01,Monthly,,Active
S-C04614,C04614,2024-10-01,P01,Monthly,,Active
S-C04615,C04615,2024-11-01,P02,Annual,2025-04-01,Churned
S-C04616,C04616,2024-06-01,P03,Annual,,Active
S-C04617,C04617,2024-01-01,P02,Monthly,,Active
S-C04618,C04618,2025-01-01,P02,Monthly,2025-11-01,Churned
S-C04619,C04619,2025-03-01,P02,Annual,,Active
S-C04620,C04620,2026-01-01,P04,Monthly,,Active
S-C04621,C04621,2025-02-01,P04,Annual,,Active
S-C04622,C04622,2026-05-01,P01,Monthly,,Active
S-C04623,C04623,2025-10-01,P02,Monthly,2026-05-01,Churned
S-C04624,C04624,2023-04-01,P02,Annual,2023-07-01,Churned
S-C04625,C04625,2024-05-01,P02,Monthly,,Active
S-C04626,C04626,2024-04-01,P03,Monthly,2026-04-01,Churned
S-C04627,C04627,2023-01-01,P01,Annual,,Active
S-C04628,C04628,2023-08-01,P04,Monthly,2025-03-01,Churned
S-C04629,C04629,2025-08-01,P01,Monthly,,Active
S-C04630,C04630,2024-03-01,P01,Monthly,,Active
S-C04631,C04631,2023-07-01,P01,Annual,2024-06-01,Churned
S-C04632,C04632,2023-12-01,P03,Annual,2026-08-01,Churned
S-C04633,C04633,2023-12-01,P01,Annual,,Active
S-C04634,C04634,2023-08-01,P03,Annual,,Active
S-C04635,C04635,2023-05-01,P01,Monthly,,Active
S-C04636,C04636,2025-08-01,P03,Monthly,2026-06-01,Churned
S-C04637,C04637,2025-10-01,P02,Monthly,,Active
S-C04638,C04638,2024-09-01,P02,Monthly,,Active
S-C04639,C04639,2025-02-01,P01,Annual,,Active
S-C04640,C04640,2026-02-01,P01,Monthly,2026-05-01,Churned
S-C04641,C04641,2025-11-01,P01,Monthly,,Active
S-C04642,C04642,2023-02-01,P01,Monthly,,Active
S-C04643,C04643,2026-04-01,P02,Annual,,Active
S-C04644,C04644,2023-03-01,P01,Annual,,Active
S-C04645,C04645,2023-02-01,P01,Monthly,,Active
S-C04646,C04646,2024-05-01,P01,Monthly,,Active
S-C04647,C04647,2025-07-01,P01,Monthly,,Active
S-C04648,C04648,2023-04-01,P01,Monthly,2024-08-01,Churned
S-C04649,C04649,2024-01-01,P01,Annual,2024-09-01,Churned
S-C04650,C04650,2023-11-01,P02,Monthly,2024-04-01,Churned
S-C04651,C04651,2024-05-01,P01,Annual,2026-08-01,Churned
S-C04652,C04652,2026-05-01,P03,Monthly,,Active
S-C04653,C04653,2024-02-01,P02,Annual,,Active
S-C04654,C04654,2023-09-01,P01,Monthly,2024-03-01,Churned
S-C04655,C04655,2023-06-01,P02,Monthly,,Active
S-C04656,C04656,2023-09-01,P02,Monthly,2024-09-01,Churned
S-C04657,C04657,2023-06-01,P01,Monthly,2023-09-01,Churned
S-C04658,C04658,2024-12-01,P03,Monthly,,Active
S-C04659,C04659,2024-06-01,P01,Monthly,,Active
S-C04660,C04660,2024-09-01,P02,Monthly,,Active
S-C04661,C04661,2025-11-01,P01,Monthly,,Active
S-C04662,C04662,2024-12-01,P01,Monthly,,Active
S-C04663,C04663,2023-07-01,P02,Monthly,2025-05-01,Churned
S-C04664,C04664,2024-04-01,P03,Monthly,2026-01-01,Churned
S-C04665,C04665,2024-01-01,P02,Monthly,2026-01-01,Churned
S-C04666,C04666,2025-10-01,P01,Monthly,,Active
S-C04667,C04667,2024-01-01,P01,Monthly,2025-08-01,Churned
S-C04668,C04668,2023-06-01,P01,Annual,2024-06-01,Churned
S-C04669,C04669,2025-07-01,P01,Monthly,,Active
S-C04670,C04670,2024-06-01,P01,Annual,,Active
S-C04671,C04671,2023-04-01,P01,Monthly,,Active
S-C04672,C04672,2025-05-01,P02,Monthly,,Active
S-C04673,C04673,2023-09-01,P03,Monthly,2026-04-01,Churned
S-C04674,C04674,2025-12-01,P03,Monthly,,Active
S-C04675,C04675,2025-11-01,P02,Monthly,,Active
S-C04676,C04676,2024-04-01,P04,Annual,,Active
S-C04677,C04677,2024-11-01,P01,Monthly,2026-08-01,Churned
S-C04678,C04678,2024-12-01,P01,Annual,,Active
S-C04679,C04679,2025-03-01,P02,Annual,,Active
S-C04680,C04680,2023-03-01,P01,Monthly,2023-11-01,Churned
S-C04681,C04681,2024-02-01,P01,Annual,2024-06-01,Churned
S-C04682,C04682,2023-08-01,P01,Monthly,,Active
S-C04683,C04683,2025-05-01,P02,Annual,,Active
S-C04684,C04684,2023-03-01,P01,Monthly,,Active
S-C04685,C04685,2024-10-01,P01,Monthly,,Active
S-C04686,C04686,2025-06-01,P01,Monthly,,Active
S-C04687,C04687,2026-03-01,P01,Monthly,,Active
S-C04688,C04688,2023-12-01,P01,Monthly,,Active
S-C04689,C04689,2023-01-01,P01,Annual,2024-09-01,Churned
S-C04690,C04690,2025-06-01,P01,Annual,,Active
S-C04691,C04691,2023-01-01,P01,Monthly,,Active
S-C04692,C04692,2023-03-01,P01,Monthly,,Active
S-C04693,C04693,2026-05-01,P01,Monthly,,Active
S-C04694,C04694,2025-12-01,P01,Monthly,,Active
S-C04695,C04695,2025-06-01,P01,Monthly,,Active
S-C04696,C04696,2025-11-01,P02,Monthly,,Active
S-C04697,C04697,2023-04-01,P03,Monthly,,Active
S-C04698,C04698,2023-04-01,P01,Monthly,,Active
S-C04699,C04699,2024-01-01,P03,Monthly,,Active
S-C04700,C04700,2023-01-01,P01,Monthly,,Active
S-C04701,C04701,2026-01-01,P02,Annual,,Active
S-C04702,C04702,2023-03-01,P01,Monthly,,Active
S-C04703,C04703,2024-11-01,P01,Monthly,,Active
S-C04704,C04704,2025-12-01,P04,Monthly,,Active
S-C04705,C04705,2025-07-01,P01,Monthly,,Active
S-C04706,C04706,2023-10-01,P03,Monthly,,Active
S-C04707,C04707,2024-08-01,P02,Monthly,,Active
S-C04708,C04708,2024-11-01,P02,Monthly,,Active
S-C04709,C04709,2025-08-01,P01,Monthly,2026-01-01,Churned
S-C04710,C04710,2024-06-01,P04,Monthly,,Active
S-C04711,C04711,2023-12-01,P01,Monthly,2025-04-01,Churned
S-C04712,C04712,2025-09-01,P01,Monthly,,Active
S-C04713,C04713,2026-01-01,P01,Monthly,,Active
S-C04714,C04714,2024-09-01,P01,Monthly,,Active
S-C04715,C04715,2023-02-01,P03,Monthly,2024-06-01,Churned
S-C04716,C04716,2024-09-01,P02,Monthly,,Active
S-C04717,C04717,2026-01-01,P02,Annual,,Active
S-C04718,C04718,2026-05-01,P02,Annual,,Active
S-C04719,C04719,2024-05-01,P03,Monthly,,Active
S-C04720,C04720,2023-07-01,P01,Monthly,2025-03-01,Churned
S-C04721,C04721,2024-12-01,P04,Monthly,,Active
S-C04722,C04722,2025-11-01,P02,Monthly,,Active
S-C04723,C04723,2026-03-01,P02,Monthly,,Active
S-C04724,C04724,2023-03-01,P04,Monthly,,Active
S-C04725,C04725,2023-12-01,P02,Annual,2025-09-01,Churned
S-C04726,C04726,2024-08-01,P02,Annual,,Active
S-C04727,C04727,2023-05-01,P01,Annual,,Active
S-C04728,C04728,2026-01-01,P01,Annual,,Active
S-C04729,C04729,2023-05-01,P03,Annual,,Active
S-C04730,C04730,2025-04-01,P02,Annual,,Active
S-C04731,C04731,2026-02-01,P02,Monthly,,Active
S-C04732,C04732,2025-05-01,P01,Annual,,Active
S-C04733,C04733,2025-08-01,P04,Monthly,2026-06-01,Churned
S-C04734,C04734,2023-11-01,P03,Annual,2024-08-01,Churned
S-C04735,C04735,2025-10-01,P02,Monthly,,Active
S-C04736,C04736,2024-06-01,P04,Monthly,,Active
S-C04737,C04737,2023-03-01,P03,Monthly,2024-08-01,Churned
S-C04738,C04738,2024-04-01,P03,Monthly,,Active
S-C04739,C04739,2024-03-01,P01,Monthly,,Active
S-C04740,C04740,2024-10-01,P02,Monthly,,Active
S-C04741,C04741,2023-11-01,P01,Monthly,,Active
S-C04742,C04742,2024-07-01,P03,Annual,,Active
S-C04743,C04743,2024-06-01,P04,Monthly,2024-11-01,Churned
S-C04744,C04744,2024-02-01,P03,Monthly,,Active
S-C04745,C04745,2025-05-01,P02,Monthly,,Active
S-C04746,C04746,2024-01-01,P01,Annual,,Active
S-C04747,C04747,2025-08-01,P04,Annual,,Active
S-C04748,C04748,2023-11-01,P01,Monthly,2026-06-01,Churned
S-C04749,C04749,2025-12-01,P01,Monthly,,Active
S-C04750,C04750,2024-03-01,P02,Monthly,,Active
S-C04751,C04751,2023-02-01,P03,Monthly,,Active
S-C04752,C04752,2023-07-01,P01,Monthly,,Active
S-C04753,C04753,2025-10-01,P02,Monthly,,Active
S-C04754,C04754,2025-12-01,P01,Monthly,,Active
S-C04755,C04755,2023-09-01,P01,Monthly,,Active
S-C04756,C04756,2025-01-01,P02,Monthly,,Active
S-C04757,C04757,2024-12-01,P02,Monthly,,Active
S-C04758,C04758,2023-06-01,P03,Monthly,,Active
S-C04759,C04759,2024-07-01,P02,Monthly,,Active
S-C04760,C04760,2025-05-01,P01,Monthly,,Active
S-C04761,C04761,2026-04-01,P03,Monthly,,Active
S-C04762,C04762,2025-11-01,P01,Monthly,,Active
S-C04763,C04763,2023-05-01,P01,Monthly,,Active
S-C04764,C04764,2023-10-01,P01,Annual,,Active
S-C04765,C04765,2024-06-01,P01,Annual,2025-10-01,Churned
S-C04766,C04766,2023-07-01,P03,Annual,2024-05-01,Churned
S-C04767,C04767,2024-12-01,P01,Monthly,,Active
S-C04768,C04768,2023-01-01,P01,Annual,,Active
S-C04769,C04769,2023-05-01,P01,Annual,2024-07-01,Churned
S-C04770,C04770,2023-02-01,P02,Monthly,,Active
S-C04771,C04771,2024-01-01,P02,Monthly,2025-10-01,Churned
S-C04772,C04772,2025-08-01,P02,Annual,,Active
S-C04773,C04773,2023-08-01,P03,Monthly,,Active
S-C04774,C04774,2026-05-01,P01,Annual,,Active
S-C04775,C04775,2023-12-01,P03,Monthly,,Active
S-C04776,C04776,2023-02-01,P02,Monthly,,Active
S-C04777,C04777,2024-02-01,P03,Monthly,,Active
S-C04778,C04778,2025-07-01,P02,Monthly,,Active
S-C04779,C04779,2023-05-01,P02,Monthly,2025-12-01,Churned
S-C04780,C04780,2023-03-01,P03,Annual,,Active
S-C04781,C04781,2025-11-01,P01,Monthly,,Active
S-C04782,C04782,2025-01-01,P02,Monthly,,Active
S-C04783,C04783,2024-03-01,P02,Monthly,,Active
S-C04784,C04784,2025-08-01,P01,Monthly,,Active
S-C04785,C04785,2025-11-01,P01,Annual,,Active
S-C04786,C04786,2024-03-01,P02,Monthly,,Active
S-C04787,C04787,2024-12-01,P04,Monthly,,Active
S-C04788,C04788,2023-01-01,P01,Monthly,2023-11-01,Churned
S-C04789,C04789,2024-01-01,P03,Monthly,,Active
S-C04790,C04790,2025-01-01,P02,Monthly,,Active
S-C04791,C04791,2023-09-01,P01,Monthly,,Active
S-C04792,C04792,2026-05-01,P01,Monthly,2026-08-01,Churned
S-C04793,C04793,2026-04-01,P01,Monthly,,Active
S-C04794,C04794,2023-11-01,P01,Monthly,,Active
S-C04795,C04795,2024-05-01,P03,Monthly,,Active
S-C04796,C04796,2023-08-01,P01,Monthly,2024-02-01,Churned
S-C04797,C04797,2024-09-01,P01,Monthly,2025-05-01,Churned
S-C04798,C04798,2023-06-01,P03,Monthly,2026-01-01,Churned
S-C04799,C04799,2024-05-01,P02,Monthly,2026-05-01,Churned
S-C04800,C04800,2024-11-01,P04,Annual,,Active
S-C04801,C04801,2025-02-01,P02,Monthly,2026-05-01,Churned
S-C04802,C04802,2025-01-01,P02,Monthly,,Active
S-C04803,C04803,2023-10-01,P03,Monthly,2024-07-01,Churned
S-C04804,C04804,2025-09-01,P02,Monthly,,Active
S-C04805,C04805,2025-05-01,P02,Monthly,2025-10-01,Churned
S-C04806,C04806,2025-07-01,P01,Monthly,,Active
S-C04807,C04807,2024-08-01,P01,Monthly,,Active
S-C04808,C04808,2026-01-01,P01,Monthly,,Active
S-C04809,C04809,2024-05-01,P01,Monthly,,Active
S-C04810,C04810,2025-10-01,P01,Monthly,,Active
S-C04811,C04811,2023-09-01,P03,Monthly,2025-10-01,Churned
S-C04812,C04812,2023-11-01,P02,Monthly,,Active
S-C04813,C04813,2024-10-01,P01,Monthly,,Active
S-C04814,C04814,2024-11-01,P02,Monthly,,Active
S-C04815,C04815,2025-07-01,P02,Annual,,Active
S-C04816,C04816,2024-01-01,P03,Monthly,2026-04-01,Churned
S-C04817,C04817,2025-12-01,P03,Monthly,,Active
S-C04818,C04818,2024-02-01,P01,Monthly,,Active
S-C04819,C04819,2024-10-01,P01,Monthly,,Active
S-C04820,C04820,2026-03-01,P03,Monthly,,Active
S-C04821,C04821,2024-11-01,P02,Monthly,,Active
S-C04822,C04822,2025-05-01,P01,Monthly,2026-06-01,Churned
S-C04823,C04823,2026-02-01,P01,Monthly,,Active
S-C04824,C04824,2026-05-01,P02,Monthly,,Active
S-C04825,C04825,2024-09-01,P01,Annual,2025-06-01,Churned
S-C04826,C04826,2024-06-01,P01,Monthly,,Active
S-C04827,C04827,2023-09-01,P02,Annual,,Active
S-C04828,C04828,2024-11-01,P01,Monthly,,Active
S-C04829,C04829,2026-02-01,P03,Monthly,,Active
S-C04830,C04830,2024-08-01,P01,Monthly,,Active
S-C04831,C04831,2024-03-01,P04,Monthly,,Active
S-C04832,C04832,2023-05-01,P02,Annual,2023-09-01,Churned
S-C04833,C04833,2024-05-01,P03,Monthly,,Active
S-C04834,C04834,2023-10-01,P02,Annual,,Active
S-C04835,C04835,2026-05-01,P01,Monthly,,Active
S-C04836,C04836,2024-10-01,P01,Annual,2025-04-01,Churned
S-C04837,C04837,2023-06-01,P02,Monthly,,Active
S-C04838,C04838,2023-03-01,P01,Monthly,,Active
S-C04839,C04839,2025-11-01,P02,Monthly,,Active
S-C04840,C04840,2026-03-01,P02,Monthly,,Active
S-C04841,C04841,2025-08-01,P01,Annual,,Active
S-C04842,C04842,2023-06-01,P01,Annual,,Active
S-C04843,C04843,2023-05-01,P03,Monthly,2023-10-01,Churned
S-C04844,C04844,2023-09-01,P02,Monthly,,Active
S-C04845,C04845,2025-07-01,P02,Monthly,,Active
S-C04846,C04846,2025-08-01,P01,Monthly,2026-06-01,Churned
S-C04847,C04847,2025-11-01,P02,Monthly,2026-03-01,Churned
S-C04848,C04848,2023-05-01,P04,Monthly,,Active
S-C04849,C04849,2023-07-01,P01,Monthly,2023-11-01,Churned
S-C04850,C04850,2026-01-01,P01,Monthly,,Active
S-C04851,C04851,2026-03-01,P01,Annual,,Active
S-C04852,C04852,2025-06-01,P01,Annual,,Active
S-C04853,C04853,2023-05-01,P02,Monthly,2024-07-01,Churned
S-C04854,C04854,2023-03-01,P02,Monthly,,Active
S-C04855,C04855,2023-03-01,P03,Annual,,Active
S-C04856,C04856,2025-05-01,P03,Annual,2026-06-01,Churned
S-C04857,C04857,2025-11-01,P01,Monthly,2026-05-01,Churned
S-C04858,C04858,2025-02-01,P02,Monthly,,Active
S-C04859,C04859,2023-11-01,P01,Monthly,,Active
S-C04860,C04860,2025-08-01,P02,Annual,2026-02-01,Churned
S-C04861,C04861,2023-03-01,P03,Monthly,,Active
S-C04862,C04862,2025-10-01,P01,Monthly,2026-07-01,Churned
S-C04863,C04863,2026-01-01,P01,Monthly,,Active
S-C04864,C04864,2025-06-01,P03,Monthly,,Active
S-C04865,C04865,2026-01-01,P02,Annual,,Active
S-C04866,C04866,2025-01-01,P02,Annual,,Active
S-C04867,C04867,2024-08-01,P02,Annual,2025-04-01,Churned
S-C04868,C04868,2024-02-01,P04,Monthly,,Active
S-C04869,C04869,2026-02-01,P02,Monthly,,Active
S-C04870,C04870,2025-05-01,P02,Monthly,2026-03-01,Churned
S-C04871,C04871,2023-08-01,P02,Annual,2026-08-01,Churned
S-C04872,C04872,2026-04-01,P02,Annual,,Active
S-C04873,C04873,2023-03-01,P01,Monthly,2024-06-01,Churned
S-C04874,C04874,2025-01-01,P01,Annual,,Active
S-C04875,C04875,2023-08-01,P01,Monthly,2023-12-01,Churned
S-C04876,C04876,2025-04-01,P01,Monthly,,Active
S-C04877,C04877,2024-05-01,P02,Monthly,2025-01-01,Churned
S-C04878,C04878,2024-06-01,P04,Monthly,2025-07-01,Churned
S-C04879,C04879,2025-04-01,P01,Monthly,2026-01-01,Churned
S-C04880,C04880,2025-08-01,P01,Monthly,,Active
S-C04881,C04881,2024-04-01,P03,Monthly,,Active
S-C04882,C04882,2026-05-01,P02,Monthly,,Active
S-C04883,C04883,2024-09-01,P01,Monthly,,Active
S-C04884,C04884,2023-07-01,P02,Annual,,Active
S-C04885,C04885,2023-01-01,P01,Monthly,2026-03-01,Churned
S-C04886,C04886,2023-09-01,P02,Annual,2023-12-01,Churned
S-C04887,C04887,2025-05-01,P01,Monthly,,Active
S-C04888,C04888,2024-11-01,P03,Monthly,,Active
S-C04889,C04889,2024-02-01,P02,Monthly,2026-04-01,Churned
S-C04890,C04890,2024-08-01,P04,Monthly,2026-04-01,Churned
S-C04891,C04891,2025-11-01,P02,Monthly,,Active
S-C04892,C04892,2024-12-01,P02,Monthly,,Active
S-C04893,C04893,2023-03-01,P03,Annual,,Active
S-C04894,C04894,2023-03-01,P02,Monthly,,Active
S-C04895,C04895,2024-08-01,P03,Monthly,,Active
S-C04896,C04896,2024-05-01,P01,Monthly,2025-12-01,Churned
S-C04897,C04897,2025-11-01,P04,Annual,,Active
S-C04898,C04898,2024-12-01,P03,Monthly,,Active
S-C04899,C04899,2025-08-01,P03,Annual,,Active
S-C04900,C04900,2024-12-01,P01,Annual,,Active
S-C04901,C04901,2024-03-01,P01,Monthly,,Active
S-C04902,C04902,2025-03-01,P02,Monthly,,Active
S-C04903,C04903,2025-02-01,P04,Annual,2025-11-01,Churned
S-C04904,C04904,2025-06-01,P03,Annual,2025-12-01,Churned
S-C04905,C04905,2023-08-01,P01,Annual,,Active
S-C04906,C04906,2025-03-01,P01,Annual,,Active
S-C04907,C04907,2023-12-01,P02,Annual,2026-02-01,Churned
S-C04908,C04908,2025-09-01,P02,Monthly,,Active
S-C04909,C04909,2025-09-01,P01,Monthly,,Active
S-C04910,C04910,2025-02-01,P01,Annual,2025-10-01,Churned
S-C04911,C04911,2026-03-01,P04,Annual,,Active
S-C04912,C04912,2024-11-01,P02,Monthly,,Active
S-C04913,C04913,2023-02-01,P02,Monthly,2025-06-01,Churned
S-C04914,C04914,2025-01-01,P01,Monthly,,Active
S-C04915,C04915,2025-08-01,P02,Monthly,,Active
S-C04916,C04916,2023-05-01,P01,Monthly,,Active
S-C04917,C04917,2023-05-01,P01,Monthly,2025-06-01,Churned
S-C04918,C04918,2023-12-01,P01,Monthly,,Active
S-C04919,C04919,2025-11-01,P02,Monthly,,Active
S-C04920,C04920,2024-10-01,P01,Monthly,,Active
S-C04921,C04921,2026-05-01,P03,Annual,,Active
S-C04922,C04922,2025-12-01,P02,Monthly,,Active
S-C04923,C04923,2024-11-01,P01,Monthly,2025-07-01,Churned
S-C04924,C04924,2025-04-01,P03,Monthly,,Active
S-C04925,C04925,2024-02-01,P02,Annual,2025-01-01,Churned
S-C04926,C04926,2023-04-01,P01,Monthly,2024-03-01,Churned
S-C04927,C04927,2024-05-01,P02,Monthly,,Active
S-C04928,C04928,2025-01-01,P02,Annual,,Active
S-C04929,C04929,2023-08-01,P02,Monthly,,Active
S-C04930,C04930,2023-10-01,P01,Monthly,,Active
S-C04931,C04931,2023-01-01,P02,Monthly,,Active
S-C04932,C04932,2025-07-01,P01,Monthly,,Active
S-C04933,C04933,2026-01-01,P03,Annual,,Active
S-C04934,C04934,2025-10-01,P03,Monthly,,Active
S-C04935,C04935,2024-04-01,P02,Monthly,,Active
S-C04936,C04936,2025-01-01,P01,Annual,,Active
S-C04937,C04937,2026-04-01,P01,Monthly,,Active
S-C04938,C04938,2025-01-01,P01,Monthly,2026-08-01,Churned
S-C04939,C04939,2024-01-01,P01,Monthly,,Active
S-C04940,C04940,2024-02-01,P01,Monthly,,Active
S-C04941,C04941,2025-06-01,P01,Monthly,,Active
S-C04942,C04942,2024-07-01,P02,Monthly,,Active
S-C04943,C04943,2025-11-01,P01,Monthly,,Active
S-C04944,C04944,2025-12-01,P03,Monthly,,Active
S-C04945,C04945,2023-02-01,P03,Monthly,,Active
S-C04946,C04946,2025-06-01,P02,Monthly,,Active
S-C04947,C04947,2024-04-01,P01,Monthly,2024-08-01,Churned
S-C04948,C04948,2024-10-01,P01,Monthly,,Active
S-C04949,C04949,2023-11-01,P01,Monthly,2025-12-01,Churned
S-C04950,C04950,2024-04-01,P01,Monthly,,Active
S-C04951,C04951,2024-02-01,P02,Monthly,,Active
S-C04952,C04952,2023-03-01,P04,Monthly,2024-02-01,Churned
S-C04953,C04953,2025-09-01,P02,Monthly,2026-05-01,Churned
S-C04954,C04954,2023-06-01,P01,Annual,,Active
S-C04955,C04955,2024-04-01,P02,Monthly,2025-04-01,Churned
S-C04956,C04956,2023-08-01,P02,Monthly,2024-06-01,Churned
S-C04957,C04957,2023-07-01,P01,Annual,,Active
S-C04958,C04958,2024-04-01,P02,Monthly,2024-10-01,Churned
S-C04959,C04959,2026-02-01,P02,Annual,2026-08-01,Churned
S-C04960,C04960,2026-03-01,P03,Monthly,,Active
S-C04961,C04961,2024-04-01,P01,Monthly,2025-06-01,Churned
S-C04962,C04962,2024-09-01,P02,Monthly,,Active
S-C04963,C04963,2026-05-01,P04,Monthly,,Active
S-C04964,C04964,2023-10-01,P01,Monthly,2024-05-01,Churned
S-C04965,C04965,2026-03-01,P02,Annual,,Active
S-C04966,C04966,2023-05-01,P02,Monthly,,Active
S-C04967,C04967,2023-10-01,P01,Monthly,,Active
S-C04968,C04968,2024-02-01,P01,Monthly,2025-04-01,Churned
S-C04969,C04969,2023-02-01,P02,Annual,2026-04-01,Churned
S-C04970,C04970,2025-10-01,P01,Annual,,Active
S-C04971,C04971,2025-12-01,P01,Annual,,Active
S-C04972,C04972,2024-04-01,P04,Monthly,2024-07-01,Churned
S-C04973,C04973,2025-11-01,P02,Annual,,Active
S-C04974,C04974,2025-08-01,P02,Annual,,Active
S-C04975,C04975,2025-09-01,P01,Monthly,,Active
S-C04976,C04976,2025-09-01,P01,Monthly,,Active
S-C04977,C04977,2024-12-01,P01,Annual,,Active
S-C04978,C04978,2023-05-01,P03,Monthly,,Active
S-C04979,C04979,2026-02-01,P01,Annual,,Active
S-C04980,C04980,2025-01-01,P03,Monthly,,Active
S-C04981,C04981,2026-01-01,P01,Monthly,,Active
S-C04982,C04982,2026-04-01,P01,Monthly,,Active
S-C04983,C04983,2023-08-01,P03,Annual,,Active
S-C04984,C04984,2024-05-01,P02,Annual,,Active
S-C04985,C04985,2023-08-01,P02,Monthly,2024-02-01,Churned
S-C04986,C04986,2023-03-01,P03,Monthly,2023-06-01,Churned
S-C04987,C04987,2026-04-01,P01,Monthly,,Active
S-C04988,C04988,2026-02-01,P01,Monthly,,Active
S-C04989,C04989,2026-03-01,P03,Monthly,,Active
S-C04990,C04990,2026-01-01,P04,Monthly,,Active
S-C04991,C04991,2025-03-01,P02,Annual,,Active
S-C04992,C04992,2024-10-01,P01,Monthly,,Active
S-C04993,C04993,2026-05-01,P01,Monthly,,Active
S-C04994,C04994,2024-11-01,P03,Monthly,,Active
S-C04995,C04995,2025-03-01,P03,Monthly,,Active
S-C04996,C04996,2023-09-01,P02,Monthly,2024-10-01,Churned
S-C04997,C04997,2025-07-01,P03,Monthly,,Active
S-C04998,C04998,2025-10-01,P01,Monthly,2026-01-01,Churned
S-C04999,C04999,2025-04-01,P01,Monthly,2025-11-01,Churned
S-C05000,C05000,2024-09-01,P03,Monthly,,Active
